"family","case","xi","scale","shape","x","p","n","quantity","value","absolute_tolerance","relative_tolerance","estimated_absolute_error","oracle","status"
"Exponential","R-standardized-evaluation","0","1","0","0","NaN","NaN","LogPDF","-0","1.9999999999999999e-11","1.9999999999999999e-11","0","R-stats","finite"
"Exponential","R-standardized-evaluation","0","1","0","0","NaN","NaN","LogCDF","-Inf","0","1.9999999999999999e-11","0","R-stats","infinite"
"Exponential","R-standardized-evaluation","0","1","0","0","NaN","NaN","LogCCDF","0","0","1.9999999999999999e-11","0","R-stats","finite"
"Exponential","R-standardized-evaluation","0","1","0","9.9999999999999995e-21","NaN","NaN","LogPDF","-9.9999999999999995e-21","1.9999999999999999e-11","1.9999999999999999e-11","0","R-stats","finite"
"Exponential","R-standardized-evaluation","0","1","0","9.9999999999999995e-21","NaN","NaN","LogCDF","-46.051701859880914","0","1.9999999999999999e-11","0","R-stats","finite"
"Exponential","R-standardized-evaluation","0","1","0","9.9999999999999995e-21","NaN","NaN","LogCCDF","-9.9999999999999995e-21","0","1.9999999999999999e-11","0","R-stats","finite"
"Exponential","R-standardized-evaluation","0","1","0","0.10000000000000001","NaN","NaN","LogPDF","-0.10000000000000001","1.9999999999999999e-11","1.9999999999999999e-11","0","R-stats","finite"
"Exponential","R-standardized-evaluation","0","1","0","0.10000000000000001","NaN","NaN","LogCDF","-2.3521684610440907","0","1.9999999999999999e-11","0","R-stats","finite"
"Exponential","R-standardized-evaluation","0","1","0","0.10000000000000001","NaN","NaN","LogCCDF","-0.10000000000000001","0","1.9999999999999999e-11","0","R-stats","finite"
"Exponential","R-standardized-evaluation","0","1","0","1","NaN","NaN","LogPDF","-1","1.9999999999999999e-11","1.9999999999999999e-11","0","R-stats","finite"
"Exponential","R-standardized-evaluation","0","1","0","1","NaN","NaN","LogCDF","-0.45867514538708193","0","1.9999999999999999e-11","0","R-stats","finite"
"Exponential","R-standardized-evaluation","0","1","0","1","NaN","NaN","LogCCDF","-1","0","1.9999999999999999e-11","0","R-stats","finite"
"Exponential","R-standardized-evaluation","0","1","0","10","NaN","NaN","LogPDF","-10","1.9999999999999999e-11","1.9999999999999999e-11","0","R-stats","finite"
"Exponential","R-standardized-evaluation","0","1","0","10","NaN","NaN","LogCDF","-4.5400960370489214e-05","0","1.9999999999999999e-11","0","R-stats","finite"
"Exponential","R-standardized-evaluation","0","1","0","10","NaN","NaN","LogCCDF","-10","0","1.9999999999999999e-11","0","R-stats","finite"
"Exponential","R-standardized-evaluation","0","1","0","1000","NaN","NaN","LogPDF","-1000","1.9999999999999999e-11","1.9999999999999999e-11","0","R-stats","finite"
"Exponential","R-standardized-evaluation","0","1","0","1000","NaN","NaN","LogCDF","-0","0","1.9999999999999999e-11","0","R-stats","finite"
"Exponential","R-standardized-evaluation","0","1","0","1000","NaN","NaN","LogCCDF","-1000","0","1.9999999999999999e-11","0","R-stats","finite"
"Exponential","R-standardized-evaluation","0","9.9999999999999998e-201","0","0","NaN","NaN","LogPDF","460.51701859880916","1.9999999999999999e-11","1.9999999999999999e-11","0","R-stats","finite"
"Exponential","R-standardized-evaluation","0","9.9999999999999998e-201","0","0","NaN","NaN","LogCDF","-Inf","0","1.9999999999999999e-11","0","R-stats","infinite"
"Exponential","R-standardized-evaluation","0","9.9999999999999998e-201","0","0","NaN","NaN","LogCCDF","0","0","1.9999999999999999e-11","0","R-stats","finite"
"Exponential","R-standardized-evaluation","0","9.9999999999999998e-201","0","9.9999999999999999e-221","NaN","NaN","LogPDF","460.51701859880916","1.9999999999999999e-11","1.9999999999999999e-11","0","R-stats","finite"
"Exponential","R-standardized-evaluation","0","9.9999999999999998e-201","0","9.9999999999999999e-221","NaN","NaN","LogCDF","-46.051701859880914","0","1.9999999999999999e-11","0","R-stats","finite"
"Exponential","R-standardized-evaluation","0","9.9999999999999998e-201","0","9.9999999999999999e-221","NaN","NaN","LogCCDF","-9.9999999999999995e-21","0","1.9999999999999999e-11","0","R-stats","finite"
"Exponential","R-standardized-evaluation","0","9.9999999999999998e-201","0","1.0000000000000001e-201","NaN","NaN","LogPDF","460.41701859880914","1.9999999999999999e-11","1.9999999999999999e-11","0","R-stats","finite"
"Exponential","R-standardized-evaluation","0","9.9999999999999998e-201","0","1.0000000000000001e-201","NaN","NaN","LogCDF","-2.3521684610440907","0","1.9999999999999999e-11","0","R-stats","finite"
"Exponential","R-standardized-evaluation","0","9.9999999999999998e-201","0","1.0000000000000001e-201","NaN","NaN","LogCCDF","-0.10000000000000001","0","1.9999999999999999e-11","0","R-stats","finite"
"Exponential","R-standardized-evaluation","0","9.9999999999999998e-201","0","9.9999999999999998e-201","NaN","NaN","LogPDF","459.51701859880916","1.9999999999999999e-11","1.9999999999999999e-11","0","R-stats","finite"
"Exponential","R-standardized-evaluation","0","9.9999999999999998e-201","0","9.9999999999999998e-201","NaN","NaN","LogCDF","-0.45867514538708193","0","1.9999999999999999e-11","0","R-stats","finite"
"Exponential","R-standardized-evaluation","0","9.9999999999999998e-201","0","9.9999999999999998e-201","NaN","NaN","LogCCDF","-1","0","1.9999999999999999e-11","0","R-stats","finite"
"Exponential","R-standardized-evaluation","0","9.9999999999999998e-201","0","9.9999999999999998e-200","NaN","NaN","LogPDF","450.51701859880916","1.9999999999999999e-11","1.9999999999999999e-11","0","R-stats","finite"
"Exponential","R-standardized-evaluation","0","9.9999999999999998e-201","0","9.9999999999999998e-200","NaN","NaN","LogCDF","-4.5400960370489214e-05","0","1.9999999999999999e-11","0","R-stats","finite"
"Exponential","R-standardized-evaluation","0","9.9999999999999998e-201","0","9.9999999999999998e-200","NaN","NaN","LogCCDF","-10","0","1.9999999999999999e-11","0","R-stats","finite"
"Exponential","R-standardized-evaluation","0","9.9999999999999998e-201","0","9.9999999999999999e-198","NaN","NaN","LogPDF","-539.48298140119084","1.9999999999999999e-11","1.9999999999999999e-11","0","R-stats","finite"
"Exponential","R-standardized-evaluation","0","9.9999999999999998e-201","0","9.9999999999999999e-198","NaN","NaN","LogCDF","-0","0","1.9999999999999999e-11","0","R-stats","finite"
"Exponential","R-standardized-evaluation","0","9.9999999999999998e-201","0","9.9999999999999999e-198","NaN","NaN","LogCCDF","-1000","0","1.9999999999999999e-11","0","R-stats","finite"
"Exponential","R-standardized-evaluation","0","9.9999999999999997e+199","0","0","NaN","NaN","LogPDF","-460.51701859880916","1.9999999999999999e-11","1.9999999999999999e-11","0","R-stats","finite"
"Exponential","R-standardized-evaluation","0","9.9999999999999997e+199","0","0","NaN","NaN","LogCDF","-Inf","0","1.9999999999999999e-11","0","R-stats","infinite"
"Exponential","R-standardized-evaluation","0","9.9999999999999997e+199","0","0","NaN","NaN","LogCCDF","0","0","1.9999999999999999e-11","0","R-stats","finite"
"Exponential","R-standardized-evaluation","0","9.9999999999999997e+199","0","9.9999999999999989e+179","NaN","NaN","LogPDF","-460.51701859880916","1.9999999999999999e-11","1.9999999999999999e-11","0","R-stats","finite"
"Exponential","R-standardized-evaluation","0","9.9999999999999997e+199","0","9.9999999999999989e+179","NaN","NaN","LogCDF","-46.051701859880914","0","1.9999999999999999e-11","0","R-stats","finite"
"Exponential","R-standardized-evaluation","0","9.9999999999999997e+199","0","9.9999999999999989e+179","NaN","NaN","LogCCDF","-9.9999999999999995e-21","0","1.9999999999999999e-11","0","R-stats","finite"
"Exponential","R-standardized-evaluation","0","9.9999999999999997e+199","0","1.0000000000000001e+199","NaN","NaN","LogPDF","-460.61701859880918","1.9999999999999999e-11","1.9999999999999999e-11","0","R-stats","finite"
"Exponential","R-standardized-evaluation","0","9.9999999999999997e+199","0","1.0000000000000001e+199","NaN","NaN","LogCDF","-2.3521684610440907","0","1.9999999999999999e-11","0","R-stats","finite"
"Exponential","R-standardized-evaluation","0","9.9999999999999997e+199","0","1.0000000000000001e+199","NaN","NaN","LogCCDF","-0.10000000000000001","0","1.9999999999999999e-11","0","R-stats","finite"
"Exponential","R-standardized-evaluation","0","9.9999999999999997e+199","0","9.9999999999999997e+199","NaN","NaN","LogPDF","-461.51701859880916","1.9999999999999999e-11","1.9999999999999999e-11","0","R-stats","finite"
"Exponential","R-standardized-evaluation","0","9.9999999999999997e+199","0","9.9999999999999997e+199","NaN","NaN","LogCDF","-0.45867514538708193","0","1.9999999999999999e-11","0","R-stats","finite"
"Exponential","R-standardized-evaluation","0","9.9999999999999997e+199","0","9.9999999999999997e+199","NaN","NaN","LogCCDF","-1","0","1.9999999999999999e-11","0","R-stats","finite"
"Exponential","R-standardized-evaluation","0","9.9999999999999997e+199","0","9.999999999999999e+200","NaN","NaN","LogPDF","-470.51701859880916","1.9999999999999999e-11","1.9999999999999999e-11","0","R-stats","finite"
"Exponential","R-standardized-evaluation","0","9.9999999999999997e+199","0","9.999999999999999e+200","NaN","NaN","LogCDF","-4.5400960370489214e-05","0","1.9999999999999999e-11","0","R-stats","finite"
"Exponential","R-standardized-evaluation","0","9.9999999999999997e+199","0","9.999999999999999e+200","NaN","NaN","LogCCDF","-10","0","1.9999999999999999e-11","0","R-stats","finite"
"Exponential","R-standardized-evaluation","0","9.9999999999999997e+199","0","0.99999999999999999e+203","NaN","NaN","LogPDF","-1460.517018598809","1.9999999999999999e-11","1.9999999999999999e-11","0","R-stats","finite"
"Exponential","R-standardized-evaluation","0","9.9999999999999997e+199","0","0.99999999999999999e+203","NaN","NaN","LogCDF","-0","0","1.9999999999999999e-11","0","R-stats","finite"
"Exponential","R-standardized-evaluation","0","9.9999999999999997e+199","0","0.99999999999999999e+203","NaN","NaN","LogCCDF","-1000","0","1.9999999999999999e-11","0","R-stats","finite"
"Gamma","R-standardized-evaluation","0","1","0.001","0","NaN","NaN","LogPDF","Inf","1.9999999999999999e-11","1.9999999999999999e-11","0","R-stats","infinite"
"Gamma","R-standardized-evaluation","0","1","0.001","0","NaN","NaN","LogCDF","-Inf","0","1.9999999999999999e-11","0","R-stats","infinite"
"Gamma","R-standardized-evaluation","0","1","0.001","0","NaN","NaN","LogCCDF","0","0","1.9999999999999999e-11","0","R-stats","finite"
"Gamma","R-standardized-evaluation","0","1","0.001","1e-10","NaN","NaN","LogPDF","16.095646193526662","1.9999999999999999e-11","1.9999999999999999e-11","0","R-stats","finite"
"Gamma","R-standardized-evaluation","0","1","0.001","1e-10","NaN","NaN","LogCDF","-0.022449457331756989","0","1.9999999999999999e-11","0","R-stats","finite"
"Gamma","R-standardized-evaluation","0","1","0.001","1e-10","NaN","NaN","LogCCDF","-3.8076925670559727","0","1.9999999999999999e-11","0","R-stats","finite"
"Gamma","R-standardized-evaluation","0","1","0.001","0.10000000000000001","NaN","NaN","LogPDF","-4.706896377482801","1.9999999999999999e-11","1.9999999999999999e-11","0","R-stats","finite"
"Gamma","R-standardized-evaluation","0","1","0.001","0.10000000000000001","NaN","NaN","LogCDF","-0.001823652105188687","0","1.9999999999999999e-11","0","R-stats","finite"
"Gamma","R-standardized-evaluation","0","1","0.001","0.10000000000000001","NaN","NaN","LogCCDF","-6.3078258248075425","0","1.9999999999999999e-11","0","R-stats","finite"
"Gamma","R-standardized-evaluation","0","1","0.001","1","NaN","NaN","LogPDF","-7.9071788853838534","1.9999999999999999e-11","1.9999999999999999e-11","0","R-stats","finite"
"Gamma","R-standardized-evaluation","0","1","0.001","1","NaN","NaN","LogCDF","-0.0002196324750319099","0","1.9999999999999999e-11","0","R-stats","finite"
"Gamma","R-standardized-evaluation","0","1","0.001","1","NaN","NaN","LogCCDF","-8.4236647908310722","0","1.9999999999999999e-11","0","R-stats","finite"
"Gamma","R-standardized-evaluation","0","1","0.001","1000","NaN","NaN","LogPDF","-1013.808026409087","1.9999999999999999e-11","1.9999999999999999e-11","0","R-stats","finite"
"Gamma","R-standardized-evaluation","0","1","0.001","1000","NaN","NaN","LogCDF","-0","0","1.9999999999999999e-11","0","R-stats","finite"
"Gamma","R-standardized-evaluation","0","1","0.001","1000","NaN","NaN","LogCCDF","-1013.8090239153952","0","1.9999999999999999e-11","0","R-stats","finite"
"Gamma","R-standardized-evaluation","0","9.9999999999999998e-201","0.001","0","NaN","NaN","LogPDF","Inf","1.9999999999999999e-11","1.9999999999999999e-11","0","R-stats","infinite"
"Gamma","R-standardized-evaluation","0","9.9999999999999998e-201","0.001","0","NaN","NaN","LogCDF","-Inf","0","1.9999999999999999e-11","0","R-stats","infinite"
"Gamma","R-standardized-evaluation","0","9.9999999999999998e-201","0.001","0","NaN","NaN","LogCCDF","0","0","1.9999999999999999e-11","0","R-stats","finite"
"Gamma","R-standardized-evaluation","0","9.9999999999999998e-201","0.001","1e-210","NaN","NaN","LogPDF","476.61266479233581","1.9999999999999999e-11","1.9999999999999999e-11","0","R-stats","finite"
"Gamma","R-standardized-evaluation","0","9.9999999999999998e-201","0.001","1e-210","NaN","NaN","LogCDF","-0.022449457331756989","0","1.9999999999999999e-11","0","R-stats","finite"
"Gamma","R-standardized-evaluation","0","9.9999999999999998e-201","0.001","1e-210","NaN","NaN","LogCCDF","-3.8076925670559727","0","1.9999999999999999e-11","0","R-stats","finite"
"Gamma","R-standardized-evaluation","0","9.9999999999999998e-201","0.001","1.0000000000000001e-201","NaN","NaN","LogPDF","455.81012222132637","1.9999999999999999e-11","1.9999999999999999e-11","0","R-stats","finite"
"Gamma","R-standardized-evaluation","0","9.9999999999999998e-201","0.001","1.0000000000000001e-201","NaN","NaN","LogCDF","-0.001823652105188687","0","1.9999999999999999e-11","0","R-stats","finite"
"Gamma","R-standardized-evaluation","0","9.9999999999999998e-201","0.001","1.0000000000000001e-201","NaN","NaN","LogCCDF","-6.3078258248075425","0","1.9999999999999999e-11","0","R-stats","finite"
"Gamma","R-standardized-evaluation","0","9.9999999999999998e-201","0.001","9.9999999999999998e-201","NaN","NaN","LogPDF","452.60983971342529","1.9999999999999999e-11","1.9999999999999999e-11","0","R-stats","finite"
"Gamma","R-standardized-evaluation","0","9.9999999999999998e-201","0.001","9.9999999999999998e-201","NaN","NaN","LogCDF","-0.0002196324750319099","0","1.9999999999999999e-11","0","R-stats","finite"
"Gamma","R-standardized-evaluation","0","9.9999999999999998e-201","0.001","9.9999999999999998e-201","NaN","NaN","LogCCDF","-8.4236647908310722","0","1.9999999999999999e-11","0","R-stats","finite"
"Gamma","R-standardized-evaluation","0","9.9999999999999998e-201","0.001","9.9999999999999999e-198","NaN","NaN","LogPDF","-553.29100781027785","1.9999999999999999e-11","1.9999999999999999e-11","0","R-stats","finite"
"Gamma","R-standardized-evaluation","0","9.9999999999999998e-201","0.001","9.9999999999999999e-198","NaN","NaN","LogCDF","-0","0","1.9999999999999999e-11","0","R-stats","finite"
"Gamma","R-standardized-evaluation","0","9.9999999999999998e-201","0.001","9.9999999999999999e-198","NaN","NaN","LogCCDF","-1013.8090239153952","0","1.9999999999999999e-11","0","R-stats","finite"
"Gamma","R-standardized-evaluation","0","9.9999999999999997e+199","0.001","0","NaN","NaN","LogPDF","Inf","1.9999999999999999e-11","1.9999999999999999e-11","0","R-stats","infinite"
"Gamma","R-standardized-evaluation","0","9.9999999999999997e+199","0.001","0","NaN","NaN","LogCDF","-Inf","0","1.9999999999999999e-11","0","R-stats","infinite"
"Gamma","R-standardized-evaluation","0","9.9999999999999997e+199","0.001","0","NaN","NaN","LogCCDF","0","0","1.9999999999999999e-11","0","R-stats","finite"
"Gamma","R-standardized-evaluation","0","9.9999999999999997e+199","0.001","1.0000000000000001e+190","NaN","NaN","LogPDF","-444.42137240528251","1.9999999999999999e-11","1.9999999999999999e-11","0","R-stats","finite"
"Gamma","R-standardized-evaluation","0","9.9999999999999997e+199","0.001","1.0000000000000001e+190","NaN","NaN","LogCDF","-0.022449457331756989","0","1.9999999999999999e-11","0","R-stats","finite"
"Gamma","R-standardized-evaluation","0","9.9999999999999997e+199","0.001","1.0000000000000001e+190","NaN","NaN","LogCCDF","-3.8076925670559727","0","1.9999999999999999e-11","0","R-stats","finite"
"Gamma","R-standardized-evaluation","0","9.9999999999999997e+199","0.001","1.0000000000000001e+199","NaN","NaN","LogPDF","-465.22391497629195","1.9999999999999999e-11","1.9999999999999999e-11","0","R-stats","finite"
"Gamma","R-standardized-evaluation","0","9.9999999999999997e+199","0.001","1.0000000000000001e+199","NaN","NaN","LogCDF","-0.001823652105188687","0","1.9999999999999999e-11","0","R-stats","finite"
"Gamma","R-standardized-evaluation","0","9.9999999999999997e+199","0.001","1.0000000000000001e+199","NaN","NaN","LogCCDF","-6.3078258248075425","0","1.9999999999999999e-11","0","R-stats","finite"
"Gamma","R-standardized-evaluation","0","9.9999999999999997e+199","0.001","9.9999999999999997e+199","NaN","NaN","LogPDF","-468.42419748419303","1.9999999999999999e-11","1.9999999999999999e-11","0","R-stats","finite"
"Gamma","R-standardized-evaluation","0","9.9999999999999997e+199","0.001","9.9999999999999997e+199","NaN","NaN","LogCDF","-0.0002196324750319099","0","1.9999999999999999e-11","0","R-stats","finite"
"Gamma","R-standardized-evaluation","0","9.9999999999999997e+199","0.001","9.9999999999999997e+199","NaN","NaN","LogCCDF","-8.4236647908310722","0","1.9999999999999999e-11","0","R-stats","finite"
"Gamma","R-standardized-evaluation","0","9.9999999999999997e+199","0.001","0.99999999999999999e+203","NaN","NaN","LogPDF","-1474.3250450078963","1.9999999999999999e-11","1.9999999999999999e-11","0","R-stats","finite"
"Gamma","R-standardized-evaluation","0","9.9999999999999997e+199","0.001","0.99999999999999999e+203","NaN","NaN","LogCDF","-0","0","1.9999999999999999e-11","0","R-stats","finite"
"Gamma","R-standardized-evaluation","0","9.9999999999999997e+199","0.001","0.99999999999999999e+203","NaN","NaN","LogCCDF","-1013.8090239153952","0","1.9999999999999999e-11","0","R-stats","finite"
"Gamma","R-standardized-evaluation","0","1","0.01","0","NaN","NaN","LogPDF","Inf","1.9999999999999999e-11","1.9999999999999999e-11","0","R-stats","infinite"
"Gamma","R-standardized-evaluation","0","1","0.01","0","NaN","NaN","LogCDF","-Inf","0","1.9999999999999999e-11","0","R-stats","infinite"
"Gamma","R-standardized-evaluation","0","1","0.01","0","NaN","NaN","LogCCDF","0","0","1.9999999999999999e-11","0","R-stats","finite"
"Gamma","R-standardized-evaluation","0","1","0.01","1e-10","NaN","NaN","LogPDF","18.196112542499034","1.9999999999999999e-11","1.9999999999999999e-11","0","R-stats","finite"
"Gamma","R-standardized-evaluation","0","1","0.01","1e-10","NaN","NaN","LogCDF","-0.22456820135432504","0","1.9999999999999999e-11","0","R-stats","finite"
"Gamma","R-standardized-evaluation","0","1","0.01","1e-10","NaN","NaN","LogCCDF","-1.6037595222189915","0","1.9999999999999999e-11","0","R-stats","finite"
"Gamma","R-standardized-evaluation","0","1","0.01","0.10000000000000001","NaN","NaN","LogPDF","-2.4199206359779168","1.9999999999999999e-11","1.9999999999999999e-11","0","R-stats","finite"
"Gamma","R-standardized-evaluation","0","1","0.01","0.10000000000000001","NaN","NaN","LogCDF","-0.018301776508399554","0","1.9999999999999999e-11","0","R-stats","finite"
"Gamma","R-standardized-evaluation","0","1","0.01","0.10000000000000001","NaN","NaN","LogCCDF","-4.00989407871855","0","1.9999999999999999e-11","0","R-stats","finite"
"Gamma","R-standardized-evaluation","0","1","0.01","1","NaN","NaN","LogPDF","-5.599479878042021","1.9999999999999999e-11","1.9999999999999999e-11","0","R-stats","finite"
"Gamma","R-standardized-evaluation","0","1","0.01","1","NaN","NaN","LogCDF","-0.0022186941057126489","0","1.9999999999999999e-11","0","R-stats","finite"
"Gamma","R-standardized-evaluation","0","1","0.01","1","NaN","NaN","LogCCDF","-6.111945638793733","0","1.9999999999999999e-11","0","R-stats","finite"
"Gamma","R-standardized-evaluation","0","1","0.01","1000","NaN","NaN","LogPDF","-1011.4381576042343","1.9999999999999999e-11","1.9999999999999999e-11","0","R-stats","finite"
"Gamma","R-standardized-evaluation","0","1","0.01","1000","NaN","NaN","LogCDF","-0","0","1.9999999999999999e-11","0","R-stats","finite"
"Gamma","R-standardized-evaluation","0","1","0.01","1000","NaN","NaN","LogCCDF","-1011.4391461284306","0","1.9999999999999999e-11","0","R-stats","finite"
"Gamma","R-standardized-evaluation","0","9.9999999999999998e-201","0.01","0","NaN","NaN","LogPDF","Inf","1.9999999999999999e-11","1.9999999999999999e-11","0","R-stats","infinite"
"Gamma","R-standardized-evaluation","0","9.9999999999999998e-201","0.01","0","NaN","NaN","LogCDF","-Inf","0","1.9999999999999999e-11","0","R-stats","infinite"
"Gamma","R-standardized-evaluation","0","9.9999999999999998e-201","0.01","0","NaN","NaN","LogCCDF","0","0","1.9999999999999999e-11","0","R-stats","finite"
"Gamma","R-standardized-evaluation","0","9.9999999999999998e-201","0.01","1e-210","NaN","NaN","LogPDF","478.71313114130817","1.9999999999999999e-11","1.9999999999999999e-11","0","R-stats","finite"
"Gamma","R-standardized-evaluation","0","9.9999999999999998e-201","0.01","1e-210","NaN","NaN","LogCDF","-0.22456820135432504","0","1.9999999999999999e-11","0","R-stats","finite"
"Gamma","R-standardized-evaluation","0","9.9999999999999998e-201","0.01","1e-210","NaN","NaN","LogCCDF","-1.6037595222189915","0","1.9999999999999999e-11","0","R-stats","finite"
"Gamma","R-standardized-evaluation","0","9.9999999999999998e-201","0.01","1.0000000000000001e-201","NaN","NaN","LogPDF","458.09709796283124","1.9999999999999999e-11","1.9999999999999999e-11","0","R-stats","finite"
"Gamma","R-standardized-evaluation","0","9.9999999999999998e-201","0.01","1.0000000000000001e-201","NaN","NaN","LogCDF","-0.018301776508399554","0","1.9999999999999999e-11","0","R-stats","finite"
"Gamma","R-standardized-evaluation","0","9.9999999999999998e-201","0.01","1.0000000000000001e-201","NaN","NaN","LogCCDF","-4.00989407871855","0","1.9999999999999999e-11","0","R-stats","finite"
"Gamma","R-standardized-evaluation","0","9.9999999999999998e-201","0.01","9.9999999999999998e-201","NaN","NaN","LogPDF","454.91753872076714","1.9999999999999999e-11","1.9999999999999999e-11","0","R-stats","finite"
"Gamma","R-standardized-evaluation","0","9.9999999999999998e-201","0.01","9.9999999999999998e-201","NaN","NaN","LogCDF","-0.0022186941057126489","0","1.9999999999999999e-11","0","R-stats","finite"
"Gamma","R-standardized-evaluation","0","9.9999999999999998e-201","0.01","9.9999999999999998e-201","NaN","NaN","LogCCDF","-6.111945638793733","0","1.9999999999999999e-11","0","R-stats","finite"
"Gamma","R-standardized-evaluation","0","9.9999999999999998e-201","0.01","9.9999999999999999e-198","NaN","NaN","LogPDF","-550.92113900542518","1.9999999999999999e-11","1.9999999999999999e-11","0","R-stats","finite"
"Gamma","R-standardized-evaluation","0","9.9999999999999998e-201","0.01","9.9999999999999999e-198","NaN","NaN","LogCDF","-0","0","1.9999999999999999e-11","0","R-stats","finite"
"Gamma","R-standardized-evaluation","0","9.9999999999999998e-201","0.01","9.9999999999999999e-198","NaN","NaN","LogCCDF","-1011.4391461284306","0","1.9999999999999999e-11","0","R-stats","finite"
"Gamma","R-standardized-evaluation","0","9.9999999999999997e+199","0.01","0","NaN","NaN","LogPDF","Inf","1.9999999999999999e-11","1.9999999999999999e-11","0","R-stats","infinite"
"Gamma","R-standardized-evaluation","0","9.9999999999999997e+199","0.01","0","NaN","NaN","LogCDF","-Inf","0","1.9999999999999999e-11","0","R-stats","infinite"
"Gamma","R-standardized-evaluation","0","9.9999999999999997e+199","0.01","0","NaN","NaN","LogCCDF","0","0","1.9999999999999999e-11","0","R-stats","finite"
"Gamma","R-standardized-evaluation","0","9.9999999999999997e+199","0.01","1.0000000000000001e+190","NaN","NaN","LogPDF","-442.32090605631015","1.9999999999999999e-11","1.9999999999999999e-11","0","R-stats","finite"
"Gamma","R-standardized-evaluation","0","9.9999999999999997e+199","0.01","1.0000000000000001e+190","NaN","NaN","LogCDF","-0.22456820135432504","0","1.9999999999999999e-11","0","R-stats","finite"
"Gamma","R-standardized-evaluation","0","9.9999999999999997e+199","0.01","1.0000000000000001e+190","NaN","NaN","LogCCDF","-1.6037595222189915","0","1.9999999999999999e-11","0","R-stats","finite"
"Gamma","R-standardized-evaluation","0","9.9999999999999997e+199","0.01","1.0000000000000001e+199","NaN","NaN","LogPDF","-462.93693923478708","1.9999999999999999e-11","1.9999999999999999e-11","0","R-stats","finite"
"Gamma","R-standardized-evaluation","0","9.9999999999999997e+199","0.01","1.0000000000000001e+199","NaN","NaN","LogCDF","-0.018301776508399554","0","1.9999999999999999e-11","0","R-stats","finite"
"Gamma","R-standardized-evaluation","0","9.9999999999999997e+199","0.01","1.0000000000000001e+199","NaN","NaN","LogCCDF","-4.00989407871855","0","1.9999999999999999e-11","0","R-stats","finite"
"Gamma","R-standardized-evaluation","0","9.9999999999999997e+199","0.01","9.9999999999999997e+199","NaN","NaN","LogPDF","-466.11649847685118","1.9999999999999999e-11","1.9999999999999999e-11","0","R-stats","finite"
"Gamma","R-standardized-evaluation","0","9.9999999999999997e+199","0.01","9.9999999999999997e+199","NaN","NaN","LogCDF","-0.0022186941057126489","0","1.9999999999999999e-11","0","R-stats","finite"
"Gamma","R-standardized-evaluation","0","9.9999999999999997e+199","0.01","9.9999999999999997e+199","NaN","NaN","LogCCDF","-6.111945638793733","0","1.9999999999999999e-11","0","R-stats","finite"
"Gamma","R-standardized-evaluation","0","9.9999999999999997e+199","0.01","0.99999999999999999e+203","NaN","NaN","LogPDF","-1471.9551762030435","1.9999999999999999e-11","1.9999999999999999e-11","0","R-stats","finite"
"Gamma","R-standardized-evaluation","0","9.9999999999999997e+199","0.01","0.99999999999999999e+203","NaN","NaN","LogCDF","-0","0","1.9999999999999999e-11","0","R-stats","finite"
"Gamma","R-standardized-evaluation","0","9.9999999999999997e+199","0.01","0.99999999999999999e+203","NaN","NaN","LogCCDF","-1011.4391461284306","0","1.9999999999999999e-11","0","R-stats","finite"
"Gamma","R-standardized-evaluation","0","1","0.10000000000000001","0","NaN","NaN","LogPDF","Inf","1.9999999999999999e-11","1.9999999999999999e-11","0","R-stats","infinite"
"Gamma","R-standardized-evaluation","0","1","0.10000000000000001","0","NaN","NaN","LogCDF","-Inf","0","1.9999999999999999e-11","0","R-stats","infinite"
"Gamma","R-standardized-evaluation","0","1","0.10000000000000001","0","NaN","NaN","LogCCDF","0","0","1.9999999999999999e-11","0","R-stats","finite"
"Gamma","R-standardized-evaluation","0","1","0.10000000000000001","1e-10","NaN","NaN","LogPDF","18.470553185112205","1.9999999999999999e-11","1.9999999999999999e-11","0","R-stats","finite"
"Gamma","R-standardized-evaluation","0","1","0.10000000000000001","1e-10","NaN","NaN","LogCDF","-2.2527126517432969","0","1.9999999999999999e-11","0","R-stats","finite"
"Gamma","R-standardized-evaluation","0","1","0.10000000000000001","1e-10","NaN","NaN","LogCCDF","-0.11105860856547681","0","1.9999999999999999e-11","0","R-stats","finite"
"Gamma","R-standardized-evaluation","0","1","0.10000000000000001","0.10000000000000001","NaN","NaN","LogPDF","-0.28038606803956473","1.9999999999999999e-11","1.9999999999999999e-11","0","R-stats","finite"
"Gamma","R-standardized-evaluation","0","1","0.10000000000000001","0.10000000000000001","NaN","NaN","LogCDF","-0.18928362433858814","0","1.9999999999999999e-11","0","R-stats","finite"
"Gamma","R-standardized-evaluation","0","1","0.10000000000000001","0.10000000000000001","NaN","NaN","LogCCDF","-1.7576581431065503","0","1.9999999999999999e-11","0","R-stats","finite"
"Gamma","R-standardized-evaluation","0","1","0.10000000000000001","1","NaN","NaN","LogPDF","-3.252712651734206","1.9999999999999999e-11","1.9999999999999999e-11","0","R-stats","finite"
"Gamma","R-standardized-evaluation","0","1","0.10000000000000001","1","NaN","NaN","LogCDF","-0.024423176211098942","0","1.9999999999999999e-11","0","R-stats","finite"
"Gamma","R-standardized-evaluation","0","1","0.10000000000000001","1","NaN","NaN","LogCCDF","-3.7244094871979372","0","1.9999999999999999e-11","0","R-stats","finite"
"Gamma","R-standardized-evaluation","0","1","0.10000000000000001","1000","NaN","NaN","LogPDF","-1008.4696924028181","1.9999999999999999e-11","1.9999999999999999e-11","0","R-stats","finite"
"Gamma","R-standardized-evaluation","0","1","0.10000000000000001","1000","NaN","NaN","LogCDF","-0","0","1.9999999999999999e-11","0","R-stats","finite"
"Gamma","R-standardized-evaluation","0","1","0.10000000000000001","1000","NaN","NaN","LogCCDF","-1008.4705911014665","0","1.9999999999999999e-11","0","R-stats","finite"
"Gamma","R-standardized-evaluation","0","9.9999999999999998e-201","0.10000000000000001","0","NaN","NaN","LogPDF","Inf","1.9999999999999999e-11","1.9999999999999999e-11","0","R-stats","infinite"
"Gamma","R-standardized-evaluation","0","9.9999999999999998e-201","0.10000000000000001","0","NaN","NaN","LogCDF","-Inf","0","1.9999999999999999e-11","0","R-stats","infinite"
"Gamma","R-standardized-evaluation","0","9.9999999999999998e-201","0.10000000000000001","0","NaN","NaN","LogCCDF","0","0","1.9999999999999999e-11","0","R-stats","finite"
"Gamma","R-standardized-evaluation","0","9.9999999999999998e-201","0.10000000000000001","1e-210","NaN","NaN","LogPDF","478.98757178392134","1.9999999999999999e-11","1.9999999999999999e-11","0","R-stats","finite"
"Gamma","R-standardized-evaluation","0","9.9999999999999998e-201","0.10000000000000001","1e-210","NaN","NaN","LogCDF","-2.2527126517432969","0","1.9999999999999999e-11","0","R-stats","finite"
"Gamma","R-standardized-evaluation","0","9.9999999999999998e-201","0.10000000000000001","1e-210","NaN","NaN","LogCCDF","-0.11105860856547681","0","1.9999999999999999e-11","0","R-stats","finite"
"Gamma","R-standardized-evaluation","0","9.9999999999999998e-201","0.10000000000000001","1.0000000000000001e-201","NaN","NaN","LogPDF","460.23663253076961","1.9999999999999999e-11","1.9999999999999999e-11","0","R-stats","finite"
"Gamma","R-standardized-evaluation","0","9.9999999999999998e-201","0.10000000000000001","1.0000000000000001e-201","NaN","NaN","LogCDF","-0.18928362433858814","0","1.9999999999999999e-11","0","R-stats","finite"
"Gamma","R-standardized-evaluation","0","9.9999999999999998e-201","0.10000000000000001","1.0000000000000001e-201","NaN","NaN","LogCCDF","-1.7576581431065503","0","1.9999999999999999e-11","0","R-stats","finite"
"Gamma","R-standardized-evaluation","0","9.9999999999999998e-201","0.10000000000000001","9.9999999999999998e-201","NaN","NaN","LogPDF","457.26430594707494","1.9999999999999999e-11","1.9999999999999999e-11","0","R-stats","finite"
"Gamma","R-standardized-evaluation","0","9.9999999999999998e-201","0.10000000000000001","9.9999999999999998e-201","NaN","NaN","LogCDF","-0.024423176211098942","0","1.9999999999999999e-11","0","R-stats","finite"
"Gamma","R-standardized-evaluation","0","9.9999999999999998e-201","0.10000000000000001","9.9999999999999998e-201","NaN","NaN","LogCCDF","-3.7244094871979372","0","1.9999999999999999e-11","0","R-stats","finite"
"Gamma","R-standardized-evaluation","0","9.9999999999999998e-201","0.10000000000000001","9.9999999999999999e-198","NaN","NaN","LogPDF","-547.9526738040089","1.9999999999999999e-11","1.9999999999999999e-11","0","R-stats","finite"
"Gamma","R-standardized-evaluation","0","9.9999999999999998e-201","0.10000000000000001","9.9999999999999999e-198","NaN","NaN","LogCDF","-0","0","1.9999999999999999e-11","0","R-stats","finite"
"Gamma","R-standardized-evaluation","0","9.9999999999999998e-201","0.10000000000000001","9.9999999999999999e-198","NaN","NaN","LogCCDF","-1008.4705911014665","0","1.9999999999999999e-11","0","R-stats","finite"
"Gamma","R-standardized-evaluation","0","9.9999999999999997e+199","0.10000000000000001","0","NaN","NaN","LogPDF","Inf","1.9999999999999999e-11","1.9999999999999999e-11","0","R-stats","infinite"
"Gamma","R-standardized-evaluation","0","9.9999999999999997e+199","0.10000000000000001","0","NaN","NaN","LogCDF","-Inf","0","1.9999999999999999e-11","0","R-stats","infinite"
"Gamma","R-standardized-evaluation","0","9.9999999999999997e+199","0.10000000000000001","0","NaN","NaN","LogCCDF","0","0","1.9999999999999999e-11","0","R-stats","finite"
"Gamma","R-standardized-evaluation","0","9.9999999999999997e+199","0.10000000000000001","1.0000000000000001e+190","NaN","NaN","LogPDF","-442.04646541369698","1.9999999999999999e-11","1.9999999999999999e-11","0","R-stats","finite"
"Gamma","R-standardized-evaluation","0","9.9999999999999997e+199","0.10000000000000001","1.0000000000000001e+190","NaN","NaN","LogCDF","-2.2527126517432969","0","1.9999999999999999e-11","0","R-stats","finite"
"Gamma","R-standardized-evaluation","0","9.9999999999999997e+199","0.10000000000000001","1.0000000000000001e+190","NaN","NaN","LogCCDF","-0.11105860856547681","0","1.9999999999999999e-11","0","R-stats","finite"
"Gamma","R-standardized-evaluation","0","9.9999999999999997e+199","0.10000000000000001","1.0000000000000001e+199","NaN","NaN","LogPDF","-460.79740466684871","1.9999999999999999e-11","1.9999999999999999e-11","0","R-stats","finite"
"Gamma","R-standardized-evaluation","0","9.9999999999999997e+199","0.10000000000000001","1.0000000000000001e+199","NaN","NaN","LogCDF","-0.18928362433858814","0","1.9999999999999999e-11","0","R-stats","finite"
"Gamma","R-standardized-evaluation","0","9.9999999999999997e+199","0.10000000000000001","1.0000000000000001e+199","NaN","NaN","LogCCDF","-1.7576581431065503","0","1.9999999999999999e-11","0","R-stats","finite"
"Gamma","R-standardized-evaluation","0","9.9999999999999997e+199","0.10000000000000001","9.9999999999999997e+199","NaN","NaN","LogPDF","-463.76973125054337","1.9999999999999999e-11","1.9999999999999999e-11","0","R-stats","finite"
"Gamma","R-standardized-evaluation","0","9.9999999999999997e+199","0.10000000000000001","9.9999999999999997e+199","NaN","NaN","LogCDF","-0.024423176211098942","0","1.9999999999999999e-11","0","R-stats","finite"
"Gamma","R-standardized-evaluation","0","9.9999999999999997e+199","0.10000000000000001","9.9999999999999997e+199","NaN","NaN","LogCCDF","-3.7244094871979372","0","1.9999999999999999e-11","0","R-stats","finite"
"Gamma","R-standardized-evaluation","0","9.9999999999999997e+199","0.10000000000000001","0.99999999999999999e+203","NaN","NaN","LogPDF","-1468.9867110016271","1.9999999999999999e-11","1.9999999999999999e-11","0","R-stats","finite"
"Gamma","R-standardized-evaluation","0","9.9999999999999997e+199","0.10000000000000001","0.99999999999999999e+203","NaN","NaN","LogCDF","-0","0","1.9999999999999999e-11","0","R-stats","finite"
"Gamma","R-standardized-evaluation","0","9.9999999999999997e+199","0.10000000000000001","0.99999999999999999e+203","NaN","NaN","LogCCDF","-1008.4705911014665","0","1.9999999999999999e-11","0","R-stats","finite"
"Gamma","R-standardized-evaluation","0","1","0.5","0","NaN","NaN","LogPDF","Inf","1.9999999999999999e-11","1.9999999999999999e-11","0","R-stats","infinite"
"Gamma","R-standardized-evaluation","0","1","0.5","0","NaN","NaN","LogCDF","-Inf","0","1.9999999999999999e-11","0","R-stats","infinite"
"Gamma","R-standardized-evaluation","0","1","0.5","0","NaN","NaN","LogCCDF","0","0","1.9999999999999999e-11","0","R-stats","finite"
"Gamma","R-standardized-evaluation","0","1","0.5","1e-10","NaN","NaN","LogPDF","10.940560521945526","1.9999999999999999e-11","1.9999999999999999e-11","0","R-stats","finite"
"Gamma","R-standardized-evaluation","0","1","0.5","1e-10","NaN","NaN","LogCDF","-11.392143227368317","0","1.9999999999999999e-11","0","R-stats","finite"
"Gamma","R-standardized-evaluation","0","1","0.5","1e-10","NaN","NaN","LogCCDF","-1.1283855333035131e-05","0","1.9999999999999999e-11","0","R-stats","finite"
"Gamma","R-standardized-evaluation","0","1","0.5","0.10000000000000001","NaN","NaN","LogPDF","0.47892760357232267","1.9999999999999999e-11","1.9999999999999999e-11","0","R-stats","finite"
"Gamma","R-standardized-evaluation","0","1","0.5","0.10000000000000001","NaN","NaN","LogCDF","-1.0634020471545285","0","1.9999999999999999e-11","0","R-stats","finite"
"Gamma","R-standardized-evaluation","0","1","0.5","0.10000000000000001","NaN","NaN","LogCCDF","-0.42354632347596588","0","1.9999999999999999e-11","0","R-stats","finite"
"Gamma","R-standardized-evaluation","0","1","0.5","1","NaN","NaN","LogPDF","-1.5723649429247","1.9999999999999999e-11","1.9999999999999999e-11","0","R-stats","finite"
"Gamma","R-standardized-evaluation","0","1","0.5","1","NaN","NaN","LogCDF","-0.17114331524104021","0","1.9999999999999999e-11","0","R-stats","finite"
"Gamma","R-standardized-evaluation","0","1","0.5","1","NaN","NaN","LogCCDF","-1.8496055099332522","0","1.9999999999999999e-11","0","R-stats","finite"
"Gamma","R-standardized-evaluation","0","1","0.5","1000","NaN","NaN","LogPDF","-1004.0262425824158","1.9999999999999999e-11","1.9999999999999999e-11","0","R-stats","finite"
"Gamma","R-standardized-evaluation","0","1","0.5","1000","NaN","NaN","LogCDF","-0","0","1.9999999999999999e-11","0","R-stats","finite"
"Gamma","R-standardized-evaluation","0","1","0.5","1000","NaN","NaN","LogCCDF","-1004.0267419589519","0","1.9999999999999999e-11","0","R-stats","finite"
"Gamma","R-standardized-evaluation","0","9.9999999999999998e-201","0.5","0","NaN","NaN","LogPDF","Inf","1.9999999999999999e-11","1.9999999999999999e-11","0","R-stats","infinite"
"Gamma","R-standardized-evaluation","0","9.9999999999999998e-201","0.5","0","NaN","NaN","LogCDF","-Inf","0","1.9999999999999999e-11","0","R-stats","infinite"
"Gamma","R-standardized-evaluation","0","9.9999999999999998e-201","0.5","0","NaN","NaN","LogCCDF","0","0","1.9999999999999999e-11","0","R-stats","finite"
"Gamma","R-standardized-evaluation","0","9.9999999999999998e-201","0.5","1e-210","NaN","NaN","LogPDF","471.4575791207547","1.9999999999999999e-11","1.9999999999999999e-11","0","R-stats","finite"
"Gamma","R-standardized-evaluation","0","9.9999999999999998e-201","0.5","1e-210","NaN","NaN","LogCDF","-11.392143227368317","0","1.9999999999999999e-11","0","R-stats","finite"
"Gamma","R-standardized-evaluation","0","9.9999999999999998e-201","0.5","1e-210","NaN","NaN","LogCCDF","-1.1283855333035131e-05","0","1.9999999999999999e-11","0","R-stats","finite"
"Gamma","R-standardized-evaluation","0","9.9999999999999998e-201","0.5","1.0000000000000001e-201","NaN","NaN","LogPDF","460.9959462023815","1.9999999999999999e-11","1.9999999999999999e-11","0","R-stats","finite"
"Gamma","R-standardized-evaluation","0","9.9999999999999998e-201","0.5","1.0000000000000001e-201","NaN","NaN","LogCDF","-1.0634020471545285","0","1.9999999999999999e-11","0","R-stats","finite"
"Gamma","R-standardized-evaluation","0","9.9999999999999998e-201","0.5","1.0000000000000001e-201","NaN","NaN","LogCCDF","-0.42354632347596588","0","1.9999999999999999e-11","0","R-stats","finite"
"Gamma","R-standardized-evaluation","0","9.9999999999999998e-201","0.5","9.9999999999999998e-201","NaN","NaN","LogPDF","458.94465365588445","1.9999999999999999e-11","1.9999999999999999e-11","0","R-stats","finite"
"Gamma","R-standardized-evaluation","0","9.9999999999999998e-201","0.5","9.9999999999999998e-201","NaN","NaN","LogCDF","-0.17114331524104021","0","1.9999999999999999e-11","0","R-stats","finite"
"Gamma","R-standardized-evaluation","0","9.9999999999999998e-201","0.5","9.9999999999999998e-201","NaN","NaN","LogCCDF","-1.8496055099332522","0","1.9999999999999999e-11","0","R-stats","finite"
"Gamma","R-standardized-evaluation","0","9.9999999999999998e-201","0.5","9.9999999999999999e-198","NaN","NaN","LogPDF","-543.5092239836066","1.9999999999999999e-11","1.9999999999999999e-11","0","R-stats","finite"
"Gamma","R-standardized-evaluation","0","9.9999999999999998e-201","0.5","9.9999999999999999e-198","NaN","NaN","LogCDF","-0","0","1.9999999999999999e-11","0","R-stats","finite"
"Gamma","R-standardized-evaluation","0","9.9999999999999998e-201","0.5","9.9999999999999999e-198","NaN","NaN","LogCCDF","-1004.0267419589519","0","1.9999999999999999e-11","0","R-stats","finite"
"Gamma","R-standardized-evaluation","0","9.9999999999999997e+199","0.5","0","NaN","NaN","LogPDF","Inf","1.9999999999999999e-11","1.9999999999999999e-11","0","R-stats","infinite"
"Gamma","R-standardized-evaluation","0","9.9999999999999997e+199","0.5","0","NaN","NaN","LogCDF","-Inf","0","1.9999999999999999e-11","0","R-stats","infinite"
"Gamma","R-standardized-evaluation","0","9.9999999999999997e+199","0.5","0","NaN","NaN","LogCCDF","0","0","1.9999999999999999e-11","0","R-stats","finite"
"Gamma","R-standardized-evaluation","0","9.9999999999999997e+199","0.5","1.0000000000000001e+190","NaN","NaN","LogPDF","-449.57645807686362","1.9999999999999999e-11","1.9999999999999999e-11","0","R-stats","finite"
"Gamma","R-standardized-evaluation","0","9.9999999999999997e+199","0.5","1.0000000000000001e+190","NaN","NaN","LogCDF","-11.392143227368317","0","1.9999999999999999e-11","0","R-stats","finite"
"Gamma","R-standardized-evaluation","0","9.9999999999999997e+199","0.5","1.0000000000000001e+190","NaN","NaN","LogCCDF","-1.1283855333035131e-05","0","1.9999999999999999e-11","0","R-stats","finite"
"Gamma","R-standardized-evaluation","0","9.9999999999999997e+199","0.5","1.0000000000000001e+199","NaN","NaN","LogPDF","-460.03809099523681","1.9999999999999999e-11","1.9999999999999999e-11","0","R-stats","finite"
"Gamma","R-standardized-evaluation","0","9.9999999999999997e+199","0.5","1.0000000000000001e+199","NaN","NaN","LogCDF","-1.0634020471545285","0","1.9999999999999999e-11","0","R-stats","finite"
"Gamma","R-standardized-evaluation","0","9.9999999999999997e+199","0.5","1.0000000000000001e+199","NaN","NaN","LogCCDF","-0.42354632347596588","0","1.9999999999999999e-11","0","R-stats","finite"
"Gamma","R-standardized-evaluation","0","9.9999999999999997e+199","0.5","9.9999999999999997e+199","NaN","NaN","LogPDF","-462.08938354173387","1.9999999999999999e-11","1.9999999999999999e-11","0","R-stats","finite"
"Gamma","R-standardized-evaluation","0","9.9999999999999997e+199","0.5","9.9999999999999997e+199","NaN","NaN","LogCDF","-0.17114331524104021","0","1.9999999999999999e-11","0","R-stats","finite"
"Gamma","R-standardized-evaluation","0","9.9999999999999997e+199","0.5","9.9999999999999997e+199","NaN","NaN","LogCCDF","-1.8496055099332522","0","1.9999999999999999e-11","0","R-stats","finite"
"Gamma","R-standardized-evaluation","0","9.9999999999999997e+199","0.5","0.99999999999999999e+203","NaN","NaN","LogPDF","-1464.5432611812248","1.9999999999999999e-11","1.9999999999999999e-11","0","R-stats","finite"
"Gamma","R-standardized-evaluation","0","9.9999999999999997e+199","0.5","0.99999999999999999e+203","NaN","NaN","LogCDF","-0","0","1.9999999999999999e-11","0","R-stats","finite"
"Gamma","R-standardized-evaluation","0","9.9999999999999997e+199","0.5","0.99999999999999999e+203","NaN","NaN","LogCCDF","-1004.0267419589519","0","1.9999999999999999e-11","0","R-stats","finite"
"Gamma","R-standardized-evaluation","0","1","1","0","NaN","NaN","LogPDF","-0","1.9999999999999999e-11","1.9999999999999999e-11","0","R-stats","finite"
"Gamma","R-standardized-evaluation","0","1","1","0","NaN","NaN","LogCDF","-Inf","0","1.9999999999999999e-11","0","R-stats","infinite"
"Gamma","R-standardized-evaluation","0","1","1","0","NaN","NaN","LogCCDF","0","0","1.9999999999999999e-11","0","R-stats","finite"
"Gamma","R-standardized-evaluation","0","1","1","1e-10","NaN","NaN","LogPDF","-1e-10","1.9999999999999999e-11","1.9999999999999999e-11","0","R-stats","finite"
"Gamma","R-standardized-evaluation","0","1","1","1e-10","NaN","NaN","LogCDF","-23.025850929990458","0","1.9999999999999999e-11","0","R-stats","finite"
"Gamma","R-standardized-evaluation","0","1","1","1e-10","NaN","NaN","LogCCDF","-9.9999999999999874e-11","0","1.9999999999999999e-11","0","R-stats","finite"
"Gamma","R-standardized-evaluation","0","1","1","0.10000000000000001","NaN","NaN","LogPDF","-0.10000000000000001","1.9999999999999999e-11","1.9999999999999999e-11","0","R-stats","finite"
"Gamma","R-standardized-evaluation","0","1","1","0.10000000000000001","NaN","NaN","LogCDF","-2.3521684610440907","0","1.9999999999999999e-11","0","R-stats","finite"
"Gamma","R-standardized-evaluation","0","1","1","0.10000000000000001","NaN","NaN","LogCCDF","-0.10000000000000002","0","1.9999999999999999e-11","0","R-stats","finite"
"Gamma","R-standardized-evaluation","0","1","1","1","NaN","NaN","LogPDF","-1","1.9999999999999999e-11","1.9999999999999999e-11","0","R-stats","finite"
"Gamma","R-standardized-evaluation","0","1","1","1","NaN","NaN","LogCDF","-0.45867514538708193","0","1.9999999999999999e-11","0","R-stats","finite"
"Gamma","R-standardized-evaluation","0","1","1","1","NaN","NaN","LogCCDF","-1","0","1.9999999999999999e-11","0","R-stats","finite"
"Gamma","R-standardized-evaluation","0","1","1","1000","NaN","NaN","LogPDF","-1000","1.9999999999999999e-11","1.9999999999999999e-11","0","R-stats","finite"
"Gamma","R-standardized-evaluation","0","1","1","1000","NaN","NaN","LogCDF","-0","0","1.9999999999999999e-11","0","R-stats","finite"
"Gamma","R-standardized-evaluation","0","1","1","1000","NaN","NaN","LogCCDF","-1000","0","1.9999999999999999e-11","0","R-stats","finite"
"Gamma","R-standardized-evaluation","0","9.9999999999999998e-201","1","0","NaN","NaN","LogPDF","460.51701859880916","1.9999999999999999e-11","1.9999999999999999e-11","0","R-stats","finite"
"Gamma","R-standardized-evaluation","0","9.9999999999999998e-201","1","0","NaN","NaN","LogCDF","-Inf","0","1.9999999999999999e-11","0","R-stats","infinite"
"Gamma","R-standardized-evaluation","0","9.9999999999999998e-201","1","0","NaN","NaN","LogCCDF","0","0","1.9999999999999999e-11","0","R-stats","finite"
"Gamma","R-standardized-evaluation","0","9.9999999999999998e-201","1","1e-210","NaN","NaN","LogPDF","460.51701859870917","1.9999999999999999e-11","1.9999999999999999e-11","0","R-stats","finite"
"Gamma","R-standardized-evaluation","0","9.9999999999999998e-201","1","1e-210","NaN","NaN","LogCDF","-23.025850929990458","0","1.9999999999999999e-11","0","R-stats","finite"
"Gamma","R-standardized-evaluation","0","9.9999999999999998e-201","1","1e-210","NaN","NaN","LogCCDF","-9.9999999999999874e-11","0","1.9999999999999999e-11","0","R-stats","finite"
"Gamma","R-standardized-evaluation","0","9.9999999999999998e-201","1","1.0000000000000001e-201","NaN","NaN","LogPDF","460.41701859880914","1.9999999999999999e-11","1.9999999999999999e-11","0","R-stats","finite"
"Gamma","R-standardized-evaluation","0","9.9999999999999998e-201","1","1.0000000000000001e-201","NaN","NaN","LogCDF","-2.3521684610440907","0","1.9999999999999999e-11","0","R-stats","finite"
"Gamma","R-standardized-evaluation","0","9.9999999999999998e-201","1","1.0000000000000001e-201","NaN","NaN","LogCCDF","-0.10000000000000002","0","1.9999999999999999e-11","0","R-stats","finite"
"Gamma","R-standardized-evaluation","0","9.9999999999999998e-201","1","9.9999999999999998e-201","NaN","NaN","LogPDF","459.51701859880916","1.9999999999999999e-11","1.9999999999999999e-11","0","R-stats","finite"
"Gamma","R-standardized-evaluation","0","9.9999999999999998e-201","1","9.9999999999999998e-201","NaN","NaN","LogCDF","-0.45867514538708193","0","1.9999999999999999e-11","0","R-stats","finite"
"Gamma","R-standardized-evaluation","0","9.9999999999999998e-201","1","9.9999999999999998e-201","NaN","NaN","LogCCDF","-1","0","1.9999999999999999e-11","0","R-stats","finite"
"Gamma","R-standardized-evaluation","0","9.9999999999999998e-201","1","9.9999999999999999e-198","NaN","NaN","LogPDF","-539.48298140119084","1.9999999999999999e-11","1.9999999999999999e-11","0","R-stats","finite"
"Gamma","R-standardized-evaluation","0","9.9999999999999998e-201","1","9.9999999999999999e-198","NaN","NaN","LogCDF","-0","0","1.9999999999999999e-11","0","R-stats","finite"
"Gamma","R-standardized-evaluation","0","9.9999999999999998e-201","1","9.9999999999999999e-198","NaN","NaN","LogCCDF","-1000","0","1.9999999999999999e-11","0","R-stats","finite"
"Gamma","R-standardized-evaluation","0","9.9999999999999997e+199","1","0","NaN","NaN","LogPDF","-460.51701859880916","1.9999999999999999e-11","1.9999999999999999e-11","0","R-stats","finite"
"Gamma","R-standardized-evaluation","0","9.9999999999999997e+199","1","0","NaN","NaN","LogCDF","-Inf","0","1.9999999999999999e-11","0","R-stats","infinite"
"Gamma","R-standardized-evaluation","0","9.9999999999999997e+199","1","0","NaN","NaN","LogCCDF","0","0","1.9999999999999999e-11","0","R-stats","finite"
"Gamma","R-standardized-evaluation","0","9.9999999999999997e+199","1","1.0000000000000001e+190","NaN","NaN","LogPDF","-460.51701859890915","1.9999999999999999e-11","1.9999999999999999e-11","0","R-stats","finite"
"Gamma","R-standardized-evaluation","0","9.9999999999999997e+199","1","1.0000000000000001e+190","NaN","NaN","LogCDF","-23.025850929990458","0","1.9999999999999999e-11","0","R-stats","finite"
"Gamma","R-standardized-evaluation","0","9.9999999999999997e+199","1","1.0000000000000001e+190","NaN","NaN","LogCCDF","-9.9999999999999874e-11","0","1.9999999999999999e-11","0","R-stats","finite"
"Gamma","R-standardized-evaluation","0","9.9999999999999997e+199","1","1.0000000000000001e+199","NaN","NaN","LogPDF","-460.61701859880918","1.9999999999999999e-11","1.9999999999999999e-11","0","R-stats","finite"
"Gamma","R-standardized-evaluation","0","9.9999999999999997e+199","1","1.0000000000000001e+199","NaN","NaN","LogCDF","-2.3521684610440907","0","1.9999999999999999e-11","0","R-stats","finite"
"Gamma","R-standardized-evaluation","0","9.9999999999999997e+199","1","1.0000000000000001e+199","NaN","NaN","LogCCDF","-0.10000000000000002","0","1.9999999999999999e-11","0","R-stats","finite"
"Gamma","R-standardized-evaluation","0","9.9999999999999997e+199","1","9.9999999999999997e+199","NaN","NaN","LogPDF","-461.51701859880916","1.9999999999999999e-11","1.9999999999999999e-11","0","R-stats","finite"
"Gamma","R-standardized-evaluation","0","9.9999999999999997e+199","1","9.9999999999999997e+199","NaN","NaN","LogCDF","-0.45867514538708193","0","1.9999999999999999e-11","0","R-stats","finite"
"Gamma","R-standardized-evaluation","0","9.9999999999999997e+199","1","9.9999999999999997e+199","NaN","NaN","LogCCDF","-1","0","1.9999999999999999e-11","0","R-stats","finite"
"Gamma","R-standardized-evaluation","0","9.9999999999999997e+199","1","0.99999999999999999e+203","NaN","NaN","LogPDF","-1460.517018598809","1.9999999999999999e-11","1.9999999999999999e-11","0","R-stats","finite"
"Gamma","R-standardized-evaluation","0","9.9999999999999997e+199","1","0.99999999999999999e+203","NaN","NaN","LogCDF","-0","0","1.9999999999999999e-11","0","R-stats","finite"
"Gamma","R-standardized-evaluation","0","9.9999999999999997e+199","1","0.99999999999999999e+203","NaN","NaN","LogCCDF","-1000","0","1.9999999999999999e-11","0","R-stats","finite"
"Gamma","R-standardized-evaluation","0","1","2","0","NaN","NaN","LogPDF","-Inf","1.9999999999999999e-11","1.9999999999999999e-11","0","R-stats","infinite"
"Gamma","R-standardized-evaluation","0","1","2","0","NaN","NaN","LogCDF","-Inf","0","1.9999999999999999e-11","0","R-stats","infinite"
"Gamma","R-standardized-evaluation","0","1","2","0","NaN","NaN","LogCCDF","0","0","1.9999999999999999e-11","0","R-stats","finite"
"Gamma","R-standardized-evaluation","0","1","2","1e-10","NaN","NaN","LogPDF","-23.025850930040459","1.9999999999999999e-11","1.9999999999999999e-11","0","R-stats","finite"
"Gamma","R-standardized-evaluation","0","1","2","1e-10","NaN","NaN","LogCDF","-46.744849040507525","0","1.9999999999999999e-11","0","R-stats","finite"
"Gamma","R-standardized-evaluation","0","1","2","1e-10","NaN","NaN","LogCCDF","-4.9999999996666709e-21","0","1.9999999999999999e-11","0","R-stats","finite"
"Gamma","R-standardized-evaluation","0","1","2","0.10000000000000001","NaN","NaN","LogPDF","-2.4025850929940455","1.9999999999999999e-11","1.9999999999999999e-11","0","R-stats","finite"
"Gamma","R-standardized-evaluation","0","1","2","0.10000000000000001","NaN","NaN","LogCDF","-5.3647050287321116","0","1.9999999999999999e-11","0","R-stats","finite"
"Gamma","R-standardized-evaluation","0","1","2","0.10000000000000001","NaN","NaN","LogCCDF","-0.0046898201956751427","0","1.9999999999999999e-11","0","R-stats","finite"
"Gamma","R-standardized-evaluation","0","1","2","1","NaN","NaN","LogPDF","-0.99999999999999989","1.9999999999999999e-11","1.9999999999999999e-11","0","R-stats","finite"
"Gamma","R-standardized-evaluation","0","1","2","1","NaN","NaN","LogCDF","-1.3308932682040548","0","1.9999999999999999e-11","0","R-stats","finite"
"Gamma","R-standardized-evaluation","0","1","2","1","NaN","NaN","LogCCDF","-0.3068528194400546","0","1.9999999999999999e-11","0","R-stats","finite"
"Gamma","R-standardized-evaluation","0","1","2","2","NaN","NaN","LogPDF","-1.3068528194400546","1.9999999999999999e-11","1.9999999999999999e-11","0","R-stats","finite"
"Gamma","R-standardized-evaluation","0","1","2","2","NaN","NaN","LogCDF","-0.52088580766434445","0","1.9999999999999999e-11","0","R-stats","finite"
"Gamma","R-standardized-evaluation","0","1","2","2","NaN","NaN","LogCCDF","-0.90138771133189022","0","1.9999999999999999e-11","0","R-stats","finite"
"Gamma","R-standardized-evaluation","0","1","2","1000","NaN","NaN","LogPDF","-993.09224472101789","1.9999999999999999e-11","1.9999999999999999e-11","0","R-stats","finite"
"Gamma","R-standardized-evaluation","0","1","2","1000","NaN","NaN","LogCDF","-0","0","1.9999999999999999e-11","0","R-stats","finite"
"Gamma","R-standardized-evaluation","0","1","2","1000","NaN","NaN","LogCCDF","-993.09124522068475","0","1.9999999999999999e-11","0","R-stats","finite"
"Gamma","R-standardized-evaluation","0","9.9999999999999998e-201","2","0","NaN","NaN","LogPDF","-Inf","1.9999999999999999e-11","1.9999999999999999e-11","0","R-stats","infinite"
"Gamma","R-standardized-evaluation","0","9.9999999999999998e-201","2","0","NaN","NaN","LogCDF","-Inf","0","1.9999999999999999e-11","0","R-stats","infinite"
"Gamma","R-standardized-evaluation","0","9.9999999999999998e-201","2","0","NaN","NaN","LogCCDF","0","0","1.9999999999999999e-11","0","R-stats","finite"
"Gamma","R-standardized-evaluation","0","9.9999999999999998e-201","2","1e-210","NaN","NaN","LogPDF","437.4911676687687","1.9999999999999999e-11","1.9999999999999999e-11","0","R-stats","finite"
"Gamma","R-standardized-evaluation","0","9.9999999999999998e-201","2","1e-210","NaN","NaN","LogCDF","-46.744849040507525","0","1.9999999999999999e-11","0","R-stats","finite"
"Gamma","R-standardized-evaluation","0","9.9999999999999998e-201","2","1e-210","NaN","NaN","LogCCDF","-4.9999999996666709e-21","0","1.9999999999999999e-11","0","R-stats","finite"
"Gamma","R-standardized-evaluation","0","9.9999999999999998e-201","2","1.0000000000000001e-201","NaN","NaN","LogPDF","458.1144335058151","1.9999999999999999e-11","1.9999999999999999e-11","0","R-stats","finite"
"Gamma","R-standardized-evaluation","0","9.9999999999999998e-201","2","1.0000000000000001e-201","NaN","NaN","LogCDF","-5.3647050287321116","0","1.9999999999999999e-11","0","R-stats","finite"
"Gamma","R-standardized-evaluation","0","9.9999999999999998e-201","2","1.0000000000000001e-201","NaN","NaN","LogCCDF","-0.0046898201956751427","0","1.9999999999999999e-11","0","R-stats","finite"
"Gamma","R-standardized-evaluation","0","9.9999999999999998e-201","2","9.9999999999999998e-201","NaN","NaN","LogPDF","459.51701859880916","1.9999999999999999e-11","1.9999999999999999e-11","0","R-stats","finite"
"Gamma","R-standardized-evaluation","0","9.9999999999999998e-201","2","9.9999999999999998e-201","NaN","NaN","LogCDF","-1.3308932682040548","0","1.9999999999999999e-11","0","R-stats","finite"
"Gamma","R-standardized-evaluation","0","9.9999999999999998e-201","2","9.9999999999999998e-201","NaN","NaN","LogCCDF","-0.3068528194400546","0","1.9999999999999999e-11","0","R-stats","finite"
"Gamma","R-standardized-evaluation","0","9.9999999999999998e-201","2","2e-200","NaN","NaN","LogPDF","459.21016577936911","1.9999999999999999e-11","1.9999999999999999e-11","0","R-stats","finite"
"Gamma","R-standardized-evaluation","0","9.9999999999999998e-201","2","2e-200","NaN","NaN","LogCDF","-0.52088580766434445","0","1.9999999999999999e-11","0","R-stats","finite"
"Gamma","R-standardized-evaluation","0","9.9999999999999998e-201","2","2e-200","NaN","NaN","LogCCDF","-0.90138771133189022","0","1.9999999999999999e-11","0","R-stats","finite"
"Gamma","R-standardized-evaluation","0","9.9999999999999998e-201","2","9.9999999999999999e-198","NaN","NaN","LogPDF","-532.57522612220873","1.9999999999999999e-11","1.9999999999999999e-11","0","R-stats","finite"
"Gamma","R-standardized-evaluation","0","9.9999999999999998e-201","2","9.9999999999999999e-198","NaN","NaN","LogCDF","-0","0","1.9999999999999999e-11","0","R-stats","finite"
"Gamma","R-standardized-evaluation","0","9.9999999999999998e-201","2","9.9999999999999999e-198","NaN","NaN","LogCCDF","-993.09124522068475","0","1.9999999999999999e-11","0","R-stats","finite"
"Gamma","R-standardized-evaluation","0","9.9999999999999997e+199","2","0","NaN","NaN","LogPDF","-Inf","1.9999999999999999e-11","1.9999999999999999e-11","0","R-stats","infinite"
"Gamma","R-standardized-evaluation","0","9.9999999999999997e+199","2","0","NaN","NaN","LogCDF","-Inf","0","1.9999999999999999e-11","0","R-stats","infinite"
"Gamma","R-standardized-evaluation","0","9.9999999999999997e+199","2","0","NaN","NaN","LogCCDF","0","0","1.9999999999999999e-11","0","R-stats","finite"
"Gamma","R-standardized-evaluation","0","9.9999999999999997e+199","2","1.0000000000000001e+190","NaN","NaN","LogPDF","-483.54286952884962","1.9999999999999999e-11","1.9999999999999999e-11","0","R-stats","finite"
"Gamma","R-standardized-evaluation","0","9.9999999999999997e+199","2","1.0000000000000001e+190","NaN","NaN","LogCDF","-46.744849040507525","0","1.9999999999999999e-11","0","R-stats","finite"
"Gamma","R-standardized-evaluation","0","9.9999999999999997e+199","2","1.0000000000000001e+190","NaN","NaN","LogCCDF","-4.9999999996666709e-21","0","1.9999999999999999e-11","0","R-stats","finite"
"Gamma","R-standardized-evaluation","0","9.9999999999999997e+199","2","1.0000000000000001e+199","NaN","NaN","LogPDF","-462.91960369180322","1.9999999999999999e-11","1.9999999999999999e-11","0","R-stats","finite"
"Gamma","R-standardized-evaluation","0","9.9999999999999997e+199","2","1.0000000000000001e+199","NaN","NaN","LogCDF","-5.3647050287321116","0","1.9999999999999999e-11","0","R-stats","finite"
"Gamma","R-standardized-evaluation","0","9.9999999999999997e+199","2","1.0000000000000001e+199","NaN","NaN","LogCCDF","-0.0046898201956751427","0","1.9999999999999999e-11","0","R-stats","finite"
"Gamma","R-standardized-evaluation","0","9.9999999999999997e+199","2","9.9999999999999997e+199","NaN","NaN","LogPDF","-461.51701859880916","1.9999999999999999e-11","1.9999999999999999e-11","0","R-stats","finite"
"Gamma","R-standardized-evaluation","0","9.9999999999999997e+199","2","9.9999999999999997e+199","NaN","NaN","LogCDF","-1.3308932682040548","0","1.9999999999999999e-11","0","R-stats","finite"
"Gamma","R-standardized-evaluation","0","9.9999999999999997e+199","2","9.9999999999999997e+199","NaN","NaN","LogCCDF","-0.3068528194400546","0","1.9999999999999999e-11","0","R-stats","finite"
"Gamma","R-standardized-evaluation","0","9.9999999999999997e+199","2","1.9999999999999999e+200","NaN","NaN","LogPDF","-461.82387141824921","1.9999999999999999e-11","1.9999999999999999e-11","0","R-stats","finite"
"Gamma","R-standardized-evaluation","0","9.9999999999999997e+199","2","1.9999999999999999e+200","NaN","NaN","LogCDF","-0.52088580766434445","0","1.9999999999999999e-11","0","R-stats","finite"
"Gamma","R-standardized-evaluation","0","9.9999999999999997e+199","2","1.9999999999999999e+200","NaN","NaN","LogCCDF","-0.90138771133189022","0","1.9999999999999999e-11","0","R-stats","finite"
"Gamma","R-standardized-evaluation","0","9.9999999999999997e+199","2","0.99999999999999999e+203","NaN","NaN","LogPDF","-1453.6092633198271","1.9999999999999999e-11","1.9999999999999999e-11","0","R-stats","finite"
"Gamma","R-standardized-evaluation","0","9.9999999999999997e+199","2","0.99999999999999999e+203","NaN","NaN","LogCDF","-0","0","1.9999999999999999e-11","0","R-stats","finite"
"Gamma","R-standardized-evaluation","0","9.9999999999999997e+199","2","0.99999999999999999e+203","NaN","NaN","LogCCDF","-993.09124522068475","0","1.9999999999999999e-11","0","R-stats","finite"
"Gamma","R-standardized-evaluation","0","1","10","0","NaN","NaN","LogPDF","-Inf","1.9999999999999999e-11","1.9999999999999999e-11","0","R-stats","infinite"
"Gamma","R-standardized-evaluation","0","1","10","0","NaN","NaN","LogCDF","-Inf","0","1.9999999999999999e-11","0","R-stats","infinite"
"Gamma","R-standardized-evaluation","0","1","10","0","NaN","NaN","LogCCDF","0","0","1.9999999999999999e-11","0","R-stats","finite"
"Gamma","R-standardized-evaluation","0","1","10","1e-10","NaN","NaN","LogPDF","-220.03448584964559","1.9999999999999999e-11","1.9999999999999999e-11","0","R-stats","finite"
"Gamma","R-standardized-evaluation","0","1","10","1e-10","NaN","NaN","LogCDF","-245.36292187257101","0","1.9999999999999999e-11","0","R-stats","finite"
"Gamma","R-standardized-evaluation","0","1","10","1e-10","NaN","NaN","LogCCDF","-2.7557319221480277e-107","0","1.9999999999999999e-11","0","R-stats","finite"
"Gamma","R-standardized-evaluation","0","1","10","0.10000000000000001","NaN","NaN","LogPDF","-33.625093317027883","1.9999999999999999e-11","1.9999999999999999e-11","0","R-stats","finite"
"Gamma","R-standardized-evaluation","0","1","10","0.10000000000000001","NaN","NaN","LogCDF","-38.221138013629556","0","1.9999999999999999e-11","0","R-stats","finite"
"Gamma","R-standardized-evaluation","0","1","10","0.10000000000000001","NaN","NaN","LogCCDF","-2.5163478067703012e-17","0","1.9999999999999999e-11","0","R-stats","finite"
"Gamma","R-standardized-evaluation","0","1","10","1","NaN","NaN","LogPDF","-13.801827480081471","1.9999999999999999e-11","1.9999999999999999e-11","0","R-stats","finite"
"Gamma","R-standardized-evaluation","0","1","10","1","NaN","NaN","LogCDF","-16.009909825202023","0","1.9999999999999999e-11","0","R-stats","finite"
"Gamma","R-standardized-evaluation","0","1","10","1","NaN","NaN","LogCCDF","-1.1142548454653967e-07","0","1.9999999999999999e-11","0","R-stats","finite"
"Gamma","R-standardized-evaluation","0","1","10","10","NaN","NaN","LogPDF","-2.0785616431350582","1.9999999999999999e-11","1.9999999999999999e-11","0","R-stats","finite"
"Gamma","R-standardized-evaluation","0","1","10","10","NaN","NaN","LogCDF","-0.61235960785375498","0","1.9999999999999999e-11","0","R-stats","finite"
"Gamma","R-standardized-evaluation","0","1","10","10","NaN","NaN","LogCCDF","-0.78103956849627765","0","1.9999999999999999e-11","0","R-stats","finite"
"Gamma","R-standardized-evaluation","0","1","10","1000","NaN","NaN","LogPDF","-950.63202996924224","1.9999999999999999e-11","1.9999999999999999e-11","0","R-stats","finite"
"Gamma","R-standardized-evaluation","0","1","10","1000","NaN","NaN","LogCDF","-0","0","1.9999999999999999e-11","0","R-stats","finite"
"Gamma","R-standardized-evaluation","0","1","10","1000","NaN","NaN","LogCCDF","-950.6229983701561","0","1.9999999999999999e-11","0","R-stats","finite"
"Gamma","R-standardized-evaluation","0","9.9999999999999998e-201","10","0","NaN","NaN","LogPDF","-Inf","1.9999999999999999e-11","1.9999999999999999e-11","0","R-stats","infinite"
"Gamma","R-standardized-evaluation","0","9.9999999999999998e-201","10","0","NaN","NaN","LogCDF","-Inf","0","1.9999999999999999e-11","0","R-stats","infinite"
"Gamma","R-standardized-evaluation","0","9.9999999999999998e-201","10","0","NaN","NaN","LogCCDF","0","0","1.9999999999999999e-11","0","R-stats","finite"
"Gamma","R-standardized-evaluation","0","9.9999999999999998e-201","10","1e-210","NaN","NaN","LogPDF","240.48253274916357","1.9999999999999999e-11","1.9999999999999999e-11","0","R-stats","finite"
"Gamma","R-standardized-evaluation","0","9.9999999999999998e-201","10","1e-210","NaN","NaN","LogCDF","-245.36292187257101","0","1.9999999999999999e-11","0","R-stats","finite"
"Gamma","R-standardized-evaluation","0","9.9999999999999998e-201","10","1e-210","NaN","NaN","LogCCDF","-2.7557319221480277e-107","0","1.9999999999999999e-11","0","R-stats","finite"
"Gamma","R-standardized-evaluation","0","9.9999999999999998e-201","10","1.0000000000000001e-201","NaN","NaN","LogPDF","426.89192528178125","1.9999999999999999e-11","1.9999999999999999e-11","0","R-stats","finite"
"Gamma","R-standardized-evaluation","0","9.9999999999999998e-201","10","1.0000000000000001e-201","NaN","NaN","LogCDF","-38.221138013629556","0","1.9999999999999999e-11","0","R-stats","finite"
"Gamma","R-standardized-evaluation","0","9.9999999999999998e-201","10","1.0000000000000001e-201","NaN","NaN","LogCCDF","-2.5163478067703012e-17","0","1.9999999999999999e-11","0","R-stats","finite"
"Gamma","R-standardized-evaluation","0","9.9999999999999998e-201","10","9.9999999999999998e-201","NaN","NaN","LogPDF","446.71519111872772","1.9999999999999999e-11","1.9999999999999999e-11","0","R-stats","finite"
"Gamma","R-standardized-evaluation","0","9.9999999999999998e-201","10","9.9999999999999998e-201","NaN","NaN","LogCDF","-16.009909825202023","0","1.9999999999999999e-11","0","R-stats","finite"
"Gamma","R-standardized-evaluation","0","9.9999999999999998e-201","10","9.9999999999999998e-201","NaN","NaN","LogCCDF","-1.1142548454653967e-07","0","1.9999999999999999e-11","0","R-stats","finite"
"Gamma","R-standardized-evaluation","0","9.9999999999999998e-201","10","9.9999999999999998e-200","NaN","NaN","LogPDF","458.4384569556741","1.9999999999999999e-11","1.9999999999999999e-11","0","R-stats","finite"
"Gamma","R-standardized-evaluation","0","9.9999999999999998e-201","10","9.9999999999999998e-200","NaN","NaN","LogCDF","-0.61235960785375498","0","1.9999999999999999e-11","0","R-stats","finite"
"Gamma","R-standardized-evaluation","0","9.9999999999999998e-201","10","9.9999999999999998e-200","NaN","NaN","LogCCDF","-0.78103956849627765","0","1.9999999999999999e-11","0","R-stats","finite"
"Gamma","R-standardized-evaluation","0","9.9999999999999998e-201","10","9.9999999999999999e-198","NaN","NaN","LogPDF","-490.11501137043308","1.9999999999999999e-11","1.9999999999999999e-11","0","R-stats","finite"
"Gamma","R-standardized-evaluation","0","9.9999999999999998e-201","10","9.9999999999999999e-198","NaN","NaN","LogCDF","-0","0","1.9999999999999999e-11","0","R-stats","finite"
"Gamma","R-standardized-evaluation","0","9.9999999999999998e-201","10","9.9999999999999999e-198","NaN","NaN","LogCCDF","-950.6229983701561","0","1.9999999999999999e-11","0","R-stats","finite"
"Gamma","R-standardized-evaluation","0","9.9999999999999997e+199","10","0","NaN","NaN","LogPDF","-Inf","1.9999999999999999e-11","1.9999999999999999e-11","0","R-stats","infinite"
"Gamma","R-standardized-evaluation","0","9.9999999999999997e+199","10","0","NaN","NaN","LogCDF","-Inf","0","1.9999999999999999e-11","0","R-stats","infinite"
"Gamma","R-standardized-evaluation","0","9.9999999999999997e+199","10","0","NaN","NaN","LogCCDF","0","0","1.9999999999999999e-11","0","R-stats","finite"
"Gamma","R-standardized-evaluation","0","9.9999999999999997e+199","10","1.0000000000000001e+190","NaN","NaN","LogPDF","-680.55150444845481","1.9999999999999999e-11","1.9999999999999999e-11","0","R-stats","finite"
"Gamma","R-standardized-evaluation","0","9.9999999999999997e+199","10","1.0000000000000001e+190","NaN","NaN","LogCDF","-245.36292187257101","0","1.9999999999999999e-11","0","R-stats","finite"
"Gamma","R-standardized-evaluation","0","9.9999999999999997e+199","10","1.0000000000000001e+190","NaN","NaN","LogCCDF","-2.7557319221480277e-107","0","1.9999999999999999e-11","0","R-stats","finite"
"Gamma","R-standardized-evaluation","0","9.9999999999999997e+199","10","1.0000000000000001e+199","NaN","NaN","LogPDF","-494.14211191583706","1.9999999999999999e-11","1.9999999999999999e-11","0","R-stats","finite"
"Gamma","R-standardized-evaluation","0","9.9999999999999997e+199","10","1.0000000000000001e+199","NaN","NaN","LogCDF","-38.221138013629556","0","1.9999999999999999e-11","0","R-stats","finite"
"Gamma","R-standardized-evaluation","0","9.9999999999999997e+199","10","1.0000000000000001e+199","NaN","NaN","LogCCDF","-2.5163478067703012e-17","0","1.9999999999999999e-11","0","R-stats","finite"
"Gamma","R-standardized-evaluation","0","9.9999999999999997e+199","10","9.9999999999999997e+199","NaN","NaN","LogPDF","-474.3188460788906","1.9999999999999999e-11","1.9999999999999999e-11","0","R-stats","finite"
"Gamma","R-standardized-evaluation","0","9.9999999999999997e+199","10","9.9999999999999997e+199","NaN","NaN","LogCDF","-16.009909825202023","0","1.9999999999999999e-11","0","R-stats","finite"
"Gamma","R-standardized-evaluation","0","9.9999999999999997e+199","10","9.9999999999999997e+199","NaN","NaN","LogCCDF","-1.1142548454653967e-07","0","1.9999999999999999e-11","0","R-stats","finite"
"Gamma","R-standardized-evaluation","0","9.9999999999999997e+199","10","9.999999999999999e+200","NaN","NaN","LogPDF","-462.59558024194422","1.9999999999999999e-11","1.9999999999999999e-11","0","R-stats","finite"
"Gamma","R-standardized-evaluation","0","9.9999999999999997e+199","10","9.999999999999999e+200","NaN","NaN","LogCDF","-0.61235960785375498","0","1.9999999999999999e-11","0","R-stats","finite"
"Gamma","R-standardized-evaluation","0","9.9999999999999997e+199","10","9.999999999999999e+200","NaN","NaN","LogCCDF","-0.78103956849627765","0","1.9999999999999999e-11","0","R-stats","finite"
"Gamma","R-standardized-evaluation","0","9.9999999999999997e+199","10","0.99999999999999999e+203","NaN","NaN","LogPDF","-1411.1490485680515","1.9999999999999999e-11","1.9999999999999999e-11","0","R-stats","finite"
"Gamma","R-standardized-evaluation","0","9.9999999999999997e+199","10","0.99999999999999999e+203","NaN","NaN","LogCDF","-0","0","1.9999999999999999e-11","0","R-stats","finite"
"Gamma","R-standardized-evaluation","0","9.9999999999999997e+199","10","0.99999999999999999e+203","NaN","NaN","LogCCDF","-950.6229983701561","0","1.9999999999999999e-11","0","R-stats","finite"
"Gamma","R-standardized-evaluation","0","1","100","0","NaN","NaN","LogPDF","-Inf","1.9999999999999999e-11","1.9999999999999999e-11","0","R-stats","infinite"
"Gamma","R-standardized-evaluation","0","1","100","0","NaN","NaN","LogCDF","-Inf","0","1.9999999999999999e-11","0","R-stats","infinite"
"Gamma","R-standardized-evaluation","0","1","100","0","NaN","NaN","LogCCDF","0","0","1.9999999999999999e-11","0","R-stats","finite"
"Gamma","R-standardized-evaluation","0","1","100","1e-10","NaN","NaN","LogPDF","-2638.6934474337804","1.9999999999999999e-11","1.9999999999999999e-11","0","R-stats","finite"
"Gamma","R-standardized-evaluation","0","1","100","1e-10","NaN","NaN","LogCDF","-2666.3244685497079","0","1.9999999999999999e-11","0","R-stats","finite"
"Gamma","R-standardized-evaluation","0","1","100","1e-10","NaN","NaN","LogCCDF","-0","0","1.9999999999999999e-11","0","R-stats","finite"
"Gamma","R-standardized-evaluation","0","1","100","0.10000000000000001","NaN","NaN","LogPDF","-587.19012957598591","1.9999999999999999e-11","1.9999999999999999e-11","0","R-stats","finite"
"Gamma","R-standardized-evaluation","0","1","100","0.10000000000000001","NaN","NaN","LogCDF","-594.0968942751158","0","1.9999999999999999e-11","0","R-stats","finite"
"Gamma","R-standardized-evaluation","0","1","100","0.10000000000000001","NaN","NaN","LogCCDF","-9.7050348771266356e-259","0","1.9999999999999999e-11","0","R-stats","finite"
"Gamma","R-standardized-evaluation","0","1","100","1","NaN","NaN","LogPDF","-360.1342053695754","1.9999999999999999e-11","1.9999999999999999e-11","0","R-stats","finite"
"Gamma","R-standardized-evaluation","0","1","100","1","NaN","NaN","LogCDF","-364.72942620471963","0","1.9999999999999999e-11","0","R-stats","finite"
"Gamma","R-standardized-evaluation","0","1","100","1","NaN","NaN","LogCCDF","-3.9812808189568126e-159","0","1.9999999999999999e-11","0","R-stats","finite"
"Gamma","R-standardized-evaluation","0","1","100","100","NaN","NaN","LogPDF","-3.2223569567543531","1.9999999999999999e-11","1.9999999999999999e-11","0","R-stats","finite"
"Gamma","R-standardized-evaluation","0","1","100","100","NaN","NaN","LogCDF","-0.66689715058528931","0","1.9999999999999999e-11","0","R-stats","finite"
"Gamma","R-standardized-evaluation","0","1","100","100","NaN","NaN","LogCCDF","-0.72010489302547409","0","1.9999999999999999e-11","0","R-stats","finite"
"Gamma","R-standardized-evaluation","0","1","100","1000","NaN","NaN","LogPDF","-675.26643275034382","1.9999999999999999e-11","1.9999999999999999e-11","0","R-stats","finite"
"Gamma","R-standardized-evaluation","0","1","100","1000","NaN","NaN","LogCDF","-6.0358275296316284e-294","0","1.9999999999999999e-11","0","R-stats","finite"
"Gamma","R-standardized-evaluation","0","1","100","1000","NaN","NaN","LogCCDF","-675.16230437337174","0","1.9999999999999999e-11","0","R-stats","finite"
"Gamma","R-standardized-evaluation","0","9.9999999999999998e-201","100","0","NaN","NaN","LogPDF","-Inf","1.9999999999999999e-11","1.9999999999999999e-11","0","R-stats","infinite"
"Gamma","R-standardized-evaluation","0","9.9999999999999998e-201","100","0","NaN","NaN","LogCDF","-Inf","0","1.9999999999999999e-11","0","R-stats","infinite"
"Gamma","R-standardized-evaluation","0","9.9999999999999998e-201","100","0","NaN","NaN","LogCCDF","0","0","1.9999999999999999e-11","0","R-stats","finite"
"Gamma","R-standardized-evaluation","0","9.9999999999999998e-201","100","1e-210","NaN","NaN","LogPDF","-2178.1764288349714","1.9999999999999999e-11","1.9999999999999999e-11","0","R-stats","finite"
"Gamma","R-standardized-evaluation","0","9.9999999999999998e-201","100","1e-210","NaN","NaN","LogCDF","-2666.3244685497079","0","1.9999999999999999e-11","0","R-stats","finite"
"Gamma","R-standardized-evaluation","0","9.9999999999999998e-201","100","1e-210","NaN","NaN","LogCCDF","-0","0","1.9999999999999999e-11","0","R-stats","finite"
"Gamma","R-standardized-evaluation","0","9.9999999999999998e-201","100","1.0000000000000001e-201","NaN","NaN","LogPDF","-126.67311097717675","1.9999999999999999e-11","1.9999999999999999e-11","0","R-stats","finite"
"Gamma","R-standardized-evaluation","0","9.9999999999999998e-201","100","1.0000000000000001e-201","NaN","NaN","LogCDF","-594.0968942751158","0","1.9999999999999999e-11","0","R-stats","finite"
"Gamma","R-standardized-evaluation","0","9.9999999999999998e-201","100","1.0000000000000001e-201","NaN","NaN","LogCCDF","-9.7050348771266356e-259","0","1.9999999999999999e-11","0","R-stats","finite"
"Gamma","R-standardized-evaluation","0","9.9999999999999998e-201","100","9.9999999999999998e-201","NaN","NaN","LogPDF","100.38281322923376","1.9999999999999999e-11","1.9999999999999999e-11","0","R-stats","finite"
"Gamma","R-standardized-evaluation","0","9.9999999999999998e-201","100","9.9999999999999998e-201","NaN","NaN","LogCDF","-364.72942620471963","0","1.9999999999999999e-11","0","R-stats","finite"
"Gamma","R-standardized-evaluation","0","9.9999999999999998e-201","100","9.9999999999999998e-201","NaN","NaN","LogCCDF","-3.9812808189568126e-159","0","1.9999999999999999e-11","0","R-stats","finite"
"Gamma","R-standardized-evaluation","0","9.9999999999999998e-201","100","9.9999999999999991e-199","NaN","NaN","LogPDF","457.29466164205479","1.9999999999999999e-11","1.9999999999999999e-11","0","R-stats","finite"
"Gamma","R-standardized-evaluation","0","9.9999999999999998e-201","100","9.9999999999999991e-199","NaN","NaN","LogCDF","-0.66689715058528931","0","1.9999999999999999e-11","0","R-stats","finite"
"Gamma","R-standardized-evaluation","0","9.9999999999999998e-201","100","9.9999999999999991e-199","NaN","NaN","LogCCDF","-0.72010489302547409","0","1.9999999999999999e-11","0","R-stats","finite"
"Gamma","R-standardized-evaluation","0","9.9999999999999998e-201","100","9.9999999999999999e-198","NaN","NaN","LogPDF","-214.74941415153467","1.9999999999999999e-11","1.9999999999999999e-11","0","R-stats","finite"
"Gamma","R-standardized-evaluation","0","9.9999999999999998e-201","100","9.9999999999999999e-198","NaN","NaN","LogCDF","-6.0358275296316284e-294","0","1.9999999999999999e-11","0","R-stats","finite"
"Gamma","R-standardized-evaluation","0","9.9999999999999998e-201","100","9.9999999999999999e-198","NaN","NaN","LogCCDF","-675.16230437337174","0","1.9999999999999999e-11","0","R-stats","finite"
"Gamma","R-standardized-evaluation","0","9.9999999999999997e+199","100","0","NaN","NaN","LogPDF","-Inf","1.9999999999999999e-11","1.9999999999999999e-11","0","R-stats","infinite"
"Gamma","R-standardized-evaluation","0","9.9999999999999997e+199","100","0","NaN","NaN","LogCDF","-Inf","0","1.9999999999999999e-11","0","R-stats","infinite"
"Gamma","R-standardized-evaluation","0","9.9999999999999997e+199","100","0","NaN","NaN","LogCCDF","0","0","1.9999999999999999e-11","0","R-stats","finite"
"Gamma","R-standardized-evaluation","0","9.9999999999999997e+199","100","1.0000000000000001e+190","NaN","NaN","LogPDF","-3099.2104660325895","1.9999999999999999e-11","1.9999999999999999e-11","0","R-stats","finite"
"Gamma","R-standardized-evaluation","0","9.9999999999999997e+199","100","1.0000000000000001e+190","NaN","NaN","LogCDF","-2666.3244685497079","0","1.9999999999999999e-11","0","R-stats","finite"
"Gamma","R-standardized-evaluation","0","9.9999999999999997e+199","100","1.0000000000000001e+190","NaN","NaN","LogCCDF","-0","0","1.9999999999999999e-11","0","R-stats","finite"
"Gamma","R-standardized-evaluation","0","9.9999999999999997e+199","100","1.0000000000000001e+199","NaN","NaN","LogPDF","-1047.7071481747951","1.9999999999999999e-11","1.9999999999999999e-11","0","R-stats","finite"
"Gamma","R-standardized-evaluation","0","9.9999999999999997e+199","100","1.0000000000000001e+199","NaN","NaN","LogCDF","-594.0968942751158","0","1.9999999999999999e-11","0","R-stats","finite"
"Gamma","R-standardized-evaluation","0","9.9999999999999997e+199","100","1.0000000000000001e+199","NaN","NaN","LogCCDF","-9.7050348771266356e-259","0","1.9999999999999999e-11","0","R-stats","finite"
"Gamma","R-standardized-evaluation","0","9.9999999999999997e+199","100","9.9999999999999997e+199","NaN","NaN","LogPDF","-820.65122396838456","1.9999999999999999e-11","1.9999999999999999e-11","0","R-stats","finite"
"Gamma","R-standardized-evaluation","0","9.9999999999999997e+199","100","9.9999999999999997e+199","NaN","NaN","LogCDF","-364.72942620471963","0","1.9999999999999999e-11","0","R-stats","finite"
"Gamma","R-standardized-evaluation","0","9.9999999999999997e+199","100","9.9999999999999997e+199","NaN","NaN","LogCCDF","-3.9812808189568126e-159","0","1.9999999999999999e-11","0","R-stats","finite"
"Gamma","R-standardized-evaluation","0","9.9999999999999997e+199","100","9.999999999999999e+201","NaN","NaN","LogPDF","-463.73937555556353","1.9999999999999999e-11","1.9999999999999999e-11","0","R-stats","finite"
"Gamma","R-standardized-evaluation","0","9.9999999999999997e+199","100","9.999999999999999e+201","NaN","NaN","LogCDF","-0.66689715058528931","0","1.9999999999999999e-11","0","R-stats","finite"
"Gamma","R-standardized-evaluation","0","9.9999999999999997e+199","100","9.999999999999999e+201","NaN","NaN","LogCCDF","-0.72010489302547409","0","1.9999999999999999e-11","0","R-stats","finite"
"Gamma","R-standardized-evaluation","0","9.9999999999999997e+199","100","0.99999999999999999e+203","NaN","NaN","LogPDF","-1135.783451349153","1.9999999999999999e-11","1.9999999999999999e-11","0","R-stats","finite"
"Gamma","R-standardized-evaluation","0","9.9999999999999997e+199","100","0.99999999999999999e+203","NaN","NaN","LogCDF","-6.0358275296316284e-294","0","1.9999999999999999e-11","0","R-stats","finite"
"Gamma","R-standardized-evaluation","0","9.9999999999999997e+199","100","0.99999999999999999e+203","NaN","NaN","LogCCDF","-675.16230437337174","0","1.9999999999999999e-11","0","R-stats","finite"
"Gamma","R-standardized-evaluation","0","1","10000","0","NaN","NaN","LogPDF","-Inf","1.9999999999999999e-11","1.9999999999999999e-11","0","R-stats","infinite"
"Gamma","R-standardized-evaluation","0","1","10000","0","NaN","NaN","LogCDF","-Inf","0","1.9999999999999999e-11","0","R-stats","infinite"
"Gamma","R-standardized-evaluation","0","1","10000","0","NaN","NaN","LogCCDF","0","0","1.9999999999999999e-11","0","R-stats","finite"
"Gamma","R-standardized-evaluation","0","1","10000","1e-10","NaN","NaN","LogPDF","-312335.20094491716","1.9999999999999999e-11","1.9999999999999999e-11","0","R-stats","finite"
"Gamma","R-standardized-evaluation","0","1","10000","1e-10","NaN","NaN","LogCDF","-312367.437136219","0","1.9999999999999999e-11","0","R-stats","finite"
"Gamma","R-standardized-evaluation","0","1","10000","1e-10","NaN","NaN","LogCCDF","-0","0","1.9999999999999999e-11","0","R-stats","finite"
"Gamma","R-standardized-evaluation","0","1","10000","0.10000000000000001","NaN","NaN","LogPDF","-105123.36584128984","1.9999999999999999e-11","1.9999999999999999e-11","0","R-stats","finite"
"Gamma","R-standardized-evaluation","0","1","10000","0.10000000000000001","NaN","NaN","LogCDF","-105134.87875675576","0","1.9999999999999999e-11","0","R-stats","finite"
"Gamma","R-standardized-evaluation","0","1","10000","0.10000000000000001","NaN","NaN","LogCCDF","-0","0","1.9999999999999999e-11","0","R-stats","finite"
"Gamma","R-standardized-evaluation","0","1","10000","1","NaN","NaN","LogPDF","-82100.717496442376","1.9999999999999999e-11","1.9999999999999999e-11","0","R-stats","finite"
"Gamma","R-standardized-evaluation","0","1","10000","1","NaN","NaN","LogCDF","-82109.927736819358","0","1.9999999999999999e-11","0","R-stats","finite"
"Gamma","R-standardized-evaluation","0","1","10000","1","NaN","NaN","LogCCDF","-0","0","1.9999999999999999e-11","0","R-stats","finite"
"Gamma","R-standardized-evaluation","0","1","10000","10000","NaN","NaN","LogPDF","-5.5241170525260941","1.9999999999999999e-11","1.9999999999999999e-11","0","R-stats","finite"
"Gamma","R-standardized-evaluation","0","1","10000","10000","NaN","NaN","LogCDF","-0.69049109440197243","0","1.9999999999999999e-11","0","R-stats","finite"
"Gamma","R-standardized-evaluation","0","1","10000","10000","NaN","NaN","LogCCDF","-0.69581034030382005","0","1.9999999999999999e-11","0","R-stats","finite"
"Gamma","R-standardized-evaluation","0","1","10000","1000","NaN","NaN","LogPDF","-14029.072461899988","1.9999999999999999e-11","1.9999999999999999e-11","0","R-stats","finite"
"Gamma","R-standardized-evaluation","0","1","10000","1000","NaN","NaN","LogCDF","-14031.269698821252","0","1.9999999999999999e-11","0","R-stats","finite"
"Gamma","R-standardized-evaluation","0","1","10000","1000","NaN","NaN","LogCCDF","-0","0","1.9999999999999999e-11","0","R-stats","finite"
"Gamma","R-standardized-evaluation","0","9.9999999999999998e-201","10000","0","NaN","NaN","LogPDF","-Inf","1.9999999999999999e-11","1.9999999999999999e-11","0","R-stats","infinite"
"Gamma","R-standardized-evaluation","0","9.9999999999999998e-201","10000","0","NaN","NaN","LogCDF","-Inf","0","1.9999999999999999e-11","0","R-stats","infinite"
"Gamma","R-standardized-evaluation","0","9.9999999999999998e-201","10000","0","NaN","NaN","LogCCDF","0","0","1.9999999999999999e-11","0","R-stats","finite"
"Gamma","R-standardized-evaluation","0","9.9999999999999998e-201","10000","1e-210","NaN","NaN","LogPDF","-311874.68392631836","1.9999999999999999e-11","1.9999999999999999e-11","0","R-stats","finite"
"Gamma","R-standardized-evaluation","0","9.9999999999999998e-201","10000","1e-210","NaN","NaN","LogCDF","-312367.437136219","0","1.9999999999999999e-11","0","R-stats","finite"
"Gamma","R-standardized-evaluation","0","9.9999999999999998e-201","10000","1e-210","NaN","NaN","LogCCDF","-0","0","1.9999999999999999e-11","0","R-stats","finite"
"Gamma","R-standardized-evaluation","0","9.9999999999999998e-201","10000","1.0000000000000001e-201","NaN","NaN","LogPDF","-104662.84882269103","1.9999999999999999e-11","1.9999999999999999e-11","0","R-stats","finite"
"Gamma","R-standardized-evaluation","0","9.9999999999999998e-201","10000","1.0000000000000001e-201","NaN","NaN","LogCDF","-105134.87875675576","0","1.9999999999999999e-11","0","R-stats","finite"
"Gamma","R-standardized-evaluation","0","9.9999999999999998e-201","10000","1.0000000000000001e-201","NaN","NaN","LogCCDF","-0","0","1.9999999999999999e-11","0","R-stats","finite"
"Gamma","R-standardized-evaluation","0","9.9999999999999998e-201","10000","9.9999999999999998e-201","NaN","NaN","LogPDF","-81640.200477843566","1.9999999999999999e-11","1.9999999999999999e-11","0","R-stats","finite"
"Gamma","R-standardized-evaluation","0","9.9999999999999998e-201","10000","9.9999999999999998e-201","NaN","NaN","LogCDF","-82109.927736819358","0","1.9999999999999999e-11","0","R-stats","finite"
"Gamma","R-standardized-evaluation","0","9.9999999999999998e-201","10000","9.9999999999999998e-201","NaN","NaN","LogCCDF","-0","0","1.9999999999999999e-11","0","R-stats","finite"
"Gamma","R-standardized-evaluation","0","9.9999999999999998e-201","10000","9.9999999999999993e-197","NaN","NaN","LogPDF","454.99290154628306","1.9999999999999999e-11","1.9999999999999999e-11","0","R-stats","finite"
"Gamma","R-standardized-evaluation","0","9.9999999999999998e-201","10000","9.9999999999999993e-197","NaN","NaN","LogCDF","-0.69049109440197243","0","1.9999999999999999e-11","0","R-stats","finite"
"Gamma","R-standardized-evaluation","0","9.9999999999999998e-201","10000","9.9999999999999993e-197","NaN","NaN","LogCCDF","-0.69581034030382005","0","1.9999999999999999e-11","0","R-stats","finite"
"Gamma","R-standardized-evaluation","0","9.9999999999999998e-201","10000","9.9999999999999999e-198","NaN","NaN","LogPDF","-13568.555443301178","1.9999999999999999e-11","1.9999999999999999e-11","0","R-stats","finite"
"Gamma","R-standardized-evaluation","0","9.9999999999999998e-201","10000","9.9999999999999999e-198","NaN","NaN","LogCDF","-14031.269698821252","0","1.9999999999999999e-11","0","R-stats","finite"
"Gamma","R-standardized-evaluation","0","9.9999999999999998e-201","10000","9.9999999999999999e-198","NaN","NaN","LogCCDF","-0","0","1.9999999999999999e-11","0","R-stats","finite"
"Gamma","R-standardized-evaluation","0","9.9999999999999997e+199","10000","0","NaN","NaN","LogPDF","-Inf","1.9999999999999999e-11","1.9999999999999999e-11","0","R-stats","infinite"
"Gamma","R-standardized-evaluation","0","9.9999999999999997e+199","10000","0","NaN","NaN","LogCDF","-Inf","0","1.9999999999999999e-11","0","R-stats","infinite"
"Gamma","R-standardized-evaluation","0","9.9999999999999997e+199","10000","0","NaN","NaN","LogCCDF","0","0","1.9999999999999999e-11","0","R-stats","finite"
"Gamma","R-standardized-evaluation","0","9.9999999999999997e+199","10000","1.0000000000000001e+190","NaN","NaN","LogPDF","-312795.71796351596","1.9999999999999999e-11","1.9999999999999999e-11","0","R-stats","finite"
"Gamma","R-standardized-evaluation","0","9.9999999999999997e+199","10000","1.0000000000000001e+190","NaN","NaN","LogCDF","-312367.437136219","0","1.9999999999999999e-11","0","R-stats","finite"
"Gamma","R-standardized-evaluation","0","9.9999999999999997e+199","10000","1.0000000000000001e+190","NaN","NaN","LogCCDF","-0","0","1.9999999999999999e-11","0","R-stats","finite"
"Gamma","R-standardized-evaluation","0","9.9999999999999997e+199","10000","1.0000000000000001e+199","NaN","NaN","LogPDF","-105583.88285988865","1.9999999999999999e-11","1.9999999999999999e-11","0","R-stats","finite"
"Gamma","R-standardized-evaluation","0","9.9999999999999997e+199","10000","1.0000000000000001e+199","NaN","NaN","LogCDF","-105134.87875675576","0","1.9999999999999999e-11","0","R-stats","finite"
"Gamma","R-standardized-evaluation","0","9.9999999999999997e+199","10000","1.0000000000000001e+199","NaN","NaN","LogCCDF","-0","0","1.9999999999999999e-11","0","R-stats","finite"
"Gamma","R-standardized-evaluation","0","9.9999999999999997e+199","10000","9.9999999999999997e+199","NaN","NaN","LogPDF","-82561.234515041186","1.9999999999999999e-11","1.9999999999999999e-11","0","R-stats","finite"
"Gamma","R-standardized-evaluation","0","9.9999999999999997e+199","10000","9.9999999999999997e+199","NaN","NaN","LogCDF","-82109.927736819358","0","1.9999999999999999e-11","0","R-stats","finite"
"Gamma","R-standardized-evaluation","0","9.9999999999999997e+199","10000","9.9999999999999997e+199","NaN","NaN","LogCCDF","-0","0","1.9999999999999999e-11","0","R-stats","finite"
"Gamma","R-standardized-evaluation","0","9.9999999999999997e+199","10000","0.99999999999999999e+204","NaN","NaN","LogPDF","-466.04113565133525","1.9999999999999999e-11","1.9999999999999999e-11","0","R-stats","finite"
"Gamma","R-standardized-evaluation","0","9.9999999999999997e+199","10000","0.99999999999999999e+204","NaN","NaN","LogCDF","-0.69049109440197243","0","1.9999999999999999e-11","0","R-stats","finite"
"Gamma","R-standardized-evaluation","0","9.9999999999999997e+199","10000","0.99999999999999999e+204","NaN","NaN","LogCCDF","-0.69581034030382005","0","1.9999999999999999e-11","0","R-stats","finite"
"Gamma","R-standardized-evaluation","0","9.9999999999999997e+199","10000","0.99999999999999999e+203","NaN","NaN","LogPDF","-14489.589480498798","1.9999999999999999e-11","1.9999999999999999e-11","0","R-stats","finite"
"Gamma","R-standardized-evaluation","0","9.9999999999999997e+199","10000","0.99999999999999999e+203","NaN","NaN","LogCDF","-14031.269698821252","0","1.9999999999999999e-11","0","R-stats","finite"
"Gamma","R-standardized-evaluation","0","9.9999999999999997e+199","10000","0.99999999999999999e+203","NaN","NaN","LogCCDF","-0","0","1.9999999999999999e-11","0","R-stats","finite"
"Weibull","R-standardized-evaluation","0","1","0.10000000000000001","0","NaN","NaN","LogPDF","Inf","1.9999999999999999e-11","1.9999999999999999e-11","0","R-stats","infinite"
"Weibull","R-standardized-evaluation","0","1","0.10000000000000001","0","NaN","NaN","LogCDF","-Inf","0","1.9999999999999999e-11","0","R-stats","infinite"
"Weibull","R-standardized-evaluation","0","1","0.10000000000000001","0","NaN","NaN","LogCCDF","0","0","1.9999999999999999e-11","0","R-stats","finite"
"Weibull","R-standardized-evaluation","0","1","0.10000000000000001","9.9999999999999995e-21","NaN","NaN","LogPDF","39.13394658089878","1.9999999999999999e-11","1.9999999999999999e-11","0","R-stats","finite"
"Weibull","R-standardized-evaluation","0","1","0.10000000000000001","9.9999999999999995e-21","NaN","NaN","LogCDF","-4.6101660193248968","0","1.9999999999999999e-11","0","R-stats","finite"
"Weibull","R-standardized-evaluation","0","1","0.10000000000000001","9.9999999999999995e-21","NaN","NaN","LogCCDF","-0.009999999999999997","0","1.9999999999999999e-11","0","R-stats","finite"
"Weibull","R-standardized-evaluation","0","1","0.10000000000000001","0.10000000000000001","NaN","NaN","LogPDF","-1.024586744023686","1.9999999999999999e-11","1.9999999999999999e-11","0","R-stats","finite"
"Weibull","R-standardized-evaluation","0","1","0.10000000000000001","0.10000000000000001","NaN","NaN","LogCDF","-0.60126960071977242","0","1.9999999999999999e-11","0","R-stats","finite"
"Weibull","R-standardized-evaluation","0","1","0.10000000000000001","0.10000000000000001","NaN","NaN","LogCCDF","-0.79432823472428149","0","1.9999999999999999e-11","0","R-stats","finite"
"Weibull","R-standardized-evaluation","0","1","0.10000000000000001","1","NaN","NaN","LogPDF","-3.3025850929940455","1.9999999999999999e-11","1.9999999999999999e-11","0","R-stats","finite"
"Weibull","R-standardized-evaluation","0","1","0.10000000000000001","1","NaN","NaN","LogCDF","-0.45867514538708193","0","1.9999999999999999e-11","0","R-stats","finite"
"Weibull","R-standardized-evaluation","0","1","0.10000000000000001","1","NaN","NaN","LogCCDF","-1","0","1.9999999999999999e-11","0","R-stats","finite"
"Weibull","R-standardized-evaluation","0","1","0.10000000000000001","10","NaN","NaN","LogPDF","-5.6338370884828537","1.9999999999999999e-11","1.9999999999999999e-11","0","R-stats","finite"
"Weibull","R-standardized-evaluation","0","1","0.10000000000000001","10","NaN","NaN","LogCDF","-0.33401785333002137","0","1.9999999999999999e-11","0","R-stats","finite"
"Weibull","R-standardized-evaluation","0","1","0.10000000000000001","10","NaN","NaN","LogCCDF","-1.2589254117941673","0","1.9999999999999999e-11","0","R-stats","finite"
"Weibull","R-standardized-evaluation","0","1","0.10000000000000001","1000","NaN","NaN","LogPDF","-10.514827159046849","1.9999999999999999e-11","1.9999999999999999e-11","0","R-stats","finite"
"Weibull","R-standardized-evaluation","0","1","0.10000000000000001","1000","NaN","NaN","LogCDF","-0.14615702488763918","0","1.9999999999999999e-11","0","R-stats","finite"
"Weibull","R-standardized-evaluation","0","1","0.10000000000000001","1000","NaN","NaN","LogCCDF","-1.9952623149688797","0","1.9999999999999999e-11","0","R-stats","finite"
"Weibull","R-standardized-evaluation","0","9.9999999999999998e-201","0.10000000000000001","0","NaN","NaN","LogPDF","Inf","1.9999999999999999e-11","1.9999999999999999e-11","0","R-stats","infinite"
"Weibull","R-standardized-evaluation","0","9.9999999999999998e-201","0.10000000000000001","0","NaN","NaN","LogCDF","-Inf","0","1.9999999999999999e-11","0","R-stats","infinite"
"Weibull","R-standardized-evaluation","0","9.9999999999999998e-201","0.10000000000000001","0","NaN","NaN","LogCCDF","0","0","1.9999999999999999e-11","0","R-stats","finite"
"Weibull","R-standardized-evaluation","0","9.9999999999999998e-201","0.10000000000000001","9.9999999999999999e-221","NaN","NaN","LogPDF","499.65096517970795","1.9999999999999999e-11","1.9999999999999999e-11","0","R-stats","finite"
"Weibull","R-standardized-evaluation","0","9.9999999999999998e-201","0.10000000000000001","9.9999999999999999e-221","NaN","NaN","LogCDF","-4.6101660193248968","0","1.9999999999999999e-11","0","R-stats","finite"
"Weibull","R-standardized-evaluation","0","9.9999999999999998e-201","0.10000000000000001","9.9999999999999999e-221","NaN","NaN","LogCCDF","-0.009999999999999997","0","1.9999999999999999e-11","0","R-stats","finite"
"Weibull","R-standardized-evaluation","0","9.9999999999999998e-201","0.10000000000000001","1.0000000000000001e-201","NaN","NaN","LogPDF","459.49243185478548","1.9999999999999999e-11","1.9999999999999999e-11","0","R-stats","finite"
"Weibull","R-standardized-evaluation","0","9.9999999999999998e-201","0.10000000000000001","1.0000000000000001e-201","NaN","NaN","LogCDF","-0.60126960071977242","0","1.9999999999999999e-11","0","R-stats","finite"
"Weibull","R-standardized-evaluation","0","9.9999999999999998e-201","0.10000000000000001","1.0000000000000001e-201","NaN","NaN","LogCCDF","-0.79432823472428149","0","1.9999999999999999e-11","0","R-stats","finite"
"Weibull","R-standardized-evaluation","0","9.9999999999999998e-201","0.10000000000000001","9.9999999999999998e-201","NaN","NaN","LogPDF","457.21443350581512","1.9999999999999999e-11","1.9999999999999999e-11","0","R-stats","finite"
"Weibull","R-standardized-evaluation","0","9.9999999999999998e-201","0.10000000000000001","9.9999999999999998e-201","NaN","NaN","LogCDF","-0.45867514538708193","0","1.9999999999999999e-11","0","R-stats","finite"
"Weibull","R-standardized-evaluation","0","9.9999999999999998e-201","0.10000000000000001","9.9999999999999998e-201","NaN","NaN","LogCCDF","-1","0","1.9999999999999999e-11","0","R-stats","finite"
"Weibull","R-standardized-evaluation","0","9.9999999999999998e-201","0.10000000000000001","9.9999999999999998e-200","NaN","NaN","LogPDF","454.88318151032632","1.9999999999999999e-11","1.9999999999999999e-11","0","R-stats","finite"
"Weibull","R-standardized-evaluation","0","9.9999999999999998e-201","0.10000000000000001","9.9999999999999998e-200","NaN","NaN","LogCDF","-0.33401785333002137","0","1.9999999999999999e-11","0","R-stats","finite"
"Weibull","R-standardized-evaluation","0","9.9999999999999998e-201","0.10000000000000001","9.9999999999999998e-200","NaN","NaN","LogCCDF","-1.2589254117941673","0","1.9999999999999999e-11","0","R-stats","finite"
"Weibull","R-standardized-evaluation","0","9.9999999999999998e-201","0.10000000000000001","9.9999999999999999e-198","NaN","NaN","LogPDF","450.00219143976233","1.9999999999999999e-11","1.9999999999999999e-11","0","R-stats","finite"
"Weibull","R-standardized-evaluation","0","9.9999999999999998e-201","0.10000000000000001","9.9999999999999999e-198","NaN","NaN","LogCDF","-0.14615702488763918","0","1.9999999999999999e-11","0","R-stats","finite"
"Weibull","R-standardized-evaluation","0","9.9999999999999998e-201","0.10000000000000001","9.9999999999999999e-198","NaN","NaN","LogCCDF","-1.9952623149688797","0","1.9999999999999999e-11","0","R-stats","finite"
"Weibull","R-standardized-evaluation","0","9.9999999999999997e+199","0.10000000000000001","0","NaN","NaN","LogPDF","Inf","1.9999999999999999e-11","1.9999999999999999e-11","0","R-stats","infinite"
"Weibull","R-standardized-evaluation","0","9.9999999999999997e+199","0.10000000000000001","0","NaN","NaN","LogCDF","-Inf","0","1.9999999999999999e-11","0","R-stats","infinite"
"Weibull","R-standardized-evaluation","0","9.9999999999999997e+199","0.10000000000000001","0","NaN","NaN","LogCCDF","0","0","1.9999999999999999e-11","0","R-stats","finite"
"Weibull","R-standardized-evaluation","0","9.9999999999999997e+199","0.10000000000000001","9.9999999999999989e+179","NaN","NaN","LogPDF","-421.38307201791037","1.9999999999999999e-11","1.9999999999999999e-11","0","R-stats","finite"
"Weibull","R-standardized-evaluation","0","9.9999999999999997e+199","0.10000000000000001","9.9999999999999989e+179","NaN","NaN","LogCDF","-4.6101660193248968","0","1.9999999999999999e-11","0","R-stats","finite"
"Weibull","R-standardized-evaluation","0","9.9999999999999997e+199","0.10000000000000001","9.9999999999999989e+179","NaN","NaN","LogCCDF","-0.009999999999999997","0","1.9999999999999999e-11","0","R-stats","finite"
"Weibull","R-standardized-evaluation","0","9.9999999999999997e+199","0.10000000000000001","1.0000000000000001e+199","NaN","NaN","LogPDF","-461.54160534283284","1.9999999999999999e-11","1.9999999999999999e-11","0","R-stats","finite"
"Weibull","R-standardized-evaluation","0","9.9999999999999997e+199","0.10000000000000001","1.0000000000000001e+199","NaN","NaN","LogCDF","-0.60126960071977242","0","1.9999999999999999e-11","0","R-stats","finite"
"Weibull","R-standardized-evaluation","0","9.9999999999999997e+199","0.10000000000000001","1.0000000000000001e+199","NaN","NaN","LogCCDF","-0.79432823472428149","0","1.9999999999999999e-11","0","R-stats","finite"
"Weibull","R-standardized-evaluation","0","9.9999999999999997e+199","0.10000000000000001","9.9999999999999997e+199","NaN","NaN","LogPDF","-463.8196036918032","1.9999999999999999e-11","1.9999999999999999e-11","0","R-stats","finite"
"Weibull","R-standardized-evaluation","0","9.9999999999999997e+199","0.10000000000000001","9.9999999999999997e+199","NaN","NaN","LogCDF","-0.45867514538708193","0","1.9999999999999999e-11","0","R-stats","finite"
"Weibull","R-standardized-evaluation","0","9.9999999999999997e+199","0.10000000000000001","9.9999999999999997e+199","NaN","NaN","LogCCDF","-1","0","1.9999999999999999e-11","0","R-stats","finite"
"Weibull","R-standardized-evaluation","0","9.9999999999999997e+199","0.10000000000000001","9.999999999999999e+200","NaN","NaN","LogPDF","-466.15085568729199","1.9999999999999999e-11","1.9999999999999999e-11","0","R-stats","finite"
"Weibull","R-standardized-evaluation","0","9.9999999999999997e+199","0.10000000000000001","9.999999999999999e+200","NaN","NaN","LogCDF","-0.33401785333002137","0","1.9999999999999999e-11","0","R-stats","finite"
"Weibull","R-standardized-evaluation","0","9.9999999999999997e+199","0.10000000000000001","9.999999999999999e+200","NaN","NaN","LogCCDF","-1.2589254117941673","0","1.9999999999999999e-11","0","R-stats","finite"
"Weibull","R-standardized-evaluation","0","9.9999999999999997e+199","0.10000000000000001","0.99999999999999999e+203","NaN","NaN","LogPDF","-471.03184575785599","1.9999999999999999e-11","1.9999999999999999e-11","0","R-stats","finite"
"Weibull","R-standardized-evaluation","0","9.9999999999999997e+199","0.10000000000000001","0.99999999999999999e+203","NaN","NaN","LogCDF","-0.14615702488763918","0","1.9999999999999999e-11","0","R-stats","finite"
"Weibull","R-standardized-evaluation","0","9.9999999999999997e+199","0.10000000000000001","0.99999999999999999e+203","NaN","NaN","LogCCDF","-1.9952623149688797","0","1.9999999999999999e-11","0","R-stats","finite"
"Weibull","R-standardized-evaluation","0","1","0.5","0","NaN","NaN","LogPDF","Inf","1.9999999999999999e-11","1.9999999999999999e-11","0","R-stats","infinite"
"Weibull","R-standardized-evaluation","0","1","0.5","0","NaN","NaN","LogCDF","-Inf","0","1.9999999999999999e-11","0","R-stats","infinite"
"Weibull","R-standardized-evaluation","0","1","0.5","0","NaN","NaN","LogCCDF","0","0","1.9999999999999999e-11","0","R-stats","finite"
"Weibull","R-standardized-evaluation","0","1","0.5","9.9999999999999995e-21","NaN","NaN","LogPDF","22.332703749280512","1.9999999999999999e-11","1.9999999999999999e-11","0","R-stats","finite"
"Weibull","R-standardized-evaluation","0","1","0.5","9.9999999999999995e-21","NaN","NaN","LogCDF","-23.025850929990458","0","1.9999999999999999e-11","0","R-stats","finite"
"Weibull","R-standardized-evaluation","0","1","0.5","9.9999999999999995e-21","NaN","NaN","LogCCDF","-1e-10","0","1.9999999999999999e-11","0","R-stats","finite"
"Weibull","R-standardized-evaluation","0","1","0.5","0.10000000000000001","NaN","NaN","LogPDF","0.1419175999202395","1.9999999999999999e-11","1.9999999999999999e-11","0","R-stats","finite"
"Weibull","R-standardized-evaluation","0","1","0.5","0.10000000000000001","NaN","NaN","LogCDF","-1.3052432295598466","0","1.9999999999999999e-11","0","R-stats","finite"
"Weibull","R-standardized-evaluation","0","1","0.5","0.10000000000000001","NaN","NaN","LogCCDF","-0.31622776601683794","0","1.9999999999999999e-11","0","R-stats","finite"
"Weibull","R-standardized-evaluation","0","1","0.5","1","NaN","NaN","LogPDF","-1.6931471805599454","1.9999999999999999e-11","1.9999999999999999e-11","0","R-stats","finite"
"Weibull","R-standardized-evaluation","0","1","0.5","1","NaN","NaN","LogCDF","-0.45867514538708193","0","1.9999999999999999e-11","0","R-stats","finite"
"Weibull","R-standardized-evaluation","0","1","0.5","1","NaN","NaN","LogCCDF","-1","0","1.9999999999999999e-11","0","R-stats","finite"
"Weibull","R-standardized-evaluation","0","1","0.5","10","NaN","NaN","LogPDF","-5.0067173872253479","1.9999999999999999e-11","1.9999999999999999e-11","0","R-stats","finite"
"Weibull","R-standardized-evaluation","0","1","0.5","10","NaN","NaN","LogCDF","-0.043251213124880235","0","1.9999999999999999e-11","0","R-stats","finite"
"Weibull","R-standardized-evaluation","0","1","0.5","10","NaN","NaN","LogCCDF","-3.1622776601683795","0","1.9999999999999999e-11","0","R-stats","finite"
"Weibull","R-standardized-evaluation","0","1","0.5","1000","NaN","NaN","LogPDF","-35.769801421734805","1.9999999999999999e-11","1.9999999999999999e-11","0","R-stats","finite"
"Weibull","R-standardized-evaluation","0","1","0.5","1000","NaN","NaN","LogCDF","-1.8467266624097115e-14","0","1.9999999999999999e-11","0","R-stats","finite"
"Weibull","R-standardized-evaluation","0","1","0.5","1000","NaN","NaN","LogCCDF","-31.622776601683793","0","1.9999999999999999e-11","0","R-stats","finite"
"Weibull","R-standardized-evaluation","0","9.9999999999999998e-201","0.5","0","NaN","NaN","LogPDF","Inf","1.9999999999999999e-11","1.9999999999999999e-11","0","R-stats","infinite"
"Weibull","R-standardized-evaluation","0","9.9999999999999998e-201","0.5","0","NaN","NaN","LogCDF","-Inf","0","1.9999999999999999e-11","0","R-stats","infinite"
"Weibull","R-standardized-evaluation","0","9.9999999999999998e-201","0.5","0","NaN","NaN","LogCCDF","0","0","1.9999999999999999e-11","0","R-stats","finite"
"Weibull","R-standardized-evaluation","0","9.9999999999999998e-201","0.5","9.9999999999999999e-221","NaN","NaN","LogPDF","482.8497223480897","1.9999999999999999e-11","1.9999999999999999e-11","0","R-stats","finite"
"Weibull","R-standardized-evaluation","0","9.9999999999999998e-201","0.5","9.9999999999999999e-221","NaN","NaN","LogCDF","-23.025850929990458","0","1.9999999999999999e-11","0","R-stats","finite"
"Weibull","R-standardized-evaluation","0","9.9999999999999998e-201","0.5","9.9999999999999999e-221","NaN","NaN","LogCCDF","-1e-10","0","1.9999999999999999e-11","0","R-stats","finite"
"Weibull","R-standardized-evaluation","0","9.9999999999999998e-201","0.5","1.0000000000000001e-201","NaN","NaN","LogPDF","460.65893619872941","1.9999999999999999e-11","1.9999999999999999e-11","0","R-stats","finite"
"Weibull","R-standardized-evaluation","0","9.9999999999999998e-201","0.5","1.0000000000000001e-201","NaN","NaN","LogCDF","-1.3052432295598466","0","1.9999999999999999e-11","0","R-stats","finite"
"Weibull","R-standardized-evaluation","0","9.9999999999999998e-201","0.5","1.0000000000000001e-201","NaN","NaN","LogCCDF","-0.31622776601683794","0","1.9999999999999999e-11","0","R-stats","finite"
"Weibull","R-standardized-evaluation","0","9.9999999999999998e-201","0.5","9.9999999999999998e-201","NaN","NaN","LogPDF","458.82387141824921","1.9999999999999999e-11","1.9999999999999999e-11","0","R-stats","finite"
"Weibull","R-standardized-evaluation","0","9.9999999999999998e-201","0.5","9.9999999999999998e-201","NaN","NaN","LogCDF","-0.45867514538708193","0","1.9999999999999999e-11","0","R-stats","finite"
"Weibull","R-standardized-evaluation","0","9.9999999999999998e-201","0.5","9.9999999999999998e-201","NaN","NaN","LogCCDF","-1","0","1.9999999999999999e-11","0","R-stats","finite"
"Weibull","R-standardized-evaluation","0","9.9999999999999998e-201","0.5","9.9999999999999998e-200","NaN","NaN","LogPDF","455.51030121158379","1.9999999999999999e-11","1.9999999999999999e-11","0","R-stats","finite"
"Weibull","R-standardized-evaluation","0","9.9999999999999998e-201","0.5","9.9999999999999998e-200","NaN","NaN","LogCDF","-0.043251213124880235","0","1.9999999999999999e-11","0","R-stats","finite"
"Weibull","R-standardized-evaluation","0","9.9999999999999998e-201","0.5","9.9999999999999998e-200","NaN","NaN","LogCCDF","-3.1622776601683795","0","1.9999999999999999e-11","0","R-stats","finite"
"Weibull","R-standardized-evaluation","0","9.9999999999999998e-201","0.5","9.9999999999999999e-198","NaN","NaN","LogPDF","424.74721717707433","1.9999999999999999e-11","1.9999999999999999e-11","0","R-stats","finite"
"Weibull","R-standardized-evaluation","0","9.9999999999999998e-201","0.5","9.9999999999999999e-198","NaN","NaN","LogCDF","-1.8467266624097115e-14","0","1.9999999999999999e-11","0","R-stats","finite"
"Weibull","R-standardized-evaluation","0","9.9999999999999998e-201","0.5","9.9999999999999999e-198","NaN","NaN","LogCCDF","-31.622776601683793","0","1.9999999999999999e-11","0","R-stats","finite"
"Weibull","R-standardized-evaluation","0","9.9999999999999997e+199","0.5","0","NaN","NaN","LogPDF","Inf","1.9999999999999999e-11","1.9999999999999999e-11","0","R-stats","infinite"
"Weibull","R-standardized-evaluation","0","9.9999999999999997e+199","0.5","0","NaN","NaN","LogCDF","-Inf","0","1.9999999999999999e-11","0","R-stats","infinite"
"Weibull","R-standardized-evaluation","0","9.9999999999999997e+199","0.5","0","NaN","NaN","LogCCDF","0","0","1.9999999999999999e-11","0","R-stats","finite"
"Weibull","R-standardized-evaluation","0","9.9999999999999997e+199","0.5","9.9999999999999989e+179","NaN","NaN","LogPDF","-438.18431484952862","1.9999999999999999e-11","1.9999999999999999e-11","0","R-stats","finite"
"Weibull","R-standardized-evaluation","0","9.9999999999999997e+199","0.5","9.9999999999999989e+179","NaN","NaN","LogCDF","-23.025850929990458","0","1.9999999999999999e-11","0","R-stats","finite"
"Weibull","R-standardized-evaluation","0","9.9999999999999997e+199","0.5","9.9999999999999989e+179","NaN","NaN","LogCCDF","-1e-10","0","1.9999999999999999e-11","0","R-stats","finite"
"Weibull","R-standardized-evaluation","0","9.9999999999999997e+199","0.5","1.0000000000000001e+199","NaN","NaN","LogPDF","-460.37510099888891","1.9999999999999999e-11","1.9999999999999999e-11","0","R-stats","finite"
"Weibull","R-standardized-evaluation","0","9.9999999999999997e+199","0.5","1.0000000000000001e+199","NaN","NaN","LogCDF","-1.3052432295598466","0","1.9999999999999999e-11","0","R-stats","finite"
"Weibull","R-standardized-evaluation","0","9.9999999999999997e+199","0.5","1.0000000000000001e+199","NaN","NaN","LogCCDF","-0.31622776601683794","0","1.9999999999999999e-11","0","R-stats","finite"
"Weibull","R-standardized-evaluation","0","9.9999999999999997e+199","0.5","9.9999999999999997e+199","NaN","NaN","LogPDF","-462.21016577936911","1.9999999999999999e-11","1.9999999999999999e-11","0","R-stats","finite"
"Weibull","R-standardized-evaluation","0","9.9999999999999997e+199","0.5","9.9999999999999997e+199","NaN","NaN","LogCDF","-0.45867514538708193","0","1.9999999999999999e-11","0","R-stats","finite"
"Weibull","R-standardized-evaluation","0","9.9999999999999997e+199","0.5","9.9999999999999997e+199","NaN","NaN","LogCCDF","-1","0","1.9999999999999999e-11","0","R-stats","finite"
"Weibull","R-standardized-evaluation","0","9.9999999999999997e+199","0.5","9.999999999999999e+200","NaN","NaN","LogPDF","-465.52373598603452","1.9999999999999999e-11","1.9999999999999999e-11","0","R-stats","finite"
"Weibull","R-standardized-evaluation","0","9.9999999999999997e+199","0.5","9.999999999999999e+200","NaN","NaN","LogCDF","-0.043251213124880235","0","1.9999999999999999e-11","0","R-stats","finite"
"Weibull","R-standardized-evaluation","0","9.9999999999999997e+199","0.5","9.999999999999999e+200","NaN","NaN","LogCCDF","-3.1622776601683795","0","1.9999999999999999e-11","0","R-stats","finite"
"Weibull","R-standardized-evaluation","0","9.9999999999999997e+199","0.5","0.99999999999999999e+203","NaN","NaN","LogPDF","-496.28682002054398","1.9999999999999999e-11","1.9999999999999999e-11","0","R-stats","finite"
"Weibull","R-standardized-evaluation","0","9.9999999999999997e+199","0.5","0.99999999999999999e+203","NaN","NaN","LogCDF","-1.8467266624097115e-14","0","1.9999999999999999e-11","0","R-stats","finite"
"Weibull","R-standardized-evaluation","0","9.9999999999999997e+199","0.5","0.99999999999999999e+203","NaN","NaN","LogCCDF","-31.622776601683793","0","1.9999999999999999e-11","0","R-stats","finite"
"Weibull","R-standardized-evaluation","0","1","1","0","NaN","NaN","LogPDF","0","1.9999999999999999e-11","1.9999999999999999e-11","0","R-stats","finite"
"Weibull","R-standardized-evaluation","0","1","1","0","NaN","NaN","LogCDF","-Inf","0","1.9999999999999999e-11","0","R-stats","infinite"
"Weibull","R-standardized-evaluation","0","1","1","0","NaN","NaN","LogCCDF","0","0","1.9999999999999999e-11","0","R-stats","finite"
"Weibull","R-standardized-evaluation","0","1","1","9.9999999999999995e-21","NaN","NaN","LogPDF","-9.9999999999999995e-21","1.9999999999999999e-11","1.9999999999999999e-11","0","R-stats","finite"
"Weibull","R-standardized-evaluation","0","1","1","9.9999999999999995e-21","NaN","NaN","LogCDF","-46.051701859880914","0","1.9999999999999999e-11","0","R-stats","finite"
"Weibull","R-standardized-evaluation","0","1","1","9.9999999999999995e-21","NaN","NaN","LogCCDF","-9.9999999999999995e-21","0","1.9999999999999999e-11","0","R-stats","finite"
"Weibull","R-standardized-evaluation","0","1","1","0.10000000000000001","NaN","NaN","LogPDF","-0.10000000000000001","1.9999999999999999e-11","1.9999999999999999e-11","0","R-stats","finite"
"Weibull","R-standardized-evaluation","0","1","1","0.10000000000000001","NaN","NaN","LogCDF","-2.3521684610440907","0","1.9999999999999999e-11","0","R-stats","finite"
"Weibull","R-standardized-evaluation","0","1","1","0.10000000000000001","NaN","NaN","LogCCDF","-0.10000000000000001","0","1.9999999999999999e-11","0","R-stats","finite"
"Weibull","R-standardized-evaluation","0","1","1","1","NaN","NaN","LogPDF","-1","1.9999999999999999e-11","1.9999999999999999e-11","0","R-stats","finite"
"Weibull","R-standardized-evaluation","0","1","1","1","NaN","NaN","LogCDF","-0.45867514538708193","0","1.9999999999999999e-11","0","R-stats","finite"
"Weibull","R-standardized-evaluation","0","1","1","1","NaN","NaN","LogCCDF","-1","0","1.9999999999999999e-11","0","R-stats","finite"
"Weibull","R-standardized-evaluation","0","1","1","10","NaN","NaN","LogPDF","-10","1.9999999999999999e-11","1.9999999999999999e-11","0","R-stats","finite"
"Weibull","R-standardized-evaluation","0","1","1","10","NaN","NaN","LogCDF","-4.5400960370489214e-05","0","1.9999999999999999e-11","0","R-stats","finite"
"Weibull","R-standardized-evaluation","0","1","1","10","NaN","NaN","LogCCDF","-10","0","1.9999999999999999e-11","0","R-stats","finite"
"Weibull","R-standardized-evaluation","0","1","1","1000","NaN","NaN","LogPDF","-1000","1.9999999999999999e-11","1.9999999999999999e-11","0","R-stats","finite"
"Weibull","R-standardized-evaluation","0","1","1","1000","NaN","NaN","LogCDF","-0","0","1.9999999999999999e-11","0","R-stats","finite"
"Weibull","R-standardized-evaluation","0","1","1","1000","NaN","NaN","LogCCDF","-1000","0","1.9999999999999999e-11","0","R-stats","finite"
"Weibull","R-standardized-evaluation","0","9.9999999999999998e-201","1","0","NaN","NaN","LogPDF","460.51701859880916","1.9999999999999999e-11","1.9999999999999999e-11","0","R-stats","finite"
"Weibull","R-standardized-evaluation","0","9.9999999999999998e-201","1","0","NaN","NaN","LogCDF","-Inf","0","1.9999999999999999e-11","0","R-stats","infinite"
"Weibull","R-standardized-evaluation","0","9.9999999999999998e-201","1","0","NaN","NaN","LogCCDF","0","0","1.9999999999999999e-11","0","R-stats","finite"
"Weibull","R-standardized-evaluation","0","9.9999999999999998e-201","1","9.9999999999999999e-221","NaN","NaN","LogPDF","460.51701859880916","1.9999999999999999e-11","1.9999999999999999e-11","0","R-stats","finite"
"Weibull","R-standardized-evaluation","0","9.9999999999999998e-201","1","9.9999999999999999e-221","NaN","NaN","LogCDF","-46.051701859880914","0","1.9999999999999999e-11","0","R-stats","finite"
"Weibull","R-standardized-evaluation","0","9.9999999999999998e-201","1","9.9999999999999999e-221","NaN","NaN","LogCCDF","-9.9999999999999995e-21","0","1.9999999999999999e-11","0","R-stats","finite"
"Weibull","R-standardized-evaluation","0","9.9999999999999998e-201","1","1.0000000000000001e-201","NaN","NaN","LogPDF","460.41701859880914","1.9999999999999999e-11","1.9999999999999999e-11","0","R-stats","finite"
"Weibull","R-standardized-evaluation","0","9.9999999999999998e-201","1","1.0000000000000001e-201","NaN","NaN","LogCDF","-2.3521684610440907","0","1.9999999999999999e-11","0","R-stats","finite"
"Weibull","R-standardized-evaluation","0","9.9999999999999998e-201","1","1.0000000000000001e-201","NaN","NaN","LogCCDF","-0.10000000000000001","0","1.9999999999999999e-11","0","R-stats","finite"
"Weibull","R-standardized-evaluation","0","9.9999999999999998e-201","1","9.9999999999999998e-201","NaN","NaN","LogPDF","459.51701859880916","1.9999999999999999e-11","1.9999999999999999e-11","0","R-stats","finite"
"Weibull","R-standardized-evaluation","0","9.9999999999999998e-201","1","9.9999999999999998e-201","NaN","NaN","LogCDF","-0.45867514538708193","0","1.9999999999999999e-11","0","R-stats","finite"
"Weibull","R-standardized-evaluation","0","9.9999999999999998e-201","1","9.9999999999999998e-201","NaN","NaN","LogCCDF","-1","0","1.9999999999999999e-11","0","R-stats","finite"
"Weibull","R-standardized-evaluation","0","9.9999999999999998e-201","1","9.9999999999999998e-200","NaN","NaN","LogPDF","450.51701859880916","1.9999999999999999e-11","1.9999999999999999e-11","0","R-stats","finite"
"Weibull","R-standardized-evaluation","0","9.9999999999999998e-201","1","9.9999999999999998e-200","NaN","NaN","LogCDF","-4.5400960370489214e-05","0","1.9999999999999999e-11","0","R-stats","finite"
"Weibull","R-standardized-evaluation","0","9.9999999999999998e-201","1","9.9999999999999998e-200","NaN","NaN","LogCCDF","-10","0","1.9999999999999999e-11","0","R-stats","finite"
"Weibull","R-standardized-evaluation","0","9.9999999999999998e-201","1","9.9999999999999999e-198","NaN","NaN","LogPDF","-539.48298140119084","1.9999999999999999e-11","1.9999999999999999e-11","0","R-stats","finite"
"Weibull","R-standardized-evaluation","0","9.9999999999999998e-201","1","9.9999999999999999e-198","NaN","NaN","LogCDF","-0","0","1.9999999999999999e-11","0","R-stats","finite"
"Weibull","R-standardized-evaluation","0","9.9999999999999998e-201","1","9.9999999999999999e-198","NaN","NaN","LogCCDF","-1000","0","1.9999999999999999e-11","0","R-stats","finite"
"Weibull","R-standardized-evaluation","0","9.9999999999999997e+199","1","0","NaN","NaN","LogPDF","-460.51701859880916","1.9999999999999999e-11","1.9999999999999999e-11","0","R-stats","finite"
"Weibull","R-standardized-evaluation","0","9.9999999999999997e+199","1","0","NaN","NaN","LogCDF","-Inf","0","1.9999999999999999e-11","0","R-stats","infinite"
"Weibull","R-standardized-evaluation","0","9.9999999999999997e+199","1","0","NaN","NaN","LogCCDF","0","0","1.9999999999999999e-11","0","R-stats","finite"
"Weibull","R-standardized-evaluation","0","9.9999999999999997e+199","1","9.9999999999999989e+179","NaN","NaN","LogPDF","-460.51701859880916","1.9999999999999999e-11","1.9999999999999999e-11","0","R-stats","finite"
"Weibull","R-standardized-evaluation","0","9.9999999999999997e+199","1","9.9999999999999989e+179","NaN","NaN","LogCDF","-46.051701859880914","0","1.9999999999999999e-11","0","R-stats","finite"
"Weibull","R-standardized-evaluation","0","9.9999999999999997e+199","1","9.9999999999999989e+179","NaN","NaN","LogCCDF","-9.9999999999999995e-21","0","1.9999999999999999e-11","0","R-stats","finite"
"Weibull","R-standardized-evaluation","0","9.9999999999999997e+199","1","1.0000000000000001e+199","NaN","NaN","LogPDF","-460.61701859880918","1.9999999999999999e-11","1.9999999999999999e-11","0","R-stats","finite"
"Weibull","R-standardized-evaluation","0","9.9999999999999997e+199","1","1.0000000000000001e+199","NaN","NaN","LogCDF","-2.3521684610440907","0","1.9999999999999999e-11","0","R-stats","finite"
"Weibull","R-standardized-evaluation","0","9.9999999999999997e+199","1","1.0000000000000001e+199","NaN","NaN","LogCCDF","-0.10000000000000001","0","1.9999999999999999e-11","0","R-stats","finite"
"Weibull","R-standardized-evaluation","0","9.9999999999999997e+199","1","9.9999999999999997e+199","NaN","NaN","LogPDF","-461.51701859880916","1.9999999999999999e-11","1.9999999999999999e-11","0","R-stats","finite"
"Weibull","R-standardized-evaluation","0","9.9999999999999997e+199","1","9.9999999999999997e+199","NaN","NaN","LogCDF","-0.45867514538708193","0","1.9999999999999999e-11","0","R-stats","finite"
"Weibull","R-standardized-evaluation","0","9.9999999999999997e+199","1","9.9999999999999997e+199","NaN","NaN","LogCCDF","-1","0","1.9999999999999999e-11","0","R-stats","finite"
"Weibull","R-standardized-evaluation","0","9.9999999999999997e+199","1","9.999999999999999e+200","NaN","NaN","LogPDF","-470.51701859880916","1.9999999999999999e-11","1.9999999999999999e-11","0","R-stats","finite"
"Weibull","R-standardized-evaluation","0","9.9999999999999997e+199","1","9.999999999999999e+200","NaN","NaN","LogCDF","-4.5400960370489214e-05","0","1.9999999999999999e-11","0","R-stats","finite"
"Weibull","R-standardized-evaluation","0","9.9999999999999997e+199","1","9.999999999999999e+200","NaN","NaN","LogCCDF","-10","0","1.9999999999999999e-11","0","R-stats","finite"
"Weibull","R-standardized-evaluation","0","9.9999999999999997e+199","1","0.99999999999999999e+203","NaN","NaN","LogPDF","-1460.517018598809","1.9999999999999999e-11","1.9999999999999999e-11","0","R-stats","finite"
"Weibull","R-standardized-evaluation","0","9.9999999999999997e+199","1","0.99999999999999999e+203","NaN","NaN","LogCDF","-0","0","1.9999999999999999e-11","0","R-stats","finite"
"Weibull","R-standardized-evaluation","0","9.9999999999999997e+199","1","0.99999999999999999e+203","NaN","NaN","LogCCDF","-1000","0","1.9999999999999999e-11","0","R-stats","finite"
"Weibull","R-standardized-evaluation","0","1","2","0","NaN","NaN","LogPDF","-Inf","1.9999999999999999e-11","1.9999999999999999e-11","0","R-stats","infinite"
"Weibull","R-standardized-evaluation","0","1","2","0","NaN","NaN","LogCDF","-Inf","0","1.9999999999999999e-11","0","R-stats","infinite"
"Weibull","R-standardized-evaluation","0","1","2","0","NaN","NaN","LogCCDF","0","0","1.9999999999999999e-11","0","R-stats","finite"
"Weibull","R-standardized-evaluation","0","1","2","9.9999999999999995e-21","NaN","NaN","LogPDF","-45.358554679320967","1.9999999999999999e-11","1.9999999999999999e-11","0","R-stats","finite"
"Weibull","R-standardized-evaluation","0","1","2","9.9999999999999995e-21","NaN","NaN","LogCDF","-92.103403719761829","0","1.9999999999999999e-11","0","R-stats","finite"
"Weibull","R-standardized-evaluation","0","1","2","9.9999999999999995e-21","NaN","NaN","LogCCDF","-9.9999999999999993e-41","0","1.9999999999999999e-11","0","R-stats","finite"
"Weibull","R-standardized-evaluation","0","1","2","0.10000000000000001","NaN","NaN","LogPDF","-1.6194379124341003","1.9999999999999999e-11","1.9999999999999999e-11","0","R-stats","finite"
"Weibull","R-standardized-evaluation","0","1","2","0.10000000000000001","NaN","NaN","LogCDF","-4.6101660193248968","0","1.9999999999999999e-11","0","R-stats","finite"
"Weibull","R-standardized-evaluation","0","1","2","0.10000000000000001","NaN","NaN","LogCCDF","-0.010000000000000002","0","1.9999999999999999e-11","0","R-stats","finite"
"Weibull","R-standardized-evaluation","0","1","2","1","NaN","NaN","LogPDF","-0.30685281944005471","1.9999999999999999e-11","1.9999999999999999e-11","0","R-stats","finite"
"Weibull","R-standardized-evaluation","0","1","2","1","NaN","NaN","LogCDF","-0.45867514538708193","0","1.9999999999999999e-11","0","R-stats","finite"
"Weibull","R-standardized-evaluation","0","1","2","1","NaN","NaN","LogCCDF","-1","0","1.9999999999999999e-11","0","R-stats","finite"
"Weibull","R-standardized-evaluation","0","1","2","10","NaN","NaN","LogPDF","-97.004267726446002","1.9999999999999999e-11","1.9999999999999999e-11","0","R-stats","finite"
"Weibull","R-standardized-evaluation","0","1","2","10","NaN","NaN","LogCDF","-3.7200759760208361e-44","0","1.9999999999999999e-11","0","R-stats","finite"
"Weibull","R-standardized-evaluation","0","1","2","10","NaN","NaN","LogCCDF","-100","0","1.9999999999999999e-11","0","R-stats","finite"
"Weibull","R-standardized-evaluation","0","1","2","1000","NaN","NaN","LogPDF","-999992.39909754042","1.9999999999999999e-11","1.9999999999999999e-11","0","R-stats","finite"
"Weibull","R-standardized-evaluation","0","1","2","1000","NaN","NaN","LogCDF","-0","0","1.9999999999999999e-11","0","R-stats","finite"
"Weibull","R-standardized-evaluation","0","1","2","1000","NaN","NaN","LogCCDF","-1000000","0","1.9999999999999999e-11","0","R-stats","finite"
"Weibull","R-standardized-evaluation","0","9.9999999999999998e-201","2","0","NaN","NaN","LogPDF","-Inf","1.9999999999999999e-11","1.9999999999999999e-11","0","R-stats","infinite"
"Weibull","R-standardized-evaluation","0","9.9999999999999998e-201","2","0","NaN","NaN","LogCDF","-Inf","0","1.9999999999999999e-11","0","R-stats","infinite"
"Weibull","R-standardized-evaluation","0","9.9999999999999998e-201","2","0","NaN","NaN","LogCCDF","0","0","1.9999999999999999e-11","0","R-stats","finite"
"Weibull","R-standardized-evaluation","0","9.9999999999999998e-201","2","9.9999999999999999e-221","NaN","NaN","LogPDF","415.15846391948821","1.9999999999999999e-11","1.9999999999999999e-11","0","R-stats","finite"
"Weibull","R-standardized-evaluation","0","9.9999999999999998e-201","2","9.9999999999999999e-221","NaN","NaN","LogCDF","-92.103403719761829","0","1.9999999999999999e-11","0","R-stats","finite"
"Weibull","R-standardized-evaluation","0","9.9999999999999998e-201","2","9.9999999999999999e-221","NaN","NaN","LogCCDF","-9.9999999999999993e-41","0","1.9999999999999999e-11","0","R-stats","finite"
"Weibull","R-standardized-evaluation","0","9.9999999999999998e-201","2","1.0000000000000001e-201","NaN","NaN","LogPDF","458.89758068637508","1.9999999999999999e-11","1.9999999999999999e-11","0","R-stats","finite"
"Weibull","R-standardized-evaluation","0","9.9999999999999998e-201","2","1.0000000000000001e-201","NaN","NaN","LogCDF","-4.6101660193248968","0","1.9999999999999999e-11","0","R-stats","finite"
"Weibull","R-standardized-evaluation","0","9.9999999999999998e-201","2","1.0000000000000001e-201","NaN","NaN","LogCCDF","-0.010000000000000002","0","1.9999999999999999e-11","0","R-stats","finite"
"Weibull","R-standardized-evaluation","0","9.9999999999999998e-201","2","9.9999999999999998e-201","NaN","NaN","LogPDF","460.21016577936911","1.9999999999999999e-11","1.9999999999999999e-11","0","R-stats","finite"
"Weibull","R-standardized-evaluation","0","9.9999999999999998e-201","2","9.9999999999999998e-201","NaN","NaN","LogCDF","-0.45867514538708193","0","1.9999999999999999e-11","0","R-stats","finite"
"Weibull","R-standardized-evaluation","0","9.9999999999999998e-201","2","9.9999999999999998e-201","NaN","NaN","LogCCDF","-1","0","1.9999999999999999e-11","0","R-stats","finite"
"Weibull","R-standardized-evaluation","0","9.9999999999999998e-201","2","9.9999999999999998e-200","NaN","NaN","LogPDF","363.51275087236314","1.9999999999999999e-11","1.9999999999999999e-11","0","R-stats","finite"
"Weibull","R-standardized-evaluation","0","9.9999999999999998e-201","2","9.9999999999999998e-200","NaN","NaN","LogCDF","-3.7200759760208361e-44","0","1.9999999999999999e-11","0","R-stats","finite"
"Weibull","R-standardized-evaluation","0","9.9999999999999998e-201","2","9.9999999999999998e-200","NaN","NaN","LogCCDF","-100","0","1.9999999999999999e-11","0","R-stats","finite"
"Weibull","R-standardized-evaluation","0","9.9999999999999998e-201","2","9.9999999999999999e-198","NaN","NaN","LogPDF","-999531.88207894156","1.9999999999999999e-11","1.9999999999999999e-11","0","R-stats","finite"
"Weibull","R-standardized-evaluation","0","9.9999999999999998e-201","2","9.9999999999999999e-198","NaN","NaN","LogCDF","-0","0","1.9999999999999999e-11","0","R-stats","finite"
"Weibull","R-standardized-evaluation","0","9.9999999999999998e-201","2","9.9999999999999999e-198","NaN","NaN","LogCCDF","-1000000","0","1.9999999999999999e-11","0","R-stats","finite"
"Weibull","R-standardized-evaluation","0","9.9999999999999997e+199","2","0","NaN","NaN","LogPDF","-Inf","1.9999999999999999e-11","1.9999999999999999e-11","0","R-stats","infinite"
"Weibull","R-standardized-evaluation","0","9.9999999999999997e+199","2","0","NaN","NaN","LogCDF","-Inf","0","1.9999999999999999e-11","0","R-stats","infinite"
"Weibull","R-standardized-evaluation","0","9.9999999999999997e+199","2","0","NaN","NaN","LogCCDF","0","0","1.9999999999999999e-11","0","R-stats","finite"
"Weibull","R-standardized-evaluation","0","9.9999999999999997e+199","2","9.9999999999999989e+179","NaN","NaN","LogPDF","-505.8755732781301","1.9999999999999999e-11","1.9999999999999999e-11","0","R-stats","finite"
"Weibull","R-standardized-evaluation","0","9.9999999999999997e+199","2","9.9999999999999989e+179","NaN","NaN","LogCDF","-92.103403719761829","0","1.9999999999999999e-11","0","R-stats","finite"
"Weibull","R-standardized-evaluation","0","9.9999999999999997e+199","2","9.9999999999999989e+179","NaN","NaN","LogCCDF","-9.9999999999999993e-41","0","1.9999999999999999e-11","0","R-stats","finite"
"Weibull","R-standardized-evaluation","0","9.9999999999999997e+199","2","1.0000000000000001e+199","NaN","NaN","LogPDF","-462.13645651124324","1.9999999999999999e-11","1.9999999999999999e-11","0","R-stats","finite"
"Weibull","R-standardized-evaluation","0","9.9999999999999997e+199","2","1.0000000000000001e+199","NaN","NaN","LogCDF","-4.6101660193248968","0","1.9999999999999999e-11","0","R-stats","finite"
"Weibull","R-standardized-evaluation","0","9.9999999999999997e+199","2","1.0000000000000001e+199","NaN","NaN","LogCCDF","-0.010000000000000002","0","1.9999999999999999e-11","0","R-stats","finite"
"Weibull","R-standardized-evaluation","0","9.9999999999999997e+199","2","9.9999999999999997e+199","NaN","NaN","LogPDF","-460.82387141824921","1.9999999999999999e-11","1.9999999999999999e-11","0","R-stats","finite"
"Weibull","R-standardized-evaluation","0","9.9999999999999997e+199","2","9.9999999999999997e+199","NaN","NaN","LogCDF","-0.45867514538708193","0","1.9999999999999999e-11","0","R-stats","finite"
"Weibull","R-standardized-evaluation","0","9.9999999999999997e+199","2","9.9999999999999997e+199","NaN","NaN","LogCCDF","-1","0","1.9999999999999999e-11","0","R-stats","finite"
"Weibull","R-standardized-evaluation","0","9.9999999999999997e+199","2","9.999999999999999e+200","NaN","NaN","LogPDF","-557.52128632525512","1.9999999999999999e-11","1.9999999999999999e-11","0","R-stats","finite"
"Weibull","R-standardized-evaluation","0","9.9999999999999997e+199","2","9.999999999999999e+200","NaN","NaN","LogCDF","-3.7200759760208361e-44","0","1.9999999999999999e-11","0","R-stats","finite"
"Weibull","R-standardized-evaluation","0","9.9999999999999997e+199","2","9.999999999999999e+200","NaN","NaN","LogCCDF","-100","0","1.9999999999999999e-11","0","R-stats","finite"
"Weibull","R-standardized-evaluation","0","9.9999999999999997e+199","2","0.99999999999999999e+203","NaN","NaN","LogPDF","-1000452.9161161393","1.9999999999999999e-11","1.9999999999999999e-11","0","R-stats","finite"
"Weibull","R-standardized-evaluation","0","9.9999999999999997e+199","2","0.99999999999999999e+203","NaN","NaN","LogCDF","-0","0","1.9999999999999999e-11","0","R-stats","finite"
"Weibull","R-standardized-evaluation","0","9.9999999999999997e+199","2","0.99999999999999999e+203","NaN","NaN","LogCCDF","-1000000","0","1.9999999999999999e-11","0","R-stats","finite"
"Weibull","R-standardized-evaluation","0","1","10","0","NaN","NaN","LogPDF","-Inf","1.9999999999999999e-11","1.9999999999999999e-11","0","R-stats","infinite"
"Weibull","R-standardized-evaluation","0","1","10","0","NaN","NaN","LogCDF","-Inf","0","1.9999999999999999e-11","0","R-stats","infinite"
"Weibull","R-standardized-evaluation","0","1","10","0","NaN","NaN","LogCCDF","0","0","1.9999999999999999e-11","0","R-stats","finite"
"Weibull","R-standardized-evaluation","0","1","10","9.9999999999999995e-21","NaN","NaN","LogPDF","-412.16273164593417","1.9999999999999999e-11","1.9999999999999999e-11","0","R-stats","finite"
"Weibull","R-standardized-evaluation","0","1","10","9.9999999999999995e-21","NaN","NaN","LogCDF","-460.51701859880916","0","1.9999999999999999e-11","0","R-stats","finite"
"Weibull","R-standardized-evaluation","0","1","10","9.9999999999999995e-21","NaN","NaN","LogCCDF","-9.999999999999994e-201","0","1.9999999999999999e-11","0","R-stats","finite"
"Weibull","R-standardized-evaluation","0","1","10","0.10000000000000001","NaN","NaN","LogPDF","-18.420680744052362","1.9999999999999999e-11","1.9999999999999999e-11","0","R-stats","finite"
"Weibull","R-standardized-evaluation","0","1","10","0.10000000000000001","NaN","NaN","LogCDF","-23.025850929990455","0","1.9999999999999999e-11","0","R-stats","finite"
"Weibull","R-standardized-evaluation","0","1","10","0.10000000000000001","NaN","NaN","LogCCDF","-1.0000000000000011e-10","0","1.9999999999999999e-11","0","R-stats","finite"
"Weibull","R-standardized-evaluation","0","1","10","1","NaN","NaN","LogPDF","1.3025850929940459","1.9999999999999999e-11","1.9999999999999999e-11","0","R-stats","finite"
"Weibull","R-standardized-evaluation","0","1","10","1","NaN","NaN","LogCDF","-0.45867514538708193","0","1.9999999999999999e-11","0","R-stats","finite"
"Weibull","R-standardized-evaluation","0","1","10","1","NaN","NaN","LogCCDF","-1","0","1.9999999999999999e-11","0","R-stats","finite"
"Weibull","R-standardized-evaluation","0","1","10","10","NaN","NaN","LogPDF","-9999999976.9741497","1.9999999999999999e-11","1.9999999999999999e-11","0","R-stats","finite"
"Weibull","R-standardized-evaluation","0","1","10","10","NaN","NaN","LogCDF","-0","0","1.9999999999999999e-11","0","R-stats","finite"
"Weibull","R-standardized-evaluation","0","1","10","10","NaN","NaN","LogCCDF","-10000000000","0","1.9999999999999999e-11","0","R-stats","finite"
"Weibull","R-standardized-evaluation","0","1","10","1000","NaN","NaN","LogPDF","-1e+30","1.9999999999999999e-11","1.9999999999999999e-11","0","R-stats","finite"
"Weibull","R-standardized-evaluation","0","1","10","1000","NaN","NaN","LogCDF","-0","0","1.9999999999999999e-11","0","R-stats","finite"
"Weibull","R-standardized-evaluation","0","1","10","1000","NaN","NaN","LogCCDF","-1e+30","0","1.9999999999999999e-11","0","R-stats","finite"
"Weibull","R-standardized-evaluation","0","9.9999999999999998e-201","10","0","NaN","NaN","LogPDF","-Inf","1.9999999999999999e-11","1.9999999999999999e-11","0","R-stats","infinite"
"Weibull","R-standardized-evaluation","0","9.9999999999999998e-201","10","0","NaN","NaN","LogCDF","-Inf","0","1.9999999999999999e-11","0","R-stats","infinite"
"Weibull","R-standardized-evaluation","0","9.9999999999999998e-201","10","0","NaN","NaN","LogCCDF","0","0","1.9999999999999999e-11","0","R-stats","finite"
"Weibull","R-standardized-evaluation","0","9.9999999999999998e-201","10","9.9999999999999999e-221","NaN","NaN","LogPDF","48.354286952874986","1.9999999999999999e-11","1.9999999999999999e-11","0","R-stats","finite"
"Weibull","R-standardized-evaluation","0","9.9999999999999998e-201","10","9.9999999999999999e-221","NaN","NaN","LogCDF","-460.51701859880916","0","1.9999999999999999e-11","0","R-stats","finite"
"Weibull","R-standardized-evaluation","0","9.9999999999999998e-201","10","9.9999999999999999e-221","NaN","NaN","LogCCDF","-9.999999999999994e-201","0","1.9999999999999999e-11","0","R-stats","finite"
"Weibull","R-standardized-evaluation","0","9.9999999999999998e-201","10","1.0000000000000001e-201","NaN","NaN","LogPDF","442.09633785475683","1.9999999999999999e-11","1.9999999999999999e-11","0","R-stats","finite"
"Weibull","R-standardized-evaluation","0","9.9999999999999998e-201","10","1.0000000000000001e-201","NaN","NaN","LogCDF","-23.025850929990455","0","1.9999999999999999e-11","0","R-stats","finite"
"Weibull","R-standardized-evaluation","0","9.9999999999999998e-201","10","1.0000000000000001e-201","NaN","NaN","LogCCDF","-1.0000000000000011e-10","0","1.9999999999999999e-11","0","R-stats","finite"
"Weibull","R-standardized-evaluation","0","9.9999999999999998e-201","10","9.9999999999999998e-201","NaN","NaN","LogPDF","461.8196036918032","1.9999999999999999e-11","1.9999999999999999e-11","0","R-stats","finite"
"Weibull","R-standardized-evaluation","0","9.9999999999999998e-201","10","9.9999999999999998e-201","NaN","NaN","LogCDF","-0.45867514538708193","0","1.9999999999999999e-11","0","R-stats","finite"
"Weibull","R-standardized-evaluation","0","9.9999999999999998e-201","10","9.9999999999999998e-201","NaN","NaN","LogCCDF","-1","0","1.9999999999999999e-11","0","R-stats","finite"
"Weibull","R-standardized-evaluation","0","9.9999999999999998e-201","10","9.9999999999999998e-200","NaN","NaN","LogPDF","-9999999516.4571304","1.9999999999999999e-11","1.9999999999999999e-11","0","R-stats","finite"
"Weibull","R-standardized-evaluation","0","9.9999999999999998e-201","10","9.9999999999999998e-200","NaN","NaN","LogCDF","-0","0","1.9999999999999999e-11","0","R-stats","finite"
"Weibull","R-standardized-evaluation","0","9.9999999999999998e-201","10","9.9999999999999998e-200","NaN","NaN","LogCCDF","-10000000000","0","1.9999999999999999e-11","0","R-stats","finite"
"Weibull","R-standardized-evaluation","0","9.9999999999999998e-201","10","9.9999999999999999e-198","NaN","NaN","LogPDF","-1e+30","1.9999999999999999e-11","1.9999999999999999e-11","0","R-stats","finite"
"Weibull","R-standardized-evaluation","0","9.9999999999999998e-201","10","9.9999999999999999e-198","NaN","NaN","LogCDF","-0","0","1.9999999999999999e-11","0","R-stats","finite"
"Weibull","R-standardized-evaluation","0","9.9999999999999998e-201","10","9.9999999999999999e-198","NaN","NaN","LogCCDF","-1e+30","0","1.9999999999999999e-11","0","R-stats","finite"
"Weibull","R-standardized-evaluation","0","9.9999999999999997e+199","10","0","NaN","NaN","LogPDF","-Inf","1.9999999999999999e-11","1.9999999999999999e-11","0","R-stats","infinite"
"Weibull","R-standardized-evaluation","0","9.9999999999999997e+199","10","0","NaN","NaN","LogCDF","-Inf","0","1.9999999999999999e-11","0","R-stats","infinite"
"Weibull","R-standardized-evaluation","0","9.9999999999999997e+199","10","0","NaN","NaN","LogCCDF","0","0","1.9999999999999999e-11","0","R-stats","finite"
"Weibull","R-standardized-evaluation","0","9.9999999999999997e+199","10","9.9999999999999989e+179","NaN","NaN","LogPDF","-872.67975024474333","1.9999999999999999e-11","1.9999999999999999e-11","0","R-stats","finite"
"Weibull","R-standardized-evaluation","0","9.9999999999999997e+199","10","9.9999999999999989e+179","NaN","NaN","LogCDF","-460.51701859880916","0","1.9999999999999999e-11","0","R-stats","finite"
"Weibull","R-standardized-evaluation","0","9.9999999999999997e+199","10","9.9999999999999989e+179","NaN","NaN","LogCCDF","-9.999999999999994e-201","0","1.9999999999999999e-11","0","R-stats","finite"
"Weibull","R-standardized-evaluation","0","9.9999999999999997e+199","10","1.0000000000000001e+199","NaN","NaN","LogPDF","-478.93769934286149","1.9999999999999999e-11","1.9999999999999999e-11","0","R-stats","finite"
"Weibull","R-standardized-evaluation","0","9.9999999999999997e+199","10","1.0000000000000001e+199","NaN","NaN","LogCDF","-23.025850929990455","0","1.9999999999999999e-11","0","R-stats","finite"
"Weibull","R-standardized-evaluation","0","9.9999999999999997e+199","10","1.0000000000000001e+199","NaN","NaN","LogCCDF","-1.0000000000000011e-10","0","1.9999999999999999e-11","0","R-stats","finite"
"Weibull","R-standardized-evaluation","0","9.9999999999999997e+199","10","9.9999999999999997e+199","NaN","NaN","LogPDF","-459.21443350581512","1.9999999999999999e-11","1.9999999999999999e-11","0","R-stats","finite"
"Weibull","R-standardized-evaluation","0","9.9999999999999997e+199","10","9.9999999999999997e+199","NaN","NaN","LogCDF","-0.45867514538708193","0","1.9999999999999999e-11","0","R-stats","finite"
"Weibull","R-standardized-evaluation","0","9.9999999999999997e+199","10","9.9999999999999997e+199","NaN","NaN","LogCCDF","-1","0","1.9999999999999999e-11","0","R-stats","finite"
"Weibull","R-standardized-evaluation","0","9.9999999999999997e+199","10","9.999999999999999e+200","NaN","NaN","LogPDF","-10000000437.491169","1.9999999999999999e-11","1.9999999999999999e-11","0","R-stats","finite"
"Weibull","R-standardized-evaluation","0","9.9999999999999997e+199","10","9.999999999999999e+200","NaN","NaN","LogCDF","-0","0","1.9999999999999999e-11","0","R-stats","finite"
"Weibull","R-standardized-evaluation","0","9.9999999999999997e+199","10","9.999999999999999e+200","NaN","NaN","LogCCDF","-10000000000","0","1.9999999999999999e-11","0","R-stats","finite"
"Weibull","R-standardized-evaluation","0","9.9999999999999997e+199","10","0.99999999999999999e+203","NaN","NaN","LogPDF","-1e+30","1.9999999999999999e-11","1.9999999999999999e-11","0","R-stats","finite"
"Weibull","R-standardized-evaluation","0","9.9999999999999997e+199","10","0.99999999999999999e+203","NaN","NaN","LogCDF","-0","0","1.9999999999999999e-11","0","R-stats","finite"
"Weibull","R-standardized-evaluation","0","9.9999999999999997e+199","10","0.99999999999999999e+203","NaN","NaN","LogCCDF","-1e+30","0","1.9999999999999999e-11","0","R-stats","finite"
"Weibull","R-standardized-evaluation","0","1","100","0","NaN","NaN","LogPDF","-Inf","1.9999999999999999e-11","1.9999999999999999e-11","0","R-stats","infinite"
"Weibull","R-standardized-evaluation","0","1","100","0","NaN","NaN","LogCDF","-Inf","0","1.9999999999999999e-11","0","R-stats","infinite"
"Weibull","R-standardized-evaluation","0","1","100","0","NaN","NaN","LogCCDF","0","0","1.9999999999999999e-11","0","R-stats","finite"
"Weibull","R-standardized-evaluation","0","1","100","9.9999999999999995e-21","NaN","NaN","LogPDF","-4554.5133139422223","1.9999999999999999e-11","1.9999999999999999e-11","0","Weibull-defining-log-formula-R-underflow","finite"
"Weibull","R-standardized-evaluation","0","1","100","9.9999999999999995e-21","NaN","NaN","LogCDF","-4605.1701859880914","0","1.9999999999999999e-11","0","Weibull-defining-log-formula-R-underflow","finite"
"Weibull","R-standardized-evaluation","0","1","100","9.9999999999999995e-21","NaN","NaN","LogCCDF","-0","0","1.9999999999999999e-11","0","R-stats","finite"
"Weibull","R-standardized-evaluation","0","1","100","0.10000000000000001","NaN","NaN","LogPDF","-223.35075402042241","1.9999999999999999e-11","1.9999999999999999e-11","0","R-stats","finite"
"Weibull","R-standardized-evaluation","0","1","100","0.10000000000000001","NaN","NaN","LogCDF","-230.25850929940455","0","1.9999999999999999e-11","0","R-stats","finite"
"Weibull","R-standardized-evaluation","0","1","100","0.10000000000000001","NaN","NaN","LogCCDF","-1.0000000000000108e-100","0","1.9999999999999999e-11","0","R-stats","finite"
"Weibull","R-standardized-evaluation","0","1","100","1","NaN","NaN","LogPDF","3.6051701859880918","1.9999999999999999e-11","1.9999999999999999e-11","0","R-stats","finite"
"Weibull","R-standardized-evaluation","0","1","100","1","NaN","NaN","LogCDF","-0.45867514538708193","0","1.9999999999999999e-11","0","R-stats","finite"
"Weibull","R-standardized-evaluation","0","1","100","1","NaN","NaN","LogCCDF","-1","0","1.9999999999999999e-11","0","R-stats","finite"
"Weibull","R-standardized-evaluation","0","1","100","10","NaN","NaN","LogPDF","-1e+100","1.9999999999999999e-11","1.9999999999999999e-11","0","R-stats","finite"
"Weibull","R-standardized-evaluation","0","1","100","10","NaN","NaN","LogCDF","-0","0","1.9999999999999999e-11","0","R-stats","finite"
"Weibull","R-standardized-evaluation","0","1","100","10","NaN","NaN","LogCCDF","-1.0000000000000002e+100","0","1.9999999999999999e-11","0","R-stats","finite"
"Weibull","R-standardized-evaluation","0","1","100","1000","NaN","NaN","LogPDF","-1.0000000000000002e+300","1.9999999999999999e-11","1.9999999999999999e-11","0","R-stats","finite"
"Weibull","R-standardized-evaluation","0","1","100","1000","NaN","NaN","LogCDF","-0","0","1.9999999999999999e-11","0","R-stats","finite"
"Weibull","R-standardized-evaluation","0","1","100","1000","NaN","NaN","LogCCDF","-1.0000000000000001e+300","0","1.9999999999999999e-11","0","R-stats","finite"
"Weibull","R-standardized-evaluation","0","9.9999999999999998e-201","100","0","NaN","NaN","LogPDF","-Inf","1.9999999999999999e-11","1.9999999999999999e-11","0","R-stats","infinite"
"Weibull","R-standardized-evaluation","0","9.9999999999999998e-201","100","0","NaN","NaN","LogCDF","-Inf","0","1.9999999999999999e-11","0","R-stats","infinite"
"Weibull","R-standardized-evaluation","0","9.9999999999999998e-201","100","0","NaN","NaN","LogCCDF","0","0","1.9999999999999999e-11","0","R-stats","finite"
"Weibull","R-standardized-evaluation","0","9.9999999999999998e-201","100","9.9999999999999999e-221","NaN","NaN","LogPDF","-4093.9962953434133","1.9999999999999999e-11","1.9999999999999999e-11","0","Weibull-defining-log-formula-R-underflow","finite"
"Weibull","R-standardized-evaluation","0","9.9999999999999998e-201","100","9.9999999999999999e-221","NaN","NaN","LogCDF","-4605.1701859880914","0","1.9999999999999999e-11","0","Weibull-defining-log-formula-R-underflow","finite"
"Weibull","R-standardized-evaluation","0","9.9999999999999998e-201","100","9.9999999999999999e-221","NaN","NaN","LogCCDF","-0","0","1.9999999999999999e-11","0","R-stats","finite"
"Weibull","R-standardized-evaluation","0","9.9999999999999998e-201","100","1.0000000000000001e-201","NaN","NaN","LogPDF","237.16626457838674","1.9999999999999999e-11","1.9999999999999999e-11","0","R-stats","finite"
"Weibull","R-standardized-evaluation","0","9.9999999999999998e-201","100","1.0000000000000001e-201","NaN","NaN","LogCDF","-230.25850929940455","0","1.9999999999999999e-11","0","R-stats","finite"
"Weibull","R-standardized-evaluation","0","9.9999999999999998e-201","100","1.0000000000000001e-201","NaN","NaN","LogCCDF","-1.0000000000000108e-100","0","1.9999999999999999e-11","0","R-stats","finite"
"Weibull","R-standardized-evaluation","0","9.9999999999999998e-201","100","9.9999999999999998e-201","NaN","NaN","LogPDF","464.12218878479723","1.9999999999999999e-11","1.9999999999999999e-11","0","R-stats","finite"
"Weibull","R-standardized-evaluation","0","9.9999999999999998e-201","100","9.9999999999999998e-201","NaN","NaN","LogCDF","-0.45867514538708193","0","1.9999999999999999e-11","0","R-stats","finite"
"Weibull","R-standardized-evaluation","0","9.9999999999999998e-201","100","9.9999999999999998e-201","NaN","NaN","LogCCDF","-1","0","1.9999999999999999e-11","0","R-stats","finite"
"Weibull","R-standardized-evaluation","0","9.9999999999999998e-201","100","9.9999999999999998e-200","NaN","NaN","LogPDF","-1e+100","1.9999999999999999e-11","1.9999999999999999e-11","0","R-stats","finite"
"Weibull","R-standardized-evaluation","0","9.9999999999999998e-201","100","9.9999999999999998e-200","NaN","NaN","LogCDF","-0","0","1.9999999999999999e-11","0","R-stats","finite"
"Weibull","R-standardized-evaluation","0","9.9999999999999998e-201","100","9.9999999999999998e-200","NaN","NaN","LogCCDF","-1.0000000000000002e+100","0","1.9999999999999999e-11","0","R-stats","finite"
"Weibull","R-standardized-evaluation","0","9.9999999999999998e-201","100","9.9999999999999999e-198","NaN","NaN","LogPDF","-1.0000000000000002e+300","1.9999999999999999e-11","1.9999999999999999e-11","0","R-stats","finite"
"Weibull","R-standardized-evaluation","0","9.9999999999999998e-201","100","9.9999999999999999e-198","NaN","NaN","LogCDF","-0","0","1.9999999999999999e-11","0","R-stats","finite"
"Weibull","R-standardized-evaluation","0","9.9999999999999998e-201","100","9.9999999999999999e-198","NaN","NaN","LogCCDF","-1.0000000000000001e+300","0","1.9999999999999999e-11","0","R-stats","finite"
"Weibull","R-standardized-evaluation","0","9.9999999999999997e+199","100","0","NaN","NaN","LogPDF","-Inf","1.9999999999999999e-11","1.9999999999999999e-11","0","R-stats","infinite"
"Weibull","R-standardized-evaluation","0","9.9999999999999997e+199","100","0","NaN","NaN","LogCDF","-Inf","0","1.9999999999999999e-11","0","R-stats","infinite"
"Weibull","R-standardized-evaluation","0","9.9999999999999997e+199","100","0","NaN","NaN","LogCCDF","0","0","1.9999999999999999e-11","0","R-stats","finite"
"Weibull","R-standardized-evaluation","0","9.9999999999999997e+199","100","9.9999999999999989e+179","NaN","NaN","LogPDF","-5015.0303325410314","1.9999999999999999e-11","1.9999999999999999e-11","0","Weibull-defining-log-formula-R-underflow","finite"
"Weibull","R-standardized-evaluation","0","9.9999999999999997e+199","100","9.9999999999999989e+179","NaN","NaN","LogCDF","-4605.1701859880914","0","1.9999999999999999e-11","0","Weibull-defining-log-formula-R-underflow","finite"
"Weibull","R-standardized-evaluation","0","9.9999999999999997e+199","100","9.9999999999999989e+179","NaN","NaN","LogCCDF","-0","0","1.9999999999999999e-11","0","R-stats","finite"
"Weibull","R-standardized-evaluation","0","9.9999999999999997e+199","100","1.0000000000000001e+199","NaN","NaN","LogPDF","-683.86777261923157","1.9999999999999999e-11","1.9999999999999999e-11","0","R-stats","finite"
"Weibull","R-standardized-evaluation","0","9.9999999999999997e+199","100","1.0000000000000001e+199","NaN","NaN","LogCDF","-230.25850929940455","0","1.9999999999999999e-11","0","R-stats","finite"
"Weibull","R-standardized-evaluation","0","9.9999999999999997e+199","100","1.0000000000000001e+199","NaN","NaN","LogCCDF","-1.0000000000000108e-100","0","1.9999999999999999e-11","0","R-stats","finite"
"Weibull","R-standardized-evaluation","0","9.9999999999999997e+199","100","9.9999999999999997e+199","NaN","NaN","LogPDF","-456.91184841282109","1.9999999999999999e-11","1.9999999999999999e-11","0","R-stats","finite"
"Weibull","R-standardized-evaluation","0","9.9999999999999997e+199","100","9.9999999999999997e+199","NaN","NaN","LogCDF","-0.45867514538708193","0","1.9999999999999999e-11","0","R-stats","finite"
"Weibull","R-standardized-evaluation","0","9.9999999999999997e+199","100","9.9999999999999997e+199","NaN","NaN","LogCCDF","-1","0","1.9999999999999999e-11","0","R-stats","finite"
"Weibull","R-standardized-evaluation","0","9.9999999999999997e+199","100","9.999999999999999e+200","NaN","NaN","LogPDF","-1e+100","1.9999999999999999e-11","1.9999999999999999e-11","0","R-stats","finite"
"Weibull","R-standardized-evaluation","0","9.9999999999999997e+199","100","9.999999999999999e+200","NaN","NaN","LogCDF","-0","0","1.9999999999999999e-11","0","R-stats","finite"
"Weibull","R-standardized-evaluation","0","9.9999999999999997e+199","100","9.999999999999999e+200","NaN","NaN","LogCCDF","-1.0000000000000002e+100","0","1.9999999999999999e-11","0","R-stats","finite"
"Weibull","R-standardized-evaluation","0","9.9999999999999997e+199","100","0.99999999999999999e+203","NaN","NaN","LogPDF","-1.0000000000000002e+300","1.9999999999999999e-11","1.9999999999999999e-11","0","R-stats","finite"
"Weibull","R-standardized-evaluation","0","9.9999999999999997e+199","100","0.99999999999999999e+203","NaN","NaN","LogCDF","-0","0","1.9999999999999999e-11","0","R-stats","finite"
"Weibull","R-standardized-evaluation","0","9.9999999999999997e+199","100","0.99999999999999999e+203","NaN","NaN","LogCCDF","-1.0000000000000001e+300","0","1.9999999999999999e-11","0","R-stats","finite"
"Exponential","R-quantile","0","1","0","NaN","9.9999999999999998e-13","NaN","InverseCDF","1.0000000000005e-12","0","1.9999999999999999e-11","0","R-stats","finite"
"Exponential","analytic-quantile-gradient","0","1","0","NaN","9.9999999999999998e-13","NaN","Gradient1","1","0","1.9999999999999999e-11","0","defining-quantile-derivative","finite"
"Exponential","analytic-quantile-gradient","0","1","0","NaN","9.9999999999999998e-13","NaN","Gradient2","1.0000000000005e-12","0","1.9999999999999999e-11","0","defining-quantile-derivative","finite"
"Exponential","R-quantile","0","1","0","NaN","9.9999999999999995e-07","NaN","InverseCDF","1.0000005000003334e-06","0","1.9999999999999999e-11","0","R-stats","finite"
"Exponential","analytic-quantile-gradient","0","1","0","NaN","9.9999999999999995e-07","NaN","Gradient1","1","0","1.9999999999999999e-11","0","defining-quantile-derivative","finite"
"Exponential","analytic-quantile-gradient","0","1","0","NaN","9.9999999999999995e-07","NaN","Gradient2","1.0000005000003334e-06","0","1.9999999999999999e-11","0","defining-quantile-derivative","finite"
"Exponential","R-quantile","0","1","0","NaN","0.01","NaN","InverseCDF","0.010050335853501442","0","1.9999999999999999e-11","0","R-stats","finite"
"Exponential","analytic-quantile-gradient","0","1","0","NaN","0.01","NaN","Gradient1","1","0","1.9999999999999999e-11","0","defining-quantile-derivative","finite"
"Exponential","analytic-quantile-gradient","0","1","0","NaN","0.01","NaN","Gradient2","0.010050335853501442","0","1.9999999999999999e-11","0","defining-quantile-derivative","finite"
"Exponential","R-quantile","0","1","0","NaN","0.5","NaN","InverseCDF","0.69314718055994529","0","1.9999999999999999e-11","0","R-stats","finite"
"Exponential","analytic-quantile-gradient","0","1","0","NaN","0.5","NaN","Gradient1","1","0","1.9999999999999999e-11","0","defining-quantile-derivative","finite"
"Exponential","analytic-quantile-gradient","0","1","0","NaN","0.5","NaN","Gradient2","0.69314718055994529","0","1.9999999999999999e-11","0","defining-quantile-derivative","finite"
"Exponential","R-quantile","0","1","0","NaN","0.98999999999999999","NaN","InverseCDF","4.6051701859880909","0","1.9999999999999999e-11","0","R-stats","finite"
"Exponential","analytic-quantile-gradient","0","1","0","NaN","0.98999999999999999","NaN","Gradient1","1","0","1.9999999999999999e-11","0","defining-quantile-derivative","finite"
"Exponential","analytic-quantile-gradient","0","1","0","NaN","0.98999999999999999","NaN","Gradient2","4.6051701859880909","0","1.9999999999999999e-11","0","defining-quantile-derivative","finite"
"Exponential","R-quantile","0","1","0","NaN","0.99999999999900002","NaN","InverseCDF","27.631043237893358","0","1.9999999999999999e-11","0","R-stats","finite"
"Exponential","analytic-quantile-gradient","0","1","0","NaN","0.99999999999900002","NaN","Gradient1","1","0","1.9999999999999999e-11","0","defining-quantile-derivative","finite"
"Exponential","analytic-quantile-gradient","0","1","0","NaN","0.99999999999900002","NaN","Gradient2","27.631043237893358","0","1.9999999999999999e-11","0","defining-quantile-derivative","finite"
"Gamma","R-quantile","0","1","0.001","NaN","9.9999999999999998e-13","NaN","InverseCDF","0","0","1.9999999999999999e-11","0","R-stats","underflowed"
"Gamma","exact-quantile-gradient","0","1","0.001","NaN","9.9999999999999998e-13","NaN","GradientScale","0","0","1.9999999999999999e-11","0","R-qgamma-scale-identity","underflowed"
"Gamma","exact-quantile-gradient","0","1","0.001","NaN","9.9999999999999998e-13","NaN","GradientShape","NaN","0","4.9999999999999998e-08","NaN","R-qgamma-log-shape-Richardson-crosschecked-pgamma","unresolved-quantile-underflow"
"Gamma","R-quantile","0","1","0.001","NaN","9.9999999999999995e-07","NaN","InverseCDF","0","0","1.9999999999999999e-11","0","R-stats","underflowed"
"Gamma","exact-quantile-gradient","0","1","0.001","NaN","9.9999999999999995e-07","NaN","GradientScale","0","0","1.9999999999999999e-11","0","R-qgamma-scale-identity","underflowed"
"Gamma","exact-quantile-gradient","0","1","0.001","NaN","9.9999999999999995e-07","NaN","GradientShape","NaN","0","4.9999999999999998e-08","NaN","R-qgamma-log-shape-Richardson-crosschecked-pgamma","unresolved-quantile-underflow"
"Gamma","R-quantile","0","1","0.001","NaN","0.01","NaN","InverseCDF","0","0","1.9999999999999999e-11","0","R-stats","underflowed"
"Gamma","exact-quantile-gradient","0","1","0.001","NaN","0.01","NaN","GradientScale","0","0","1.9999999999999999e-11","0","R-qgamma-scale-identity","underflowed"
"Gamma","exact-quantile-gradient","0","1","0.001","NaN","0.01","NaN","GradientShape","NaN","0","4.9999999999999998e-08","NaN","R-qgamma-log-shape-Richardson-crosschecked-pgamma","unresolved-quantile-underflow"
"Gamma","R-quantile","0","1","0.001","NaN","0.5","NaN","InverseCDF","5.2442064082777997e-302","0","1.9999999999999999e-11","0","R-stats","finite"
"Gamma","exact-quantile-gradient","0","1","0.001","NaN","0.5","NaN","GradientScale","5.2442064082777997e-302","0","1.9999999999999999e-11","0","R-qgamma-scale-identity","finite"
"Gamma","exact-quantile-gradient","0","1","0.001","NaN","0.5","NaN","GradientShape","3.635011195160327e-296","0","4.9999999999999998e-08","7.7627698823407978e-309","R-qgamma-log-shape-Richardson-crosschecked-pgamma","finite"
"Gamma","R-quantile","0","1","0.001","NaN","0.98999999999999999","NaN","InverseCDF","2.4259428385577627e-05","0","1.9999999999999999e-11","0","R-stats","finite"
"Gamma","exact-quantile-gradient","0","1","0.001","NaN","0.98999999999999999","NaN","GradientScale","2.4259428385577627e-05","0","1.9999999999999999e-11","0","R-qgamma-scale-identity","finite"
"Gamma","exact-quantile-gradient","0","1","0.001","NaN","0.98999999999999999","NaN","GradientShape","0.24384124492875461","0","4.9999999999999998e-08","8.7707618945387367e-15","R-qgamma-log-shape-Richardson-crosschecked-pgamma","finite"
"Gamma","R-quantile","0","1","0.001","NaN","0.99999999999900002","NaN","InverseCDF","17.795747396039978","0","1.9999999999999999e-11","0","R-stats","finite"
"Gamma","exact-quantile-gradient","0","1","0.001","NaN","0.99999999999900002","NaN","GradientScale","17.795747396039978","0","1.9999999999999999e-11","0","R-qgamma-scale-identity","finite"
"Gamma","exact-quantile-gradient","0","1","0.001","NaN","0.99999999999900002","NaN","GradientShape","952.62197304629831","0","4.9999999999999998e-08","2.7535713797988137e-07","R-qgamma-log-shape-Richardson-crosschecked-pgamma","finite"
"Gamma","R-quantile","0","1","0.01","NaN","9.9999999999999998e-13","NaN","InverseCDF","0","0","1.9999999999999999e-11","0","R-stats","underflowed"
"Gamma","exact-quantile-gradient","0","1","0.01","NaN","9.9999999999999998e-13","NaN","GradientScale","0","0","1.9999999999999999e-11","0","R-qgamma-scale-identity","underflowed"
"Gamma","exact-quantile-gradient","0","1","0.01","NaN","9.9999999999999998e-13","NaN","GradientShape","NaN","0","4.9999999999999998e-08","NaN","R-qgamma-log-shape-Richardson-crosschecked-pgamma","unresolved-quantile-underflow"
"Gamma","R-quantile","0","1","0.01","NaN","9.9999999999999995e-07","NaN","InverseCDF","0","0","1.9999999999999999e-11","0","R-stats","underflowed"
"Gamma","exact-quantile-gradient","0","1","0.01","NaN","9.9999999999999995e-07","NaN","GradientScale","0","0","1.9999999999999999e-11","0","R-qgamma-scale-identity","underflowed"
"Gamma","exact-quantile-gradient","0","1","0.01","NaN","9.9999999999999995e-07","NaN","GradientShape","NaN","0","4.9999999999999998e-08","NaN","R-qgamma-log-shape-Richardson-crosschecked-pgamma","unresolved-quantile-underflow"
"Gamma","R-quantile","0","1","0.01","NaN","0.01","NaN","InverseCDF","5.660738147061956e-201","0","1.9999999999999999e-11","0","R-stats","finite"
"Gamma","exact-quantile-gradient","0","1","0.01","NaN","0.01","NaN","GradientScale","5.660738147061956e-201","0","1.9999999999999999e-11","0","R-qgamma-scale-identity","finite"
"Gamma","exact-quantile-gradient","0","1","0.01","NaN","0.01","NaN","GradientShape","2.6069123631718842e-196","0","4.9999999999999998e-08","3.6120739759608037e-210","R-qgamma-log-shape-Richardson-crosschecked-pgamma","finite"
"Gamma","R-quantile","0","1","0.01","NaN","0.5","NaN","InverseCDF","4.4655350189103723e-31","0","1.9999999999999999e-11","0","R-stats","finite"
"Gamma","exact-quantile-gradient","0","1","0.01","NaN","0.5","NaN","GradientScale","4.4655350189103723e-31","0","1.9999999999999999e-11","0","R-qgamma-scale-identity","finite"
"Gamma","exact-quantile-gradient","0","1","0.01","NaN","0.5","NaN","GradientShape","3.0956367409138942e-27","0","4.9999999999999998e-08","1.694357152429503e-40","R-qgamma-log-shape-Richardson-crosschecked-pgamma","finite"
"Gamma","R-quantile","0","1","0.01","NaN","0.98999999999999999","NaN","InverseCDF","0.26505255025158203","0","1.9999999999999999e-11","0","R-stats","finite"
"Gamma","exact-quantile-gradient","0","1","0.01","NaN","0.98999999999999999","NaN","GradientScale","0.26505255025158203","0","1.9999999999999999e-11","0","R-qgamma-scale-identity","finite"
"Gamma","exact-quantile-gradient","0","1","0.01","NaN","0.98999999999999999","NaN","GradientShape","34.842399829112587","0","4.9999999999999998e-08","9.7755644905079322e-12","R-qgamma-log-shape-Richardson-crosschecked-pgamma","finite"
"Gamma","R-quantile","0","1","0.01","NaN","0.99999999999900002","NaN","InverseCDF","20.018659942810039","0","1.9999999999999999e-11","0","R-stats","finite"
"Gamma","exact-quantile-gradient","0","1","0.01","NaN","0.99999999999900002","NaN","GradientScale","20.018659942810039","0","1.9999999999999999e-11","0","R-qgamma-scale-identity","finite"
"Gamma","exact-quantile-gradient","0","1","0.01","NaN","0.99999999999900002","NaN","GradientShape","98.925141051648907","0","4.9999999999999998e-08","2.2878041770624338e-10","R-qgamma-log-shape-Richardson-crosschecked-pgamma","finite"
"Gamma","R-quantile","0","1","0.10000000000000001","NaN","9.9999999999999998e-13","NaN","InverseCDF","6.0730483624079825e-121","0","1.9999999999999999e-11","0","R-stats","finite"
"Gamma","exact-quantile-gradient","0","1","0.10000000000000001","NaN","9.9999999999999998e-13","NaN","GradientScale","6.0730483624079825e-121","0","1.9999999999999999e-11","0","R-qgamma-scale-identity","finite"
"Gamma","exact-quantile-gradient","0","1","0.10000000000000001","NaN","9.9999999999999998e-13","NaN","GradientShape","1.6785005686277882e-117","0","4.9999999999999998e-08","1.1926463860076724e-131","R-qgamma-log-shape-Richardson-crosschecked-pgamma","finite"
"Gamma","R-quantile","0","1","0.10000000000000001","NaN","9.9999999999999995e-07","NaN","InverseCDF","6.073048362407954e-61","0","1.9999999999999999e-11","0","R-stats","finite"
"Gamma","exact-quantile-gradient","0","1","0.10000000000000001","NaN","9.9999999999999995e-07","NaN","GradientScale","6.073048362407954e-61","0","1.9999999999999999e-11","0","R-qgamma-scale-identity","finite"
"Gamma","exact-quantile-gradient","0","1","0.10000000000000001","NaN","9.9999999999999995e-07","NaN","GradientShape","8.3947793092902892e-58","0","4.9999999999999998e-08","1.249400722906873e-70","R-qgamma-log-shape-Richardson-crosschecked-pgamma","finite"
"Gamma","R-quantile","0","1","0.10000000000000001","NaN","0.01","NaN","InverseCDF","6.0730483624079208e-21","0","1.9999999999999999e-11","0","R-stats","finite"
"Gamma","exact-quantile-gradient","0","1","0.10000000000000001","NaN","0.01","NaN","GradientScale","6.0730483624079208e-21","0","1.9999999999999999e-11","0","R-qgamma-scale-identity","finite"
"Gamma","exact-quantile-gradient","0","1","0.10000000000000001","NaN","0.01","NaN","GradientShape","2.8012950579657724e-18","0","4.9999999999999998e-08","3.4474146004531522e-31","R-qgamma-log-shape-Richardson-crosschecked-pgamma","finite"
"Gamma","R-quantile","0","1","0.10000000000000001","NaN","0.5","NaN","InverseCDF","0.0005933911044602256","0","1.9999999999999999e-11","0","R-stats","finite"
"Gamma","exact-quantile-gradient","0","1","0.10000000000000001","NaN","0.5","NaN","GradientScale","0.0005933911044602256","0","1.9999999999999999e-11","0","R-qgamma-scale-identity","finite"
"Gamma","exact-quantile-gradient","0","1","0.10000000000000001","NaN","0.5","NaN","GradientShape","0.041597742364842163","0","4.9999999999999998e-08","3.5596525727044082e-15","R-qgamma-log-shape-Richardson-crosschecked-pgamma","finite"
"Gamma","R-quantile","0","1","0.10000000000000001","NaN","0.98999999999999999","NaN","InverseCDF","1.5884778179295043","0","1.9999999999999999e-11","0","R-stats","finite"
"Gamma","exact-quantile-gradient","0","1","0.10000000000000001","NaN","0.98999999999999999","NaN","GradientScale","1.5884778179295043","0","1.9999999999999999e-11","0","R-qgamma-scale-identity","finite"
"Gamma","exact-quantile-gradient","0","1","0.10000000000000001","NaN","0.98999999999999999","NaN","GradientShape","7.9356013006999602","0","4.9999999999999998e-08","1.5582557466586877e-10","R-qgamma-log-shape-Richardson-crosschecked-pgamma","finite"
"Gamma","R-quantile","0","1","0.10000000000000001","NaN","0.99999999999900002","NaN","InverseCDF","22.537047778047889","0","1.9999999999999999e-11","0","R-stats","finite"
"Gamma","exact-quantile-gradient","0","1","0.10000000000000001","NaN","0.99999999999900002","NaN","GradientScale","22.537047778047889","0","1.9999999999999999e-11","0","R-qgamma-scale-identity","finite"
"Gamma","exact-quantile-gradient","0","1","0.10000000000000001","NaN","0.99999999999900002","NaN","GradientShape","13.078384847595393","0","4.9999999999999998e-08","8.3433022508461941e-11","R-qgamma-log-shape-Richardson-crosschecked-pgamma","finite"
"Gamma","R-quantile","0","1","0.5","NaN","9.9999999999999998e-13","NaN","InverseCDF","7.8539816339744886e-25","0","1.9999999999999999e-11","0","R-stats","finite"
"Gamma","exact-quantile-gradient","0","1","0.5","NaN","9.9999999999999998e-13","NaN","GradientScale","7.8539816339744886e-25","0","1.9999999999999999e-11","0","R-qgamma-scale-identity","finite"
"Gamma","exact-quantile-gradient","0","1","0.5","NaN","9.9999999999999998e-13","NaN","GradientShape","8.7242179856514801e-23","0","4.9999999999999998e-08","6.1989297148922731e-37","R-qgamma-log-shape-Richardson-crosschecked-pgamma","finite"
"Gamma","R-quantile","0","1","0.5","NaN","9.9999999999999995e-07","NaN","InverseCDF","7.8539816339785822e-13","0","1.9999999999999999e-11","0","R-stats","finite"
"Gamma","exact-quantile-gradient","0","1","0.5","NaN","9.9999999999999995e-07","NaN","GradientScale","7.8539816339785822e-13","0","1.9999999999999999e-11","0","R-qgamma-scale-identity","finite"
"Gamma","exact-quantile-gradient","0","1","0.5","NaN","9.9999999999999995e-07","NaN","GradientShape","4.3839473382067759e-11","0","4.9999999999999998e-08","6.8500894477047604e-25","R-qgamma-log-shape-Richardson-crosschecked-pgamma","finite"
"Gamma","R-quantile","0","1","0.5","NaN","0.01","NaN","InverseCDF","7.8543928954851055e-05","0","1.9999999999999999e-11","0","R-stats","finite"
"Gamma","exact-quantile-gradient","0","1","0.5","NaN","0.01","NaN","GradientScale","7.8543928954851055e-05","0","1.9999999999999999e-11","0","R-qgamma-scale-identity","finite"
"Gamma","exact-quantile-gradient","0","1","0.5","NaN","0.01","NaN","GradientShape","0.0014905869250994492","0","4.9999999999999998e-08","1.0591257116483982e-17","R-qgamma-log-shape-Richardson-crosschecked-pgamma","finite"
"Gamma","R-quantile","0","1","0.5","NaN","0.5","NaN","InverseCDF","0.22746821155978642","0","1.9999999999999999e-11","0","R-stats","finite"
"Gamma","exact-quantile-gradient","0","1","0.5","NaN","0.5","NaN","GradientScale","0.22746821155978642","0","1.9999999999999999e-11","0","R-qgamma-scale-identity","finite"
"Gamma","exact-quantile-gradient","0","1","0.5","NaN","0.5","NaN","GradientShape","0.85836744474355675","0","4.9999999999999998e-08","1.461053500406706e-13","R-qgamma-log-shape-Richardson-crosschecked-pgamma","finite"
"Gamma","R-quantile","0","1","0.5","NaN","0.98999999999999999","NaN","InverseCDF","3.3174483005106064","0","1.9999999999999999e-11","0","R-stats","finite"
"Gamma","exact-quantile-gradient","0","1","0.5","NaN","0.98999999999999999","NaN","GradientScale","3.3174483005106064","0","1.9999999999999999e-11","0","R-qgamma-scale-identity","finite"
"Gamma","exact-quantile-gradient","0","1","0.5","NaN","0.98999999999999999","NaN","GradientShape","3.014830927649844","0","4.9999999999999998e-08","5.2778930277682645e-13","R-qgamma-log-shape-Richardson-crosschecked-pgamma","finite"
"Gamma","R-quantile","0","1","0.5","NaN","0.99999999999900002","NaN","InverseCDF","25.422085666224589","0","1.9999999999999999e-11","0","R-stats","finite"
"Gamma","exact-quantile-gradient","0","1","0.5","NaN","0.99999999999900002","NaN","GradientScale","25.422085666224589","0","1.9999999999999999e-11","0","R-qgamma-scale-identity","finite"
"Gamma","exact-quantile-gradient","0","1","0.5","NaN","0.99999999999900002","NaN","GradientShape","5.1389288070913075","0","4.9999999999999998e-08","7.7706729939563957e-12","R-qgamma-log-shape-Richardson-crosschecked-pgamma","finite"
"Gamma","R-quantile","0","1","1","NaN","9.9999999999999998e-13","NaN","InverseCDF","1.0000000000005e-12","0","1.9999999999999999e-11","0","R-stats","finite"
"Gamma","exact-quantile-gradient","0","1","1","NaN","9.9999999999999998e-13","NaN","GradientScale","1.0000000000005e-12","0","1.9999999999999999e-11","0","R-qgamma-scale-identity","finite"
"Gamma","exact-quantile-gradient","0","1","1","NaN","9.9999999999999998e-13","NaN","GradientShape","2.8053805451055021e-11","0","4.9999999999999998e-08","8.1425591548188662e-25","R-qgamma-log-shape-Richardson-crosschecked-pgamma","finite"
"Gamma","R-quantile","0","1","1","NaN","9.9999999999999995e-07","NaN","InverseCDF","1.0000005000003338e-06","0","1.9999999999999999e-11","0","R-stats","finite"
"Gamma","exact-quantile-gradient","0","1","1","NaN","9.9999999999999995e-07","NaN","GradientScale","1.0000005000003338e-06","0","1.9999999999999999e-11","0","R-qgamma-scale-identity","finite"
"Gamma","exact-quantile-gradient","0","1","1","NaN","9.9999999999999995e-07","NaN","GradientShape","1.4238308881371333e-05","0","4.9999999999999998e-08","2.557955127714139e-19","R-qgamma-log-shape-Richardson-crosschecked-pgamma","finite"
"Gamma","R-quantile","0","1","1","NaN","0.01","NaN","InverseCDF","0.010050335853501445","0","1.9999999999999999e-11","0","R-stats","finite"
"Gamma","exact-quantile-gradient","0","1","1","NaN","0.01","NaN","GradientScale","0.010050335853501445","0","1.9999999999999999e-11","0","R-qgamma-scale-identity","finite"
"Gamma","exact-quantile-gradient","0","1","1","NaN","0.01","NaN","GradientShape","0.050762096416328853","0","4.9999999999999998e-08","1.2050763411354871e-15","R-qgamma-log-shape-Richardson-crosschecked-pgamma","finite"
"Gamma","R-quantile","0","1","1","NaN","0.5","NaN","InverseCDF","0.69314718055994518","0","1.9999999999999999e-11","0","R-stats","finite"
"Gamma","exact-quantile-gradient","0","1","1","NaN","0.5","NaN","GradientScale","0.69314718055994518","0","1.9999999999999999e-11","0","R-qgamma-scale-identity","finite"
"Gamma","exact-quantile-gradient","0","1","1","NaN","0.5","NaN","GradientShape","0.96804483044203904","0","4.9999999999999998e-08","3.8302694349567901e-14","R-qgamma-log-shape-Richardson-crosschecked-pgamma","finite"
"Gamma","R-quantile","0","1","1","NaN","0.98999999999999999","NaN","InverseCDF","4.6051701859880909","0","1.9999999999999999e-11","0","R-stats","finite"
"Gamma","exact-quantile-gradient","0","1","1","NaN","0.98999999999999999","NaN","GradientScale","4.6051701859880909","0","1.9999999999999999e-11","0","R-qgamma-scale-identity","finite"
"Gamma","exact-quantile-gradient","0","1","1","NaN","0.98999999999999999","NaN","GradientShape","2.287369640671733","0","4.9999999999999998e-08","3.1085617114631862e-13","R-qgamma-log-shape-Richardson-crosschecked-pgamma","finite"
"Gamma","R-quantile","0","1","1","NaN","0.99999999999900002","NaN","InverseCDF","27.631043237893358","0","1.9999999999999999e-11","0","R-stats","finite"
"Gamma","exact-quantile-gradient","0","1","1","NaN","0.99999999999900002","NaN","GradientScale","27.631043237893358","0","1.9999999999999999e-11","0","R-qgamma-scale-identity","finite"
"Gamma","exact-quantile-gradient","0","1","1","NaN","0.99999999999900002","NaN","GradientShape","3.9311227175470456","0","4.9999999999999998e-08","6.6721649363741312e-13","R-qgamma-log-shape-Richardson-crosschecked-pgamma","finite"
"Gamma","R-quantile","0","1","2","NaN","9.9999999999999998e-13","NaN","InverseCDF","1.4142142290401945e-06","0","1.9999999999999999e-11","0","R-stats","finite"
"Gamma","exact-quantile-gradient","0","1","2","NaN","9.9999999999999998e-13","NaN","GradientScale","1.4142142290401945e-06","0","1.9999999999999999e-11","0","R-qgamma-scale-identity","finite"
"Gamma","exact-quantile-gradient","0","1","2","NaN","9.9999999999999998e-13","NaN","GradientShape","1.0176493098412205e-05","0","4.9999999999999998e-08","1.1418004128987969e-18","R-qgamma-log-shape-Richardson-crosschecked-pgamma","finite"
"Gamma","R-quantile","0","1","2","NaN","9.9999999999999995e-07","NaN","InverseCDF","0.0014148806614793434","0","1.9999999999999999e-11","0","R-stats","finite"
"Gamma","exact-quantile-gradient","0","1","2","NaN","9.9999999999999995e-07","NaN","GradientScale","0.0014148806614793434","0","1.9999999999999999e-11","0","R-qgamma-scale-identity","finite"
"Gamma","exact-quantile-gradient","0","1","2","NaN","9.9999999999999995e-07","NaN","GradientShape","0.005296734791236826","0","4.9999999999999998e-08","2.2724877535296173e-16","R-qgamma-log-shape-Richardson-crosschecked-pgamma","finite"
"Gamma","R-quantile","0","1","2","NaN","0.01","NaN","InverseCDF","0.14855474025326595","0","1.9999999999999999e-11","0","R-stats","finite"
"Gamma","exact-quantile-gradient","0","1","2","NaN","0.01","NaN","GradientScale","0.14855474025326595","0","1.9999999999999999e-11","0","R-qgamma-scale-identity","finite"
"Gamma","exact-quantile-gradient","0","1","2","NaN","0.01","NaN","GradientShape","0.22228895477242647","0","4.9999999999999998e-08","2.0622392682412283e-14","R-qgamma-log-shape-Richardson-crosschecked-pgamma","finite"
"Gamma","R-quantile","0","1","2","NaN","0.5","NaN","InverseCDF","1.678346990016661","0","1.9999999999999999e-11","0","R-stats","finite"
"Gamma","exact-quantile-gradient","0","1","2","NaN","0.5","NaN","GradientScale","1.678346990016661","0","1.9999999999999999e-11","0","R-qgamma-scale-identity","finite"
"Gamma","exact-quantile-gradient","0","1","2","NaN","0.5","NaN","GradientShape","0.99329489372687996","0","4.9999999999999998e-08","6.2683191970336338e-13","R-qgamma-log-shape-Richardson-crosschecked-pgamma","finite"
"Gamma","R-quantile","0","1","2","NaN","0.98999999999999999","NaN","InverseCDF","6.6383520679938117","0","1.9999999999999999e-11","0","R-stats","finite"
"Gamma","exact-quantile-gradient","0","1","2","NaN","0.98999999999999999","NaN","GradientScale","6.6383520679938117","0","1.9999999999999999e-11","0","R-qgamma-scale-identity","finite"
"Gamma","exact-quantile-gradient","0","1","2","NaN","0.98999999999999999","NaN","GradientShape","1.8621756294381873","0","4.9999999999999998e-08","6.4119446409656346e-14","R-qgamma-log-shape-Richardson-crosschecked-pgamma","finite"
"Gamma","R-quantile","0","1","2","NaN","0.99999999999900002","NaN","InverseCDF","31.099896029054484","0","1.9999999999999999e-11","0","R-stats","finite"
"Gamma","exact-quantile-gradient","0","1","2","NaN","0.99999999999900002","NaN","GradientScale","31.099896029054484","0","1.9999999999999999e-11","0","R-qgamma-scale-identity","finite"
"Gamma","exact-quantile-gradient","0","1","2","NaN","0.99999999999900002","NaN","GradientShape","3.1445042228424795","0","4.9999999999999998e-08","1.5536332220733584e-09","R-qgamma-log-shape-Richardson-crosschecked-pgamma","finite"
"Gamma","R-quantile","0","1","10","NaN","9.9999999999999998e-13","NaN","InverseCDF","0.29346037331774016","0","1.9999999999999999e-11","0","R-stats","finite"
"Gamma","exact-quantile-gradient","0","1","10","NaN","9.9999999999999998e-13","NaN","GradientScale","0.29346037331774016","0","1.9999999999999999e-11","0","R-qgamma-scale-identity","finite"
"Gamma","exact-quantile-gradient","0","1","10","NaN","9.9999999999999998e-13","NaN","GradientShape","0.10793896373192462","0","4.9999999999999998e-08","4.3918711249126138e-15","R-qgamma-log-shape-Richardson-crosschecked-pgamma","finite"
"Gamma","R-quantile","0","1","10","NaN","9.9999999999999995e-07","NaN","InverseCDF","1.2768187878644079","0","1.9999999999999999e-11","0","R-stats","finite"
"Gamma","exact-quantile-gradient","0","1","10","NaN","9.9999999999999995e-07","NaN","GradientScale","1.2768187878644079","0","1.9999999999999999e-11","0","R-qgamma-scale-identity","finite"
"Gamma","exact-quantile-gradient","0","1","10","NaN","9.9999999999999995e-07","NaN","GradientShape","0.30565519727128893","0","4.9999999999999998e-08","4.829470157119431e-15","R-qgamma-log-shape-Richardson-crosschecked-pgamma","finite"
"Gamma","R-quantile","0","1","10","NaN","0.01","NaN","InverseCDF","4.1301991662731989","0","1.9999999999999999e-11","0","R-stats","finite"
"Gamma","exact-quantile-gradient","0","1","10","NaN","0.01","NaN","GradientScale","4.1301991662731989","0","1.9999999999999999e-11","0","R-qgamma-scale-identity","finite"
"Gamma","exact-quantile-gradient","0","1","10","NaN","0.01","NaN","GradientShape","0.6323466073218178","0","4.9999999999999998e-08","2.8643754035329039e-14","R-qgamma-log-shape-Richardson-crosschecked-pgamma","finite"
"Gamma","R-quantile","0","1","10","NaN","0.5","NaN","InverseCDF","9.6687146147141352","0","1.9999999999999999e-11","0","R-stats","finite"
"Gamma","exact-quantile-gradient","0","1","10","NaN","0.5","NaN","GradientScale","9.6687146147141352","0","1.9999999999999999e-11","0","R-qgamma-scale-identity","finite"
"Gamma","exact-quantile-gradient","0","1","10","NaN","0.5","NaN","GradientShape","0.99978790183312916","0","4.9999999999999998e-08","2.4880097981849758e-13","R-qgamma-log-shape-Richardson-crosschecked-pgamma","finite"
"Gamma","R-quantile","0","1","10","NaN","0.98999999999999999","NaN","InverseCDF","18.783117393312519","0","1.9999999999999999e-11","0","R-stats","finite"
"Gamma","exact-quantile-gradient","0","1","10","NaN","0.98999999999999999","NaN","GradientScale","18.783117393312519","0","1.9999999999999999e-11","0","R-qgamma-scale-identity","finite"
"Gamma","exact-quantile-gradient","0","1","10","NaN","0.98999999999999999","NaN","GradientShape","1.3705316944158759","0","4.9999999999999998e-08","5.0048278570302744e-14","R-qgamma-log-shape-Richardson-crosschecked-pgamma","finite"
"Gamma","R-quantile","0","1","10","NaN","0.99999999999900002","NaN","InverseCDF","50.279911306030037","0","1.9999999999999999e-11","0","R-stats","finite"
"Gamma","exact-quantile-gradient","0","1","10","NaN","0.99999999999900002","NaN","GradientScale","50.279911306030037","0","1.9999999999999999e-11","0","R-qgamma-scale-identity","finite"
"Gamma","exact-quantile-gradient","0","1","10","NaN","0.99999999999900002","NaN","GradientShape","2.0473726029665387","0","4.9999999999999998e-08","5.2629722802066681e-10","R-qgamma-log-shape-Richardson-crosschecked-pgamma","finite"
"Gamma","R-quantile","0","1","100","NaN","9.9999999999999998e-13","NaN","InverseCDF","44.886022030017614","0","1.9999999999999999e-11","0","R-stats","finite"
"Gamma","exact-quantile-gradient","0","1","100","NaN","9.9999999999999998e-13","NaN","GradientScale","44.886022030017614","0","1.9999999999999999e-11","0","R-qgamma-scale-identity","finite"
"Gamma","exact-quantile-gradient","0","1","100","NaN","9.9999999999999998e-13","NaN","GradientShape","0.65345260855637488","0","4.9999999999999998e-08","5.1292303737682232e-14","R-qgamma-log-shape-Richardson-crosschecked-pgamma","finite"
"Gamma","R-quantile","0","1","100","NaN","9.9999999999999995e-07","NaN","InverseCDF","59.436320698122898","0","1.9999999999999999e-11","0","R-stats","finite"
"Gamma","exact-quantile-gradient","0","1","100","NaN","9.9999999999999995e-07","NaN","GradientScale","59.436320698122898","0","1.9999999999999999e-11","0","R-qgamma-scale-identity","finite"
"Gamma","exact-quantile-gradient","0","1","100","NaN","9.9999999999999995e-07","NaN","GradientShape","0.76358291054739869","0","4.9999999999999998e-08","6.361577931102147e-14","R-qgamma-log-shape-Richardson-crosschecked-pgamma","finite"
"Gamma","R-quantile","0","1","100","NaN","0.01","NaN","InverseCDF","78.215983053795824","0","1.9999999999999999e-11","0","R-stats","finite"
"Gamma","exact-quantile-gradient","0","1","100","NaN","0.01","NaN","GradientScale","78.215983053795824","0","1.9999999999999999e-11","0","R-qgamma-scale-identity","finite"
"Gamma","exact-quantile-gradient","0","1","100","NaN","0.01","NaN","GradientShape","0.88364602465163722","0","4.9999999999999998e-08","5.8286708792820718e-14","R-qgamma-log-shape-Richardson-crosschecked-pgamma","finite"
"Gamma","R-quantile","0","1","100","NaN","0.5","NaN","InverseCDF","99.666864919315429","0","1.9999999999999999e-11","0","R-stats","finite"
"Gamma","exact-quantile-gradient","0","1","100","NaN","0.5","NaN","GradientScale","99.666864919315429","0","1.9999999999999999e-11","0","R-qgamma-scale-identity","finite"
"Gamma","exact-quantile-gradient","0","1","100","NaN","0.5","NaN","GradientShape","0.99999801024936996","0","4.9999999999999998e-08","1.6409096303959814e-13","R-qgamma-log-shape-Richardson-crosschecked-pgamma","finite"
"Gamma","R-quantile","0","1","100","NaN","0.98999999999999999","NaN","InverseCDF","124.72256149072082","0","1.9999999999999999e-11","0","R-stats","finite"
"Gamma","exact-quantile-gradient","0","1","100","NaN","0.98999999999999999","NaN","GradientScale","124.72256149072082","0","1.9999999999999999e-11","0","R-qgamma-scale-identity","finite"
"Gamma","exact-quantile-gradient","0","1","100","NaN","0.98999999999999999","NaN","GradientShape","1.1163812449434809","0","4.9999999999999998e-08","5.8295810831491793e-14","R-qgamma-log-shape-Richardson-crosschecked-pgamma","finite"
"Gamma","R-quantile","0","1","100","NaN","0.99999999999900002","NaN","InverseCDF","187.24800173921616","0","1.9999999999999999e-11","0","R-stats","finite"
"Gamma","exact-quantile-gradient","0","1","100","NaN","0.99999999999900002","NaN","GradientScale","187.24800173921616","0","1.9999999999999999e-11","0","R-qgamma-scale-identity","finite"
"Gamma","exact-quantile-gradient","0","1","100","NaN","0.99999999999900002","NaN","GradientShape","1.3484246609827324","0","4.9999999999999998e-08","2.1996404697688376e-11","R-qgamma-log-shape-Richardson-crosschecked-pgamma","finite"
"Gamma","R-quantile","0","1","10000","NaN","9.9999999999999998e-13","NaN","InverseCDF","9312.6289698542259","0","1.9999999999999999e-11","0","R-stats","finite"
"Gamma","exact-quantile-gradient","0","1","10000","NaN","9.9999999999999998e-13","NaN","GradientScale","9312.6289698542259","0","1.9999999999999999e-11","0","R-qgamma-scale-identity","finite"
"Gamma","exact-quantile-gradient","0","1","10000","NaN","9.9999999999999998e-13","NaN","GradientShape","0.96483182729797701","0","4.9999999999999998e-08","2.7222668563808838e-13","R-qgamma-log-shape-Richardson-crosschecked-pgamma","finite"
"Gamma","R-quantile","0","1","10000","NaN","9.9999999999999995e-07","NaN","InverseCDF","9531.8351171898066","0","1.9999999999999999e-11","0","R-stats","finite"
"Gamma","exact-quantile-gradient","0","1","10000","NaN","9.9999999999999995e-07","NaN","GradientScale","9531.8351171898066","0","1.9999999999999999e-11","0","R-qgamma-scale-identity","finite"
"Gamma","exact-quantile-gradient","0","1","10000","NaN","9.9999999999999995e-07","NaN","GradientShape","0.97623392888348337","0","4.9999999999999998e-08","1.3644640972643174e-13","R-qgamma-log-shape-Richardson-crosschecked-pgamma","finite"
"Gamma","R-quantile","0","1","10000","NaN","0.01","NaN","InverseCDF","9768.836856696591","0","1.9999999999999999e-11","0","R-stats","finite"
"Gamma","exact-quantile-gradient","0","1","10000","NaN","0.01","NaN","GradientScale","9768.836856696591","0","1.9999999999999999e-11","0","R-qgamma-scale-identity","finite"
"Gamma","exact-quantile-gradient","0","1","10000","NaN","0.01","NaN","GradientShape","0.98836821068336922","0","4.9999999999999998e-08","6.9022565440945982e-13","R-qgamma-log-shape-Richardson-crosschecked-pgamma","finite"
"Gamma","R-quantile","0","1","10000","NaN","0.5","NaN","InverseCDF","9999.6666686420467","0","1.9999999999999999e-11","0","R-stats","finite"
"Gamma","exact-quantile-gradient","0","1","10000","NaN","0.5","NaN","GradientScale","9999.6666686420467","0","1.9999999999999999e-11","0","R-qgamma-scale-identity","finite"
"Gamma","exact-quantile-gradient","0","1","10000","NaN","0.5","NaN","GradientShape","0.99999999980229648","0","4.9999999999999998e-08","6.0085270092713472e-13","R-qgamma-log-shape-Richardson-crosschecked-pgamma","finite"
"Gamma","R-quantile","0","1","10000","NaN","0.98999999999999999","NaN","InverseCDF","10234.104379158054","0","1.9999999999999999e-11","0","R-stats","finite"
"Gamma","exact-quantile-gradient","0","1","10000","NaN","0.98999999999999999","NaN","GradientScale","10234.104379158054","0","1.9999999999999999e-11","0","R-qgamma-scale-identity","finite"
"Gamma","exact-quantile-gradient","0","1","10000","NaN","0.98999999999999999","NaN","GradientShape","1.0116317920265285","0","4.9999999999999998e-08","7.2035956937124344e-14","R-qgamma-log-shape-Richardson-crosschecked-pgamma","finite"
"Gamma","R-quantile","0","1","10000","NaN","0.99999999999900002","NaN","InverseCDF","10719.692099677319","0","1.9999999999999999e-11","0","R-stats","finite"
"Gamma","exact-quantile-gradient","0","1","10000","NaN","0.99999999999900002","NaN","GradientScale","10719.692099677319","0","1.9999999999999999e-11","0","R-qgamma-scale-identity","finite"
"Gamma","exact-quantile-gradient","0","1","10000","NaN","0.99999999999900002","NaN","GradientShape","1.0351683776435263","0","4.9999999999999998e-08","3.2489566592630581e-12","R-qgamma-log-shape-Richardson-crosschecked-pgamma","finite"
"Weibull","R-quantile","0","1","0.10000000000000001","NaN","9.9999999999999998e-13","NaN","InverseCDF","1.0000000000049999e-120","0","1.9999999999999999e-11","0","R-stats","finite"
"Weibull","analytic-quantile-gradient","0","1","0.10000000000000001","NaN","9.9999999999999998e-13","NaN","Gradient1","1.0000000000050118e-120","0","1.9999999999999999e-11","0","defining-quantile-derivative","finite"
"Weibull","analytic-quantile-gradient","0","1","0.10000000000000001","NaN","9.9999999999999998e-13","NaN","Gradient2","2.7631021116066523e-117","0","1.9999999999999999e-11","0","defining-quantile-derivative","finite"
"Weibull","R-quantile","0","1","0.10000000000000001","NaN","9.9999999999999995e-07","NaN","InverseCDF","1.0000050000145838e-60","0","1.9999999999999999e-11","0","R-stats","finite"
"Weibull","analytic-quantile-gradient","0","1","0.10000000000000001","NaN","9.9999999999999995e-07","NaN","Gradient1","1.0000050000145954e-60","0","1.9999999999999999e-11","0","defining-quantile-derivative","finite"
"Weibull","analytic-quantile-gradient","0","1","0.10000000000000001","NaN","9.9999999999999995e-07","NaN","Gradient2","1.3815579135715996e-57","0","1.9999999999999999e-11","0","defining-quantile-derivative","finite"
"Weibull","R-quantile","0","1","0.10000000000000001","NaN","0.01","NaN","InverseCDF","1.0514914576008534e-20","0","1.9999999999999999e-11","0","R-stats","finite"
"Weibull","analytic-quantile-gradient","0","1","0.10000000000000001","NaN","0.01","NaN","Gradient1","1.0514914576008546e-20","0","1.9999999999999999e-11","0","defining-quantile-derivative","finite"
"Weibull","analytic-quantile-gradient","0","1","0.10000000000000001","NaN","0.01","NaN","Gradient2","4.8370176156447497e-18","0","1.9999999999999999e-11","0","defining-quantile-derivative","finite"
"Weibull","R-quantile","0","1","0.10000000000000001","NaN","0.5","NaN","InverseCDF","0.025600863289563104","0","1.9999999999999999e-11","0","R-stats","finite"
"Weibull","analytic-quantile-gradient","0","1","0.10000000000000001","NaN","0.5","NaN","Gradient1","0.025600863289563118","0","1.9999999999999999e-11","0","defining-quantile-derivative","finite"
"Weibull","analytic-quantile-gradient","0","1","0.10000000000000001","NaN","0.5","NaN","Gradient2","0.93830471736696919","0","1.9999999999999999e-11","0","defining-quantile-derivative","finite"
"Weibull","R-quantile","0","1","0.10000000000000001","NaN","0.98999999999999999","NaN","InverseCDF","4289995.5691822227","0","1.9999999999999999e-11","0","R-stats","finite"
"Weibull","analytic-quantile-gradient","0","1","0.10000000000000001","NaN","0.98999999999999999","NaN","Gradient1","4289995.5691822274","0","1.9999999999999999e-11","0","defining-quantile-derivative","finite"
"Weibull","analytic-quantile-gradient","0","1","0.10000000000000001","NaN","0.98999999999999999","NaN","Gradient2","-655159382.80612659","0","1.9999999999999999e-11","0","defining-quantile-derivative","finite"
"Weibull","R-quantile","0","1","0.10000000000000001","NaN","0.99999999999900002","NaN","InverseCDF","259401703939736.09","0","1.9999999999999999e-11","0","R-stats","finite"
"Weibull","analytic-quantile-gradient","0","1","0.10000000000000001","NaN","0.99999999999900002","NaN","Gradient1","259401703939735.69","0","1.9999999999999999e-11","0","defining-quantile-derivative","finite"
"Weibull","analytic-quantile-gradient","0","1","0.10000000000000001","NaN","0.99999999999900002","NaN","Gradient2","-86093866420679680","0","1.9999999999999999e-11","0","defining-quantile-derivative","finite"
"Weibull","R-quantile","0","1","0.5","NaN","9.9999999999999998e-13","NaN","InverseCDF","1.000000000001e-24","0","1.9999999999999999e-11","0","R-stats","finite"
"Weibull","analytic-quantile-gradient","0","1","0.5","NaN","9.9999999999999998e-13","NaN","Gradient1","1.0000000000009967e-24","0","1.9999999999999999e-11","0","defining-quantile-derivative","finite"
"Weibull","analytic-quantile-gradient","0","1","0.5","NaN","9.9999999999999998e-13","NaN","Gradient2","1.1052408446382235e-22","0","1.9999999999999999e-11","0","defining-quantile-derivative","finite"
"Weibull","R-quantile","0","1","0.5","NaN","9.9999999999999995e-07","NaN","InverseCDF","1.0000010000009168e-12","0","1.9999999999999999e-11","0","R-stats","finite"
"Weibull","analytic-quantile-gradient","0","1","0.5","NaN","9.9999999999999995e-07","NaN","Gradient1","1.0000010000009176e-12","0","1.9999999999999999e-11","0","defining-quantile-derivative","finite"
"Weibull","analytic-quantile-gradient","0","1","0.5","NaN","9.9999999999999995e-07","NaN","Gradient2","5.5262095493947199e-11","0","1.9999999999999999e-11","0","defining-quantile-derivative","finite"
"Weibull","R-quantile","0","1","0.5","NaN","0.01","NaN","InverseCDF","0.00010100925076817656","0","1.9999999999999999e-11","0","R-stats","finite"
"Weibull","analytic-quantile-gradient","0","1","0.5","NaN","0.01","NaN","Gradient1","0.00010100925076817659","0","1.9999999999999999e-11","0","defining-quantile-derivative","finite"
"Weibull","analytic-quantile-gradient","0","1","0.5","NaN","0.01","NaN","Gradient2","0.0018586305072740368","0","1.9999999999999999e-11","0","defining-quantile-derivative","finite"
"Weibull","R-quantile","0","1","0.5","NaN","0.5","NaN","InverseCDF","0.48045301391820139","0","1.9999999999999999e-11","0","R-stats","finite"
"Weibull","analytic-quantile-gradient","0","1","0.5","NaN","0.5","NaN","Gradient1","0.48045301391820139","0","1.9999999999999999e-11","0","defining-quantile-derivative","finite"
"Weibull","analytic-quantile-gradient","0","1","0.5","NaN","0.5","NaN","Gradient2","0.7043689493336921","0","1.9999999999999999e-11","0","defining-quantile-derivative","finite"
"Weibull","R-quantile","0","1","0.5","NaN","0.98999999999999999","NaN","InverseCDF","21.207592441913587","0","1.9999999999999999e-11","0","R-stats","finite"
"Weibull","analytic-quantile-gradient","0","1","0.5","NaN","0.98999999999999999","NaN","Gradient1","21.207592441913594","0","1.9999999999999999e-11","0","defining-quantile-derivative","finite"
"Weibull","analytic-quantile-gradient","0","1","0.5","NaN","0.98999999999999999","NaN","Gradient2","-129.5512123589123","0","1.9999999999999999e-11","0","defining-quantile-derivative","finite"
"Weibull","R-quantile","0","1","0.5","NaN","0.99999999999900002","NaN","InverseCDF","763.47455041433227","0","1.9999999999999999e-11","0","R-stats","finite"
"Weibull","analytic-quantile-gradient","0","1","0.5","NaN","0.99999999999900002","NaN","Gradient1","763.47455041433204","0","1.9999999999999999e-11","0","defining-quantile-derivative","finite"
"Weibull","analytic-quantile-gradient","0","1","0.5","NaN","0.99999999999900002","NaN","Gradient2","-10135.70457875335","0","1.9999999999999999e-11","0","defining-quantile-derivative","finite"
"Weibull","R-quantile","0","1","1","NaN","9.9999999999999998e-13","NaN","InverseCDF","1.0000000000005e-12","0","1.9999999999999999e-11","0","R-stats","finite"
"Weibull","analytic-quantile-gradient","0","1","1","NaN","9.9999999999999998e-13","NaN","Gradient1","1.0000000000004984e-12","0","1.9999999999999999e-11","0","defining-quantile-derivative","finite"
"Weibull","analytic-quantile-gradient","0","1","1","NaN","9.9999999999999998e-13","NaN","Gradient2","2.763102111594182e-11","0","1.9999999999999999e-11","0","defining-quantile-derivative","finite"
"Weibull","R-quantile","0","1","1","NaN","9.9999999999999995e-07","NaN","InverseCDF","1.0000005000003334e-06","0","1.9999999999999999e-11","0","R-stats","finite"
"Weibull","analytic-quantile-gradient","0","1","1","NaN","9.9999999999999995e-07","NaN","Gradient1","1.0000005000003338e-06","0","1.9999999999999999e-11","0","defining-quantile-derivative","finite"
"Weibull","analytic-quantile-gradient","0","1","1","NaN","9.9999999999999995e-07","NaN","Gradient2","1.3815516965723706e-05","0","1.9999999999999999e-11","0","defining-quantile-derivative","finite"
"Weibull","R-quantile","0","1","1","NaN","0.01","NaN","InverseCDF","0.010050335853501442","0","1.9999999999999999e-11","0","R-stats","finite"
"Weibull","analytic-quantile-gradient","0","1","1","NaN","0.01","NaN","Gradient1","0.010050335853501444","0","1.9999999999999999e-11","0","defining-quantile-derivative","finite"
"Weibull","analytic-quantile-gradient","0","1","1","NaN","0.01","NaN","Gradient2","0.046233044705329601","0","1.9999999999999999e-11","0","defining-quantile-derivative","finite"
"Weibull","R-quantile","0","1","1","NaN","0.5","NaN","InverseCDF","0.69314718055994529","0","1.9999999999999999e-11","0","R-stats","finite"
"Weibull","analytic-quantile-gradient","0","1","1","NaN","0.5","NaN","Gradient1","0.69314718055994529","0","1.9999999999999999e-11","0","defining-quantile-derivative","finite"
"Weibull","analytic-quantile-gradient","0","1","1","NaN","0.5","NaN","Gradient2","0.2540473975399718","0","1.9999999999999999e-11","0","defining-quantile-derivative","finite"
"Weibull","R-quantile","0","1","1","NaN","0.98999999999999999","NaN","InverseCDF","4.6051701859880909","0","1.9999999999999999e-11","0","R-stats","finite"
"Weibull","analytic-quantile-gradient","0","1","1","NaN","0.98999999999999999","NaN","Gradient1","4.6051701859880918","0","1.9999999999999999e-11","0","defining-quantile-derivative","finite"
"Weibull","analytic-quantile-gradient","0","1","1","NaN","0.98999999999999999","NaN","Gradient2","-7.0329220814189961","0","1.9999999999999999e-11","0","defining-quantile-derivative","finite"
"Weibull","R-quantile","0","1","1","NaN","0.99999999999900002","NaN","InverseCDF","27.631043237893358","0","1.9999999999999999e-11","0","R-stats","finite"
"Weibull","analytic-quantile-gradient","0","1","1","NaN","0.99999999999900002","NaN","Gradient1","27.631043237893355","0","1.9999999999999999e-11","0","defining-quantile-derivative","finite"
"Weibull","analytic-quantile-gradient","0","1","1","NaN","0.99999999999900002","NaN","Gradient2","-91.705771760846801","0","1.9999999999999999e-11","0","defining-quantile-derivative","finite"
"Weibull","R-quantile","0","1","2","NaN","9.9999999999999998e-13","NaN","InverseCDF","1.00000000000025e-06","0","1.9999999999999999e-11","0","R-stats","finite"
"Weibull","analytic-quantile-gradient","0","1","2","NaN","9.9999999999999998e-13","NaN","Gradient1","1.0000000000002492e-06","0","1.9999999999999999e-11","0","defining-quantile-derivative","finite"
"Weibull","analytic-quantile-gradient","0","1","2","NaN","9.9999999999999998e-13","NaN","Gradient2","6.9077552789837338e-06","0","1.9999999999999999e-11","0","defining-quantile-derivative","finite"
"Weibull","R-quantile","0","1","2","NaN","9.9999999999999995e-07","NaN","InverseCDF","0.0010000002500001354","0","1.9999999999999999e-11","0","R-stats","finite"
"Weibull","analytic-quantile-gradient","0","1","2","NaN","9.9999999999999995e-07","NaN","Gradient1","0.0010000002500001356","0","1.9999999999999999e-11","0","defining-quantile-derivative","finite"
"Weibull","analytic-quantile-gradient","0","1","2","NaN","9.9999999999999995e-07","NaN","Gradient2","0.0034538783779608632","0","1.9999999999999999e-11","0","defining-quantile-derivative","finite"
"Weibull","R-quantile","0","1","2","NaN","0.01","NaN","InverseCDF","0.100251363349839","0","1.9999999999999999e-11","0","R-stats","finite"
"Weibull","analytic-quantile-gradient","0","1","2","NaN","0.01","NaN","Gradient1","0.100251363349839","0","1.9999999999999999e-11","0","defining-quantile-derivative","finite"
"Weibull","analytic-quantile-gradient","0","1","2","NaN","0.01","NaN","Gradient2","0.11529280789926495","0","1.9999999999999999e-11","0","defining-quantile-derivative","finite"
"Weibull","R-quantile","0","1","2","NaN","0.5","NaN","InverseCDF","0.83255461115769769","0","1.9999999999999999e-11","0","R-stats","finite"
"Weibull","analytic-quantile-gradient","0","1","2","NaN","0.5","NaN","Gradient1","0.8325546111576978","0","1.9999999999999999e-11","0","defining-quantile-derivative","finite"
"Weibull","analytic-quantile-gradient","0","1","2","NaN","0.5","NaN","Gradient2","0.076285505519784941","0","1.9999999999999999e-11","0","defining-quantile-derivative","finite"
"Weibull","R-quantile","0","1","2","NaN","0.98999999999999999","NaN","InverseCDF","2.1459660262893472","0","1.9999999999999999e-11","0","R-stats","finite"
"Weibull","analytic-quantile-gradient","0","1","2","NaN","0.98999999999999999","NaN","Gradient1","2.1459660262893472","0","1.9999999999999999e-11","0","defining-quantile-derivative","finite"
"Weibull","analytic-quantile-gradient","0","1","2","NaN","0.98999999999999999","NaN","Gradient2","-0.81931889825625848","0","1.9999999999999999e-11","0","defining-quantile-derivative","finite"
"Weibull","R-quantile","0","1","2","NaN","0.99999999999900002","NaN","InverseCDF","5.2565238739963274","0","1.9999999999999999e-11","0","R-stats","finite"
"Weibull","analytic-quantile-gradient","0","1","2","NaN","0.99999999999900002","NaN","Gradient1","5.2565238739963274","0","1.9999999999999999e-11","0","defining-quantile-derivative","finite"
"Weibull","analytic-quantile-gradient","0","1","2","NaN","0.99999999999900002","NaN","Gradient2","-4.3615216994689749","0","1.9999999999999999e-11","0","defining-quantile-derivative","finite"
"Weibull","R-quantile","0","1","10","NaN","9.9999999999999998e-13","NaN","InverseCDF","0.063095734448022467","0","1.9999999999999999e-11","0","R-stats","finite"
"Weibull","analytic-quantile-gradient","0","1","10","NaN","9.9999999999999998e-13","NaN","Gradient1","0.063095734448022453","0","1.9999999999999999e-11","0","defining-quantile-derivative","finite"
"Weibull","analytic-quantile-gradient","0","1","10","NaN","9.9999999999999998e-13","NaN","Gradient2","0.017433995708582971","0","1.9999999999999999e-11","0","defining-quantile-derivative","finite"
"Weibull","R-quantile","0","1","10","NaN","9.9999999999999995e-07","NaN","InverseCDF","0.25118865571039573","0","1.9999999999999999e-11","0","R-stats","finite"
"Weibull","analytic-quantile-gradient","0","1","10","NaN","9.9999999999999995e-07","NaN","Gradient1","0.25118865571039573","0","1.9999999999999999e-11","0","defining-quantile-derivative","finite"
"Weibull","analytic-quantile-gradient","0","1","10","NaN","9.9999999999999995e-07","NaN","Gradient2","0.03470299399413445","0","1.9999999999999999e-11","0","defining-quantile-derivative","finite"
"Weibull","R-quantile","0","1","10","NaN","0.01","NaN","InverseCDF","0.63127422513486209","0","1.9999999999999999e-11","0","R-stats","finite"
"Weibull","analytic-quantile-gradient","0","1","10","NaN","0.01","NaN","Gradient1","0.63127422513486209","0","1.9999999999999999e-11","0","defining-quantile-derivative","finite"
"Weibull","analytic-quantile-gradient","0","1","10","NaN","0.01","NaN","Gradient2","0.029039556386381206","0","1.9999999999999999e-11","0","defining-quantile-derivative","finite"
"Weibull","R-quantile","0","1","10","NaN","0.5","NaN","InverseCDF","0.96401223546778969","0","1.9999999999999999e-11","0","R-stats","finite"
"Weibull","analytic-quantile-gradient","0","1","10","NaN","0.5","NaN","Gradient1","0.96401223546778969","0","1.9999999999999999e-11","0","defining-quantile-derivative","finite"
"Weibull","analytic-quantile-gradient","0","1","10","NaN","0.5","NaN","Gradient2","0.0035332293989775872","0","1.9999999999999999e-11","0","defining-quantile-derivative","finite"
"Weibull","R-quantile","0","1","10","NaN","0.98999999999999999","NaN","InverseCDF","1.1649963600367286","0","1.9999999999999999e-11","0","R-stats","finite"
"Weibull","analytic-quantile-gradient","0","1","10","NaN","0.98999999999999999","NaN","Gradient1","1.1649963600367286","0","1.9999999999999999e-11","0","defining-quantile-derivative","finite"
"Weibull","analytic-quantile-gradient","0","1","10","NaN","0.98999999999999999","NaN","Gradient2","-0.017791587051884581","0","1.9999999999999999e-11","0","defining-quantile-derivative","finite"
"Weibull","R-quantile","0","1","10","NaN","0.99999999999900002","NaN","InverseCDF","1.3936051039990014","0","1.9999999999999999e-11","0","R-stats","finite"
"Weibull","analytic-quantile-gradient","0","1","10","NaN","0.99999999999900002","NaN","Gradient1","1.3936051039990014","0","1.9999999999999999e-11","0","defining-quantile-derivative","finite"
"Weibull","analytic-quantile-gradient","0","1","10","NaN","0.99999999999900002","NaN","Gradient2","-0.046252915784524486","0","1.9999999999999999e-11","0","defining-quantile-derivative","finite"
"Weibull","R-quantile","0","1","100","NaN","9.9999999999999998e-13","NaN","InverseCDF","0.75857757502918755","0","1.9999999999999999e-11","0","R-stats","finite"
"Weibull","analytic-quantile-gradient","0","1","100","NaN","9.9999999999999998e-13","NaN","Gradient1","0.75857757502918755","0","1.9999999999999999e-11","0","defining-quantile-derivative","finite"
"Weibull","analytic-quantile-gradient","0","1","100","NaN","9.9999999999999998e-13","NaN","Gradient2","0.0020960272993700976","0","1.9999999999999999e-11","0","defining-quantile-derivative","finite"
"Weibull","R-quantile","0","1","100","NaN","9.9999999999999995e-07","NaN","InverseCDF","0.87096359431090042","0","1.9999999999999999e-11","0","R-stats","finite"
"Weibull","analytic-quantile-gradient","0","1","100","NaN","9.9999999999999995e-07","NaN","Gradient1","0.87096359431090042","0","1.9999999999999999e-11","0","defining-quantile-derivative","finite"
"Weibull","analytic-quantile-gradient","0","1","100","NaN","9.9999999999999995e-07","NaN","Gradient2","0.001203280629732278","0","1.9999999999999999e-11","0","defining-quantile-derivative","finite"
"Weibull","R-quantile","0","1","100","NaN","0.01","NaN","InverseCDF","0.95504053701344283","0","1.9999999999999999e-11","0","R-stats","finite"
"Weibull","analytic-quantile-gradient","0","1","100","NaN","0.01","NaN","Gradient1","0.95504053701344283","0","1.9999999999999999e-11","0","defining-quantile-derivative","finite"
"Weibull","analytic-quantile-gradient","0","1","100","NaN","0.01","NaN","Gradient2","0.00043933289878826784","0","1.9999999999999999e-11","0","defining-quantile-derivative","finite"
"Weibull","R-quantile","0","1","100","NaN","0.5","NaN","InverseCDF","0.99634157918202571","0","1.9999999999999999e-11","0","R-stats","finite"
"Weibull","analytic-quantile-gradient","0","1","100","NaN","0.5","NaN","Gradient1","0.99634157918202571","0","1.9999999999999999e-11","0","defining-quantile-derivative","finite"
"Weibull","analytic-quantile-gradient","0","1","100","NaN","0.5","NaN","Gradient2","3.6517206208295186e-05","0","1.9999999999999999e-11","0","defining-quantile-derivative","finite"
"Weibull","R-quantile","0","1","100","NaN","0.98999999999999999","NaN","InverseCDF","1.0153890060464341","0","1.9999999999999999e-11","0","R-stats","finite"
"Weibull","analytic-quantile-gradient","0","1","100","NaN","0.98999999999999999","NaN","Gradient1","1.0153890060464341","0","1.9999999999999999e-11","0","defining-quantile-derivative","finite"
"Weibull","analytic-quantile-gradient","0","1","100","NaN","0.98999999999999999","NaN","Gradient2","-0.00015506814023034498","0","1.9999999999999999e-11","0","defining-quantile-derivative","finite"
"Weibull","R-quantile","0","1","100","NaN","0.99999999999900002","NaN","InverseCDF","1.0337463111739069","0","1.9999999999999999e-11","0","R-stats","finite"
"Weibull","analytic-quantile-gradient","0","1","100","NaN","0.99999999999900002","NaN","Gradient1","1.0337463111739069","0","1.9999999999999999e-11","0","defining-quantile-derivative","finite"
"Weibull","analytic-quantile-gradient","0","1","100","NaN","0.99999999999900002","NaN","Gradient2","-0.00034309418741425486","0","1.9999999999999999e-11","0","defining-quantile-derivative","finite"
"GEV","defining-quantile","0","1","-1","NaN","9.9999999999999998e-13","NaN","InverseCDF","-0.96380879317472912","0","1.9999999999999999e-11","0","Hosking-quantile-expm1","finite"
"GEV","analytic-quantile-gradient","0","1","-1","NaN","9.9999999999999998e-13","NaN","Gradient1","1","0","1.9999999999999999e-11","0","defining-quantile-derivative","finite"
"GEV","analytic-quantile-gradient","0","1","-1","NaN","9.9999999999999998e-13","NaN","Gradient2","-0.96380879317472912","0","1.9999999999999999e-11","0","defining-quantile-derivative","finite"
"GEV","analytic-quantile-gradient","0","1","-1","NaN","9.9999999999999998e-13","NaN","Gradient3","-0.84369238194580554","0","1.9999999999999999e-11","0","defining-quantile-derivative","finite"
"GEV","defining-quantile","0","1","-1","NaN","0.01","NaN","InverseCDF","-0.78285275904837393","0","1.9999999999999999e-11","0","Hosking-quantile-expm1","finite"
"GEV","analytic-quantile-gradient","0","1","-1","NaN","0.01","NaN","Gradient1","1","0","1.9999999999999999e-11","0","defining-quantile-derivative","finite"
"GEV","analytic-quantile-gradient","0","1","-1","NaN","0.01","NaN","Gradient2","-0.78285275904837393","0","1.9999999999999999e-11","0","defining-quantile-derivative","finite"
"GEV","analytic-quantile-gradient","0","1","-1","NaN","0.01","NaN","Gradient3","-0.45122991686665181","0","1.9999999999999999e-11","0","defining-quantile-derivative","finite"
"GEV","defining-quantile","0","1","-1","NaN","0.5","NaN","InverseCDF","0.4426950408889635","0","1.9999999999999999e-11","0","Hosking-quantile-expm1","finite"
"GEV","analytic-quantile-gradient","0","1","-1","NaN","0.5","NaN","Gradient1","1","0","1.9999999999999999e-11","0","defining-quantile-derivative","finite"
"GEV","analytic-quantile-gradient","0","1","-1","NaN","0.5","NaN","Gradient2","0.4426950408889635","0","1.9999999999999999e-11","0","defining-quantile-derivative","finite"
"GEV","analytic-quantile-gradient","0","1","-1","NaN","0.5","NaN","Gradient3","-0.086071332055934188","0","1.9999999999999999e-11","0","defining-quantile-derivative","finite"
"GEV","defining-quantile","0","1","-1","NaN","0.98999999999999999","NaN","InverseCDF","98.499162473422061","0","1.9999999999999999e-11","0","Hosking-quantile-expm1","finite"
"GEV","analytic-quantile-gradient","0","1","-1","NaN","0.98999999999999999","NaN","Gradient1","1","0","1.9999999999999999e-11","0","defining-quantile-derivative","finite"
"GEV","analytic-quantile-gradient","0","1","-1","NaN","0.98999999999999999","NaN","Gradient2","98.499162473422061","0","1.9999999999999999e-11","0","defining-quantile-derivative","finite"
"GEV","analytic-quantile-gradient","0","1","-1","NaN","0.98999999999999999","NaN","Gradient3","-359.21183284360762","0","1.9999999999999999e-11","0","defining-quantile-derivative","finite"
"GEV","defining-quantile","0","1","-1","NaN","0.99999999999900002","NaN","InverseCDF","1000022122208.0017","0","1.9999999999999999e-11","0","Hosking-quantile-expm1","finite"
"GEV","analytic-quantile-gradient","0","1","-1","NaN","0.99999999999900002","NaN","Gradient1","1","0","1.9999999999999999e-11","0","defining-quantile-derivative","finite"
"GEV","analytic-quantile-gradient","0","1","-1","NaN","0.99999999999900002","NaN","Gradient2","1000022122208.0017","0","1.9999999999999999e-11","0","defining-quantile-derivative","finite"
"GEV","analytic-quantile-gradient","0","1","-1","NaN","0.99999999999900002","NaN","Gradient3","-26631632375398.301","0","1.9999999999999999e-11","0","defining-quantile-derivative","finite"
"GEV","support","0","1","-1","NaN","NaN","NaN","Minimum","-1","0","1.9999999999999999e-11","0","mathematical-support","finite"
"GEV","support","0","1","-1","NaN","NaN","NaN","Maximum","Inf","0","1.9999999999999999e-11","0","mathematical-support","infinite"
"GEV","boundary-and-evaluation","0","1","-1","-1","NaN","NaN","LogPDF","-Inf","0","1.9999999999999999e-11","0","defining-density-and-one-sided-limits","infinite"
"GEV","boundary-and-evaluation","0","1","-1","-1","NaN","NaN","LogCDF","-Inf","0","1.9999999999999999e-11","0","defining-density-and-one-sided-limits","infinite"
"GEV","boundary-and-evaluation","0","1","-1","-1","NaN","NaN","LogCCDF","0","0","1.9999999999999999e-11","0","defining-density-and-one-sided-limits","finite"
"GEV","boundary-and-evaluation","0","1","-1","Inf","NaN","NaN","LogPDF","-Inf","0","1.9999999999999999e-11","0","defining-density-and-one-sided-limits","infinite"
"GEV","boundary-and-evaluation","0","1","-1","Inf","NaN","NaN","LogCDF","-0","0","1.9999999999999999e-11","0","defining-density-and-one-sided-limits","finite"
"GEV","boundary-and-evaluation","0","1","-1","Inf","NaN","NaN","LogCCDF","-Inf","0","1.9999999999999999e-11","0","defining-density-and-one-sided-limits","infinite"
"GEV","boundary-and-evaluation","0","1","-1","0","NaN","NaN","LogPDF","-1","0","1.9999999999999999e-11","0","defining-density-and-one-sided-limits","finite"
"GEV","boundary-and-evaluation","0","1","-1","0","NaN","NaN","LogCDF","-1","0","1.9999999999999999e-11","0","defining-density-and-one-sided-limits","finite"
"GEV","boundary-and-evaluation","0","1","-1","0","NaN","NaN","LogCCDF","-0.45867514538708193","0","1.9999999999999999e-11","0","defining-density-and-one-sided-limits","finite"
"GEV","boundary-and-evaluation","0","1","-1","0.10000000000000001","NaN","NaN","LogPDF","-1.0997112686995587","0","1.9999999999999999e-11","0","defining-density-and-one-sided-limits","finite"
"GEV","boundary-and-evaluation","0","1","-1","0.10000000000000001","NaN","NaN","LogCDF","-0.90909090909090906","0","1.9999999999999999e-11","0","defining-density-and-one-sided-limits","finite"
"GEV","boundary-and-evaluation","0","1","-1","0.10000000000000001","NaN","NaN","LogCCDF","-0.51565446643165547","0","1.9999999999999999e-11","0","defining-density-and-one-sided-limits","finite"
"GEV","defining-quantile","0","1","-0.5","NaN","9.9999999999999998e-13","NaN","InverseCDF","-1.6195202668983748","0","1.9999999999999999e-11","0","Hosking-quantile-expm1","finite"
"GEV","analytic-quantile-gradient","0","1","-0.5","NaN","9.9999999999999998e-13","NaN","Gradient1","1","0","1.9999999999999999e-11","0","defining-quantile-derivative","finite"
"GEV","analytic-quantile-gradient","0","1","-0.5","NaN","9.9999999999999998e-13","NaN","Gradient2","-1.6195202668983748","0","1.9999999999999999e-11","0","defining-quantile-derivative","finite"
"GEV","analytic-quantile-gradient","0","1","-0.5","NaN","9.9999999999999998e-13","NaN","Gradient3","-1.9762514727369194","0","1.9999999999999999e-11","0","defining-quantile-derivative","finite"
"GEV","defining-quantile","0","1","-0.5","NaN","0.01","NaN","InverseCDF","-1.068018796430688","0","1.9999999999999999e-11","0","Hosking-quantile-expm1","finite"
"GEV","analytic-quantile-gradient","0","1","-0.5","NaN","0.01","NaN","Gradient1","1","0","1.9999999999999999e-11","0","defining-quantile-derivative","finite"
"GEV","analytic-quantile-gradient","0","1","-0.5","NaN","0.01","NaN","Gradient2","-1.068018796430688","0","1.9999999999999999e-11","0","defining-quantile-derivative","finite"
"GEV","analytic-quantile-gradient","0","1","-0.5","NaN","0.01","NaN","Gradient3","-0.71273488713439692","0","1.9999999999999999e-11","0","defining-quantile-derivative","finite"
"GEV","defining-quantile","0","1","-0.5","NaN","0.5","NaN","InverseCDF","0.40224481757289965","0","1.9999999999999999e-11","0","Hosking-quantile-expm1","finite"
"GEV","analytic-quantile-gradient","0","1","-0.5","NaN","0.5","NaN","Gradient1","1","0","1.9999999999999999e-11","0","defining-quantile-derivative","finite"
"GEV","analytic-quantile-gradient","0","1","-0.5","NaN","0.5","NaN","Gradient2","0.40224481757289965","0","1.9999999999999999e-11","0","defining-quantile-derivative","finite"
"GEV","analytic-quantile-gradient","0","1","-0.5","NaN","0.5","NaN","Gradient3","-0.075964128895011626","0","1.9999999999999999e-11","0","defining-quantile-derivative","finite"
"GEV","defining-quantile","0","1","-0.5","NaN","0.98999999999999999","NaN","InverseCDF","17.949853380255412","0","1.9999999999999999e-11","0","Hosking-quantile-expm1","finite"
"GEV","analytic-quantile-gradient","0","1","-0.5","NaN","0.98999999999999999","NaN","Gradient1","1","0","1.9999999999999999e-11","0","defining-quantile-derivative","finite"
"GEV","analytic-quantile-gradient","0","1","-0.5","NaN","0.98999999999999999","NaN","Gradient2","17.949853380255412","0","1.9999999999999999e-11","0","defining-quantile-derivative","finite"
"GEV","analytic-quantile-gradient","0","1","-0.5","NaN","0.98999999999999999","NaN","Gradient3","-55.872595840977226","0","1.9999999999999999e-11","0","defining-quantile-derivative","finite"
"GEV","defining-quantile","0","1","-0.5","NaN","0.99999999999900002","NaN","InverseCDF","2000020.1220866549","0","1.9999999999999999e-11","0","Hosking-quantile-expm1","finite"
"GEV","analytic-quantile-gradient","0","1","-0.5","NaN","0.99999999999900002","NaN","Gradient1","1","0","1.9999999999999999e-11","0","defining-quantile-derivative","finite"
"GEV","analytic-quantile-gradient","0","1","-0.5","NaN","0.99999999999900002","NaN","Gradient2","2000020.1220866549","0","1.9999999999999999e-11","0","defining-quantile-derivative","finite"
"GEV","analytic-quantile-gradient","0","1","-0.5","NaN","0.99999999999900002","NaN","Gradient3","-51262657.487945281","0","1.9999999999999999e-11","0","defining-quantile-derivative","finite"
"GEV","support","0","1","-0.5","NaN","NaN","NaN","Minimum","-2","0","1.9999999999999999e-11","0","mathematical-support","finite"
"GEV","support","0","1","-0.5","NaN","NaN","NaN","Maximum","Inf","0","1.9999999999999999e-11","0","mathematical-support","infinite"
"GEV","boundary-and-evaluation","0","1","-0.5","-2","NaN","NaN","LogPDF","-Inf","0","1.9999999999999999e-11","0","defining-density-and-one-sided-limits","infinite"
"GEV","boundary-and-evaluation","0","1","-0.5","-2","NaN","NaN","LogCDF","-Inf","0","1.9999999999999999e-11","0","defining-density-and-one-sided-limits","infinite"
"GEV","boundary-and-evaluation","0","1","-0.5","-2","NaN","NaN","LogCCDF","0","0","1.9999999999999999e-11","0","defining-density-and-one-sided-limits","finite"
"GEV","boundary-and-evaluation","0","1","-0.5","Inf","NaN","NaN","LogPDF","-Inf","0","1.9999999999999999e-11","0","defining-density-and-one-sided-limits","infinite"
"GEV","boundary-and-evaluation","0","1","-0.5","Inf","NaN","NaN","LogCDF","-0","0","1.9999999999999999e-11","0","defining-density-and-one-sided-limits","finite"
"GEV","boundary-and-evaluation","0","1","-0.5","Inf","NaN","NaN","LogCCDF","-Inf","0","1.9999999999999999e-11","0","defining-density-and-one-sided-limits","infinite"
"GEV","boundary-and-evaluation","0","1","-0.5","0","NaN","NaN","LogPDF","-1","0","1.9999999999999999e-11","0","defining-density-and-one-sided-limits","finite"
"GEV","boundary-and-evaluation","0","1","-0.5","0","NaN","NaN","LogCDF","-1","0","1.9999999999999999e-11","0","defining-density-and-one-sided-limits","finite"
"GEV","boundary-and-evaluation","0","1","-0.5","0","NaN","NaN","LogCCDF","-0.45867514538708193","0","1.9999999999999999e-11","0","defining-density-and-one-sided-limits","finite"
"GEV","boundary-and-evaluation","0","1","-0.5","0.10000000000000001","NaN","NaN","LogPDF","-1.053399970966346","0","1.9999999999999999e-11","0","defining-density-and-one-sided-limits","finite"
"GEV","boundary-and-evaluation","0","1","-0.5","0.10000000000000001","NaN","NaN","LogCDF","-0.90702947845804993","0","1.9999999999999999e-11","0","defining-density-and-one-sided-limits","finite"
"GEV","boundary-and-evaluation","0","1","-0.5","0.10000000000000001","NaN","NaN","LogCCDF","-0.51704778903077897","0","1.9999999999999999e-11","0","defining-density-and-one-sided-limits","finite"
"GEV","defining-quantile","0","1","-0.20000000000000001","NaN","9.9999999999999998e-13","NaN","InverseCDF","-2.425513508564682","0","1.9999999999999999e-11","0","Hosking-quantile-expm1","finite"
"GEV","analytic-quantile-gradient","0","1","-0.20000000000000001","NaN","9.9999999999999998e-13","NaN","Gradient1","1","0","1.9999999999999999e-11","0","defining-quantile-derivative","finite"
"GEV","analytic-quantile-gradient","0","1","-0.20000000000000001","NaN","9.9999999999999998e-13","NaN","Gradient2","-2.425513508564682","0","1.9999999999999999e-11","0","defining-quantile-derivative","finite"
"GEV","analytic-quantile-gradient","0","1","-0.20000000000000001","NaN","9.9999999999999998e-13","NaN","Gradient3","-3.5830036767567819","0","1.9999999999999999e-11","0","defining-quantile-derivative","finite"
"GEV","defining-quantile","0","1","-0.20000000000000001","NaN","0.01","NaN","InverseCDF","-1.3159894310329097","0","1.9999999999999999e-11","0","Hosking-quantile-expm1","finite"
"GEV","analytic-quantile-gradient","0","1","-0.20000000000000001","NaN","0.01","NaN","Gradient1","1","0","1.9999999999999999e-11","0","defining-quantile-derivative","finite"
"GEV","analytic-quantile-gradient","0","1","-0.20000000000000001","NaN","0.01","NaN","Gradient2","-1.3159894310329097","0","1.9999999999999999e-11","0","defining-quantile-derivative","finite"
"GEV","analytic-quantile-gradient","0","1","-0.20000000000000001","NaN","0.01","NaN","Gradient3","-0.95380127297703476","0","1.9999999999999999e-11","0","defining-quantile-derivative","finite"
"GEV","defining-quantile","0","1","-0.20000000000000001","NaN","0.5","NaN","InverseCDF","0.38028042569502568","0","1.9999999999999999e-11","0","Hosking-quantile-expm1","finite"
"GEV","analytic-quantile-gradient","0","1","-0.20000000000000001","NaN","0.5","NaN","Gradient1","1","0","1.9999999999999999e-11","0","defining-quantile-derivative","finite"
"GEV","analytic-quantile-gradient","0","1","-0.20000000000000001","NaN","0.5","NaN","Gradient2","0.38028042569502568","0","1.9999999999999999e-11","0","defining-quantile-derivative","finite"
"GEV","analytic-quantile-gradient","0","1","-0.20000000000000001","NaN","0.5","NaN","Gradient3","-0.070540163894716013","0","1.9999999999999999e-11","0","defining-quantile-derivative","finite"
"GEV","defining-quantile","0","1","-0.20000000000000001","NaN","0.98999999999999999","NaN","InverseCDF","7.5468264085857797","0","1.9999999999999999e-11","0","Hosking-quantile-expm1","finite"
"GEV","analytic-quantile-gradient","0","1","-0.20000000000000001","NaN","0.98999999999999999","NaN","Gradient1","1","0","1.9999999999999999e-11","0","defining-quantile-derivative","finite"
"GEV","analytic-quantile-gradient","0","1","-0.20000000000000001","NaN","0.98999999999999999","NaN","Gradient2","7.5468264085857797","0","1.9999999999999999e-11","0","defining-quantile-derivative","finite"
"GEV","analytic-quantile-gradient","0","1","-0.20000000000000001","NaN","0.98999999999999999","NaN","Gradient3","-19.983141759026935","0","1.9999999999999999e-11","0","defining-quantile-derivative","finite"
"GEV","defining-quantile","0","1","-0.20000000000000001","NaN","0.99999999999900002","NaN","InverseCDF","1250.9487725532817","0","1.9999999999999999e-11","0","Hosking-quantile-expm1","finite"
"GEV","analytic-quantile-gradient","0","1","-0.20000000000000001","NaN","0.99999999999900002","NaN","Gradient1","1","0","1.9999999999999999e-11","0","defining-quantile-derivative","finite"
"GEV","analytic-quantile-gradient","0","1","-0.20000000000000001","NaN","0.99999999999900002","NaN","Gradient2","1250.9487725532817","0","1.9999999999999999e-11","0","defining-quantile-derivative","finite"
"GEV","analytic-quantile-gradient","0","1","-0.20000000000000001","NaN","0.99999999999900002","NaN","Gradient3","-28448.430976231783","0","1.9999999999999999e-11","0","defining-quantile-derivative","finite"
"GEV","support","0","1","-0.20000000000000001","NaN","NaN","NaN","Minimum","-5","0","1.9999999999999999e-11","0","mathematical-support","finite"
"GEV","support","0","1","-0.20000000000000001","NaN","NaN","NaN","Maximum","Inf","0","1.9999999999999999e-11","0","mathematical-support","infinite"
"GEV","boundary-and-evaluation","0","1","-0.20000000000000001","-5","NaN","NaN","LogPDF","-Inf","0","1.9999999999999999e-11","0","defining-density-and-one-sided-limits","infinite"
"GEV","boundary-and-evaluation","0","1","-0.20000000000000001","-5","NaN","NaN","LogCDF","-Inf","0","1.9999999999999999e-11","0","defining-density-and-one-sided-limits","infinite"
"GEV","boundary-and-evaluation","0","1","-0.20000000000000001","-5","NaN","NaN","LogCCDF","0","0","1.9999999999999999e-11","0","defining-density-and-one-sided-limits","finite"
"GEV","boundary-and-evaluation","0","1","-0.20000000000000001","Inf","NaN","NaN","LogPDF","-Inf","0","1.9999999999999999e-11","0","defining-density-and-one-sided-limits","infinite"
"GEV","boundary-and-evaluation","0","1","-0.20000000000000001","Inf","NaN","NaN","LogCDF","-0","0","1.9999999999999999e-11","0","defining-density-and-one-sided-limits","finite"
"GEV","boundary-and-evaluation","0","1","-0.20000000000000001","Inf","NaN","NaN","LogCCDF","-Inf","0","1.9999999999999999e-11","0","defining-density-and-one-sided-limits","infinite"
"GEV","boundary-and-evaluation","0","1","-0.20000000000000001","0","NaN","NaN","LogPDF","-1","0","1.9999999999999999e-11","0","defining-density-and-one-sided-limits","finite"
"GEV","boundary-and-evaluation","0","1","-0.20000000000000001","0","NaN","NaN","LogCDF","-1","0","1.9999999999999999e-11","0","defining-density-and-one-sided-limits","finite"
"GEV","boundary-and-evaluation","0","1","-0.20000000000000001","0","NaN","NaN","LogCCDF","-0.45867514538708193","0","1.9999999999999999e-11","0","defining-density-and-one-sided-limits","finite"
"GEV","boundary-and-evaluation","0","1","-0.20000000000000001","0.10000000000000001","NaN","NaN","LogPDF","-1.0245465736069943","0","1.9999999999999999e-11","0","defining-density-and-one-sided-limits","finite"
"GEV","boundary-and-evaluation","0","1","-0.20000000000000001","0.10000000000000001","NaN","NaN","LogCDF","-0.90573080982991594","0","1.9999999999999999e-11","0","defining-density-and-one-sided-limits","finite"
"GEV","boundary-and-evaluation","0","1","-0.20000000000000001","0.10000000000000001","NaN","NaN","LogCCDF","-0.51792803615664906","0","1.9999999999999999e-11","0","defining-density-and-one-sided-limits","finite"
"GEV","defining-quantile","0","1","-9.9999999999999995e-07","NaN","9.9999999999999998e-13","NaN","InverseCDF","-3.3189335873636909","0","1.9999999999999999e-11","0","Hosking-quantile-expm1","finite"
"GEV","analytic-quantile-gradient","0","1","-9.9999999999999995e-07","NaN","9.9999999999999998e-13","NaN","Gradient1","1","0","1.9999999999999999e-11","0","defining-quantile-derivative","finite"
"GEV","analytic-quantile-gradient","0","1","-9.9999999999999995e-07","NaN","9.9999999999999998e-13","NaN","Gradient2","-3.3189335873636909","0","1.9999999999999999e-11","0","defining-quantile-derivative","finite"
"GEV","analytic-quantile-gradient","0","1","-9.9999999999999995e-07","NaN","9.9999999999999998e-13","NaN","Gradient3","-5.5076661718615281","0","1.9999999999999999e-11","0","defining-quantile-derivative","finite"
"GEV","defining-quantile","0","1","-9.9999999999999995e-07","NaN","0.01","NaN","InverseCDF","-1.52717845966969","0","1.9999999999999999e-11","0","Hosking-quantile-expm1","finite"
"GEV","analytic-quantile-gradient","0","1","-9.9999999999999995e-07","NaN","0.01","NaN","Gradient1","1","0","1.9999999999999999e-11","0","defining-quantile-derivative","finite"
"GEV","analytic-quantile-gradient","0","1","-9.9999999999999995e-07","NaN","0.01","NaN","Gradient2","-1.52717845966969","0","1.9999999999999999e-11","0","defining-quantile-derivative","finite"
"GEV","analytic-quantile-gradient","0","1","-9.9999999999999995e-07","NaN","0.01","NaN","Gradient3","-1.1661376174731115","0","1.9999999999999999e-11","0","defining-quantile-derivative","finite"
"GEV","defining-quantile","0","1","-9.9999999999999995e-07","NaN","0.5","NaN","InverseCDF","0.36651298774753305","0","1.9999999999999999e-11","0","Hosking-quantile-expm1","finite"
"GEV","analytic-quantile-gradient","0","1","-9.9999999999999995e-07","NaN","0.5","NaN","Gradient1","1","0","1.9999999999999999e-11","0","defining-quantile-derivative","finite"
"GEV","analytic-quantile-gradient","0","1","-9.9999999999999995e-07","NaN","0.5","NaN","Gradient2","0.36651298774753305","0","1.9999999999999999e-11","0","defining-quantile-derivative","finite"
"GEV","analytic-quantile-gradient","0","1","-9.9999999999999995e-07","NaN","0.5","NaN","Gradient3","-0.067165876888090073","0","1.9999999999999999e-11","0","defining-quantile-derivative","finite"
"GEV","defining-quantile","0","1","-9.9999999999999995e-07","NaN","0.98999999999999999","NaN","InverseCDF","4.6001598074792582","0","1.9999999999999999e-11","0","Hosking-quantile-expm1","finite"
"GEV","analytic-quantile-gradient","0","1","-9.9999999999999995e-07","NaN","0.98999999999999999","NaN","Gradient1","1","0","1.9999999999999999e-11","0","defining-quantile-derivative","finite"
"GEV","analytic-quantile-gradient","0","1","-9.9999999999999995e-07","NaN","0.98999999999999999","NaN","Gradient2","4.6001598074792582","0","1.9999999999999999e-11","0","defining-quantile-derivative","finite"
"GEV","analytic-quantile-gradient","0","1","-9.9999999999999995e-07","NaN","0.98999999999999999","NaN","Gradient3","-10.580718902853629","0","1.9999999999999999e-11","0","defining-quantile-derivative","finite"
"GEV","defining-quantile","0","1","-9.9999999999999995e-07","NaN","0.99999999999900002","NaN","InverseCDF","27.631424978684024","0","1.9999999999999999e-11","0","Hosking-quantile-expm1","finite"
"GEV","analytic-quantile-gradient","0","1","-9.9999999999999995e-07","NaN","0.99999999999900002","NaN","Gradient1","1","0","1.9999999999999999e-11","0","defining-quantile-derivative","finite"
"GEV","analytic-quantile-gradient","0","1","-9.9999999999999995e-07","NaN","0.99999999999900002","NaN","Gradient2","27.631424978684024","0","1.9999999999999999e-11","0","defining-quantile-derivative","finite"
"GEV","analytic-quantile-gradient","0","1","-9.9999999999999995e-07","NaN","0.99999999999900002","NaN","Gradient3","-381.74430714611907","0","1.9999999999999999e-11","0","defining-quantile-derivative","finite"
"GEV","support","0","1","-9.9999999999999995e-07","NaN","NaN","NaN","Minimum","-1000000","0","1.9999999999999999e-11","0","mathematical-support","finite"
"GEV","support","0","1","-9.9999999999999995e-07","NaN","NaN","NaN","Maximum","Inf","0","1.9999999999999999e-11","0","mathematical-support","infinite"
"GEV","boundary-and-evaluation","0","1","-9.9999999999999995e-07","-1000000","NaN","NaN","LogPDF","-Inf","0","1.9999999999999999e-11","0","defining-density-and-one-sided-limits","infinite"
"GEV","boundary-and-evaluation","0","1","-9.9999999999999995e-07","-1000000","NaN","NaN","LogCDF","-Inf","0","1.9999999999999999e-11","0","defining-density-and-one-sided-limits","infinite"
"GEV","boundary-and-evaluation","0","1","-9.9999999999999995e-07","-1000000","NaN","NaN","LogCCDF","0","0","1.9999999999999999e-11","0","defining-density-and-one-sided-limits","finite"
"GEV","boundary-and-evaluation","0","1","-9.9999999999999995e-07","Inf","NaN","NaN","LogPDF","-Inf","0","1.9999999999999999e-11","0","defining-density-and-one-sided-limits","infinite"
"GEV","boundary-and-evaluation","0","1","-9.9999999999999995e-07","Inf","NaN","NaN","LogCDF","-0","0","1.9999999999999999e-11","0","defining-density-and-one-sided-limits","finite"
"GEV","boundary-and-evaluation","0","1","-9.9999999999999995e-07","Inf","NaN","NaN","LogCCDF","-Inf","0","1.9999999999999999e-11","0","defining-density-and-one-sided-limits","infinite"
"GEV","boundary-and-evaluation","0","1","-9.9999999999999995e-07","0","NaN","NaN","LogPDF","-1","0","1.9999999999999999e-11","0","defining-density-and-one-sided-limits","finite"
"GEV","boundary-and-evaluation","0","1","-9.9999999999999995e-07","0","NaN","NaN","LogCDF","-1","0","1.9999999999999999e-11","0","defining-density-and-one-sided-limits","finite"
"GEV","boundary-and-evaluation","0","1","-9.9999999999999995e-07","0","NaN","NaN","LogCCDF","-0.45867514538708193","0","1.9999999999999999e-11","0","defining-density-and-one-sided-limits","finite"
"GEV","boundary-and-evaluation","0","1","-9.9999999999999995e-07","0.10000000000000001","NaN","NaN","LogPDF","-1.0048375175601416","0","1.9999999999999999e-11","0","defining-density-and-one-sided-limits","finite"
"GEV","boundary-and-evaluation","0","1","-9.9999999999999995e-07","0.10000000000000001","NaN","NaN","LogCDF","-0.90483742256014632","0","1.9999999999999999e-11","0","defining-density-and-one-sided-limits","finite"
"GEV","boundary-and-evaluation","0","1","-9.9999999999999995e-07","0.10000000000000001","NaN","NaN","LogCCDF","-0.51853469550439713","0","1.9999999999999999e-11","0","defining-density-and-one-sided-limits","finite"
"GEV","defining-quantile","0","1","0","NaN","9.9999999999999998e-13","NaN","InverseCDF","-3.3189390950359559","0","1.9999999999999999e-11","0","Hosking-quantile-expm1","finite"
"GEV","analytic-quantile-gradient","0","1","0","NaN","9.9999999999999998e-13","NaN","Gradient1","1","0","1.9999999999999999e-11","0","defining-quantile-derivative","finite"
"GEV","analytic-quantile-gradient","0","1","0","NaN","9.9999999999999998e-13","NaN","Gradient2","-3.3189390950359559","0","1.9999999999999999e-11","0","defining-quantile-derivative","finite"
"GEV","analytic-quantile-gradient","0","1","0","NaN","9.9999999999999998e-13","NaN","Gradient3","-5.507678358279045","0","1.9999999999999999e-11","0","defining-quantile-derivative","finite"
"GEV","defining-quantile","0","1","0","NaN","0.01","NaN","InverseCDF","-1.5271796258079011","0","1.9999999999999999e-11","0","Hosking-quantile-expm1","finite"
"GEV","analytic-quantile-gradient","0","1","0","NaN","0.01","NaN","Gradient1","1","0","1.9999999999999999e-11","0","defining-quantile-derivative","finite"
"GEV","analytic-quantile-gradient","0","1","0","NaN","0.01","NaN","Gradient2","-1.5271796258079011","0","1.9999999999999999e-11","0","defining-quantile-derivative","finite"
"GEV","analytic-quantile-gradient","0","1","0","NaN","0.01","NaN","Gradient3","-1.1661388047413805","0","1.9999999999999999e-11","0","defining-quantile-derivative","finite"
"GEV","defining-quantile","0","1","0","NaN","0.5","NaN","InverseCDF","0.36651292058166435","0","1.9999999999999999e-11","0","Hosking-quantile-expm1","finite"
"GEV","analytic-quantile-gradient","0","1","0","NaN","0.5","NaN","Gradient1","1","0","1.9999999999999999e-11","0","defining-quantile-derivative","finite"
"GEV","analytic-quantile-gradient","0","1","0","NaN","0.5","NaN","Gradient2","0.36651292058166435","0","1.9999999999999999e-11","0","defining-quantile-derivative","finite"
"GEV","analytic-quantile-gradient","0","1","0","NaN","0.5","NaN","Gradient3","-0.067165860476650699","0","1.9999999999999999e-11","0","defining-quantile-derivative","finite"
"GEV","defining-quantile","0","1","0","NaN","0.98999999999999999","NaN","InverseCDF","4.6001492267765789","0","1.9999999999999999e-11","0","Hosking-quantile-expm1","finite"
"GEV","analytic-quantile-gradient","0","1","0","NaN","0.98999999999999999","NaN","Gradient1","1","0","1.9999999999999999e-11","0","defining-quantile-derivative","finite"
"GEV","analytic-quantile-gradient","0","1","0","NaN","0.98999999999999999","NaN","Gradient2","4.6001492267765789","0","1.9999999999999999e-11","0","defining-quantile-derivative","finite"
"GEV","analytic-quantile-gradient","0","1","0","NaN","0.98999999999999999","NaN","Gradient3","-10.580686454306578","0","1.9999999999999999e-11","0","defining-quantile-derivative","finite"
"GEV","defining-quantile","0","1","0","NaN","0.99999999999900002","NaN","InverseCDF","27.631043237892857","0","1.9999999999999999e-11","0","Hosking-quantile-expm1","finite"
"GEV","analytic-quantile-gradient","0","1","0","NaN","0.99999999999900002","NaN","Gradient1","1","0","1.9999999999999999e-11","0","defining-quantile-derivative","finite"
"GEV","analytic-quantile-gradient","0","1","0","NaN","0.99999999999900002","NaN","Gradient2","27.631043237892857","0","1.9999999999999999e-11","0","defining-quantile-derivative","finite"
"GEV","analytic-quantile-gradient","0","1","0","NaN","0.99999999999900002","NaN","Gradient3","-381.73727520715232","0","1.9999999999999999e-11","0","defining-quantile-derivative","finite"
"GEV","support","0","1","0","NaN","NaN","NaN","Minimum","-Inf","0","1.9999999999999999e-11","0","mathematical-support","infinite"
"GEV","support","0","1","0","NaN","NaN","NaN","Maximum","Inf","0","1.9999999999999999e-11","0","mathematical-support","infinite"
"GEV","boundary-and-evaluation","0","1","0","-Inf","NaN","NaN","LogPDF","-Inf","0","1.9999999999999999e-11","0","defining-density-and-one-sided-limits","infinite"
"GEV","boundary-and-evaluation","0","1","0","-Inf","NaN","NaN","LogCDF","-Inf","0","1.9999999999999999e-11","0","defining-density-and-one-sided-limits","infinite"
"GEV","boundary-and-evaluation","0","1","0","-Inf","NaN","NaN","LogCCDF","0","0","1.9999999999999999e-11","0","defining-density-and-one-sided-limits","finite"
"GEV","boundary-and-evaluation","0","1","0","Inf","NaN","NaN","LogPDF","-Inf","0","1.9999999999999999e-11","0","defining-density-and-one-sided-limits","infinite"
"GEV","boundary-and-evaluation","0","1","0","Inf","NaN","NaN","LogCDF","-0","0","1.9999999999999999e-11","0","defining-density-and-one-sided-limits","finite"
"GEV","boundary-and-evaluation","0","1","0","Inf","NaN","NaN","LogCCDF","-Inf","0","1.9999999999999999e-11","0","defining-density-and-one-sided-limits","infinite"
"GEV","boundary-and-evaluation","0","1","0","0","NaN","NaN","LogPDF","-1","0","1.9999999999999999e-11","0","defining-density-and-one-sided-limits","finite"
"GEV","boundary-and-evaluation","0","1","0","0","NaN","NaN","LogCDF","-1","0","1.9999999999999999e-11","0","defining-density-and-one-sided-limits","finite"
"GEV","boundary-and-evaluation","0","1","0","0","NaN","NaN","LogCCDF","-0.45867514538708193","0","1.9999999999999999e-11","0","defining-density-and-one-sided-limits","finite"
"GEV","boundary-and-evaluation","0","1","0","0.10000000000000001","NaN","NaN","LogPDF","-1.0048374180359596","0","1.9999999999999999e-11","0","defining-density-and-one-sided-limits","finite"
"GEV","boundary-and-evaluation","0","1","0","0.10000000000000001","NaN","NaN","LogCDF","-0.90483741803595952","0","1.9999999999999999e-11","0","defining-density-and-one-sided-limits","finite"
"GEV","boundary-and-evaluation","0","1","0","0.10000000000000001","NaN","NaN","LogCCDF","-0.51853469857887524","0","1.9999999999999999e-11","0","defining-density-and-one-sided-limits","finite"
"GEV","defining-quantile","0","1","9.9999999999999995e-07","NaN","9.9999999999999998e-13","NaN","InverseCDF","-3.3189446027204075","0","1.9999999999999999e-11","0","Hosking-quantile-expm1","finite"
"GEV","analytic-quantile-gradient","0","1","9.9999999999999995e-07","NaN","9.9999999999999998e-13","NaN","Gradient1","1","0","1.9999999999999999e-11","0","defining-quantile-derivative","finite"
"GEV","analytic-quantile-gradient","0","1","9.9999999999999995e-07","NaN","9.9999999999999998e-13","NaN","Gradient2","-3.3189446027204075","0","1.9999999999999999e-11","0","defining-quantile-derivative","finite"
"GEV","analytic-quantile-gradient","0","1","9.9999999999999995e-07","NaN","9.9999999999999998e-13","NaN","Gradient3","-5.5076905447268967","0","1.9999999999999999e-11","0","defining-quantile-derivative","finite"
"GEV","defining-quantile","0","1","9.9999999999999995e-07","NaN","0.01","NaN","InverseCDF","-1.5271807919472993","0","1.9999999999999999e-11","0","Hosking-quantile-expm1","finite"
"GEV","analytic-quantile-gradient","0","1","9.9999999999999995e-07","NaN","0.01","NaN","Gradient1","1","0","1.9999999999999999e-11","0","defining-quantile-derivative","finite"
"GEV","analytic-quantile-gradient","0","1","9.9999999999999995e-07","NaN","0.01","NaN","Gradient2","-1.5271807919472993","0","1.9999999999999999e-11","0","defining-quantile-derivative","finite"
"GEV","analytic-quantile-gradient","0","1","9.9999999999999995e-07","NaN","0.01","NaN","Gradient3","-1.1661399920110092","0","1.9999999999999999e-11","0","defining-quantile-derivative","finite"
"GEV","defining-quantile","0","1","9.9999999999999995e-07","NaN","0.5","NaN","InverseCDF","0.36651285341581208","0","1.9999999999999999e-11","0","Hosking-quantile-expm1","finite"
"GEV","analytic-quantile-gradient","0","1","9.9999999999999995e-07","NaN","0.5","NaN","Gradient1","1","0","1.9999999999999999e-11","0","defining-quantile-derivative","finite"
"GEV","analytic-quantile-gradient","0","1","9.9999999999999995e-07","NaN","0.5","NaN","Gradient2","0.36651285341581208","0","1.9999999999999999e-11","0","defining-quantile-derivative","finite"
"GEV","analytic-quantile-gradient","0","1","9.9999999999999995e-07","NaN","0.5","NaN","Gradient3","-0.067165844065215835","0","1.9999999999999999e-11","0","defining-quantile-derivative","finite"
"GEV","defining-quantile","0","1","9.9999999999999995e-07","NaN","0.98999999999999999","NaN","InverseCDF","4.6001386461063491","0","1.9999999999999999e-11","0","Hosking-quantile-expm1","finite"
"GEV","analytic-quantile-gradient","0","1","9.9999999999999995e-07","NaN","0.98999999999999999","NaN","Gradient1","1","0","1.9999999999999999e-11","0","defining-quantile-derivative","finite"
"GEV","analytic-quantile-gradient","0","1","9.9999999999999995e-07","NaN","0.98999999999999999","NaN","Gradient2","4.6001386461063491","0","1.9999999999999999e-11","0","defining-quantile-derivative","finite"
"GEV","analytic-quantile-gradient","0","1","9.9999999999999995e-07","NaN","0.98999999999999999","NaN","Gradient3","-10.58065400587148","0","1.9999999999999999e-11","0","defining-quantile-derivative","finite"
"GEV","defining-quantile","0","1","9.9999999999999995e-07","NaN","0.99999999999900002","NaN","InverseCDF","27.63066150413356","0","1.9999999999999999e-11","0","Hosking-quantile-expm1","finite"
"GEV","analytic-quantile-gradient","0","1","9.9999999999999995e-07","NaN","0.99999999999900002","NaN","Gradient1","1","0","1.9999999999999999e-11","0","defining-quantile-derivative","finite"
"GEV","analytic-quantile-gradient","0","1","9.9999999999999995e-07","NaN","0.99999999999900002","NaN","Gradient2","27.63066150413356","0","1.9999999999999999e-11","0","defining-quantile-derivative","finite"
"GEV","analytic-quantile-gradient","0","1","9.9999999999999995e-07","NaN","0.99999999999900002","NaN","Gradient3","-381.73024341390897","0","1.9999999999999999e-11","0","defining-quantile-derivative","finite"
"GEV","support","0","1","9.9999999999999995e-07","NaN","NaN","NaN","Minimum","-Inf","0","1.9999999999999999e-11","0","mathematical-support","infinite"
"GEV","support","0","1","9.9999999999999995e-07","NaN","NaN","NaN","Maximum","1000000","0","1.9999999999999999e-11","0","mathematical-support","finite"
"GEV","boundary-and-evaluation","0","1","9.9999999999999995e-07","-Inf","NaN","NaN","LogPDF","-Inf","0","1.9999999999999999e-11","0","defining-density-and-one-sided-limits","infinite"
"GEV","boundary-and-evaluation","0","1","9.9999999999999995e-07","-Inf","NaN","NaN","LogCDF","-Inf","0","1.9999999999999999e-11","0","defining-density-and-one-sided-limits","infinite"
"GEV","boundary-and-evaluation","0","1","9.9999999999999995e-07","-Inf","NaN","NaN","LogCCDF","0","0","1.9999999999999999e-11","0","defining-density-and-one-sided-limits","finite"
"GEV","boundary-and-evaluation","0","1","9.9999999999999995e-07","1000000","NaN","NaN","LogPDF","-Inf","0","1.9999999999999999e-11","0","defining-density-and-one-sided-limits","infinite"
"GEV","boundary-and-evaluation","0","1","9.9999999999999995e-07","1000000","NaN","NaN","LogCDF","0","0","1.9999999999999999e-11","0","defining-density-and-one-sided-limits","finite"
"GEV","boundary-and-evaluation","0","1","9.9999999999999995e-07","1000000","NaN","NaN","LogCCDF","-Inf","0","1.9999999999999999e-11","0","defining-density-and-one-sided-limits","infinite"
"GEV","boundary-and-evaluation","0","1","9.9999999999999995e-07","0","NaN","NaN","LogPDF","-1","0","1.9999999999999999e-11","0","defining-density-and-one-sided-limits","finite"
"GEV","boundary-and-evaluation","0","1","9.9999999999999995e-07","0","NaN","NaN","LogCDF","-1","0","1.9999999999999999e-11","0","defining-density-and-one-sided-limits","finite"
"GEV","boundary-and-evaluation","0","1","9.9999999999999995e-07","0","NaN","NaN","LogCCDF","-0.45867514538708193","0","1.9999999999999999e-11","0","defining-density-and-one-sided-limits","finite"
"GEV","boundary-and-evaluation","0","1","9.9999999999999995e-07","0.10000000000000001","NaN","NaN","LogPDF","-1.0048373185117674","0","1.9999999999999999e-11","0","defining-density-and-one-sided-limits","finite"
"GEV","boundary-and-evaluation","0","1","9.9999999999999995e-07","0.10000000000000001","NaN","NaN","LogCDF","-0.90483741351177216","0","1.9999999999999999e-11","0","defining-density-and-one-sided-limits","finite"
"GEV","boundary-and-evaluation","0","1","9.9999999999999995e-07","0.10000000000000001","NaN","NaN","LogCCDF","-0.51853470165335358","0","1.9999999999999999e-11","0","defining-density-and-one-sided-limits","finite"
"GEV","defining-quantile","0","1","0.20000000000000001","NaN","9.9999999999999998e-13","NaN","InverseCDF","-4.7106743745476383","0","1.9999999999999999e-11","0","Hosking-quantile-expm1","finite"
"GEV","analytic-quantile-gradient","0","1","0.20000000000000001","NaN","9.9999999999999998e-13","NaN","Gradient1","1","0","1.9999999999999999e-11","0","defining-quantile-derivative","finite"
"GEV","analytic-quantile-gradient","0","1","0.20000000000000001","NaN","9.9999999999999998e-13","NaN","Gradient2","-4.7106743745476383","0","1.9999999999999999e-11","0","defining-quantile-derivative","finite"
"GEV","analytic-quantile-gradient","0","1","0.20000000000000001","NaN","9.9999999999999998e-13","NaN","Gradient3","-8.6757649481117962","0","1.9999999999999999e-11","0","defining-quantile-derivative","finite"
"GEV","defining-quantile","0","1","0.20000000000000001","NaN","0.01","NaN","InverseCDF","-1.7860825944941336","0","1.9999999999999999e-11","0","Hosking-quantile-expm1","finite"
"GEV","analytic-quantile-gradient","0","1","0.20000000000000001","NaN","0.01","NaN","Gradient1","1","0","1.9999999999999999e-11","0","defining-quantile-derivative","finite"
"GEV","analytic-quantile-gradient","0","1","0.20000000000000001","NaN","0.01","NaN","Gradient2","-1.7860825944941336","0","1.9999999999999999e-11","0","defining-quantile-derivative","finite"
"GEV","analytic-quantile-gradient","0","1","0.20000000000000001","NaN","0.01","NaN","Gradient3","-1.4331541048903946","0","1.9999999999999999e-11","0","defining-quantile-derivative","finite"
"GEV","defining-quantile","0","1","0.20000000000000001","NaN","0.5","NaN","InverseCDF","0.35340204934197361","0","1.9999999999999999e-11","0","Hosking-quantile-expm1","finite"
"GEV","analytic-quantile-gradient","0","1","0.20000000000000001","NaN","0.5","NaN","Gradient1","1","0","1.9999999999999999e-11","0","defining-quantile-derivative","finite"
"GEV","analytic-quantile-gradient","0","1","0.20000000000000001","NaN","0.5","NaN","Gradient2","0.35340204934197361","0","1.9999999999999999e-11","0","defining-quantile-derivative","finite"
"GEV","analytic-quantile-gradient","0","1","0.20000000000000001","NaN","0.5","NaN","Gradient3","-0.063972061045418527","0","1.9999999999999999e-11","0","defining-quantile-derivative","finite"
"GEV","defining-quantile","0","1","0.20000000000000001","NaN","0.98999999999999999","NaN","InverseCDF","3.0074642634018969","0","1.9999999999999999e-11","0","Hosking-quantile-expm1","finite"
"GEV","analytic-quantile-gradient","0","1","0.20000000000000001","NaN","0.98999999999999999","NaN","Gradient1","1","0","1.9999999999999999e-11","0","defining-quantile-derivative","finite"
"GEV","analytic-quantile-gradient","0","1","0.20000000000000001","NaN","0.98999999999999999","NaN","Gradient2","3.0074642634018969","0","1.9999999999999999e-11","0","defining-quantile-derivative","finite"
"GEV","analytic-quantile-gradient","0","1","0.20000000000000001","NaN","0.98999999999999999","NaN","Gradient3","-5.8713595889730206","0","1.9999999999999999e-11","0","defining-quantile-derivative","finite"
"GEV","defining-quantile","0","1","0.20000000000000001","NaN","0.99999999999900002","NaN","InverseCDF","4.980094729541257","0","1.9999999999999999e-11","0","Hosking-quantile-expm1","finite"
"GEV","analytic-quantile-gradient","0","1","0.20000000000000001","NaN","0.99999999999900002","NaN","Gradient1","1","0","1.9999999999999999e-11","0","defining-quantile-derivative","finite"
"GEV","analytic-quantile-gradient","0","1","0.20000000000000001","NaN","0.99999999999900002","NaN","Gradient2","4.980094729541257","0","1.9999999999999999e-11","0","defining-quantile-derivative","finite"
"GEV","analytic-quantile-gradient","0","1","0.20000000000000001","NaN","0.99999999999900002","NaN","Gradient3","-24.35047025899879","0","1.9999999999999999e-11","0","defining-quantile-derivative","finite"
"GEV","support","0","1","0.20000000000000001","NaN","NaN","NaN","Minimum","-Inf","0","1.9999999999999999e-11","0","mathematical-support","infinite"
"GEV","support","0","1","0.20000000000000001","NaN","NaN","NaN","Maximum","5","0","1.9999999999999999e-11","0","mathematical-support","finite"
"GEV","boundary-and-evaluation","0","1","0.20000000000000001","-Inf","NaN","NaN","LogPDF","-Inf","0","1.9999999999999999e-11","0","defining-density-and-one-sided-limits","infinite"
"GEV","boundary-and-evaluation","0","1","0.20000000000000001","-Inf","NaN","NaN","LogCDF","-Inf","0","1.9999999999999999e-11","0","defining-density-and-one-sided-limits","infinite"
"GEV","boundary-and-evaluation","0","1","0.20000000000000001","-Inf","NaN","NaN","LogCCDF","0","0","1.9999999999999999e-11","0","defining-density-and-one-sided-limits","finite"
"GEV","boundary-and-evaluation","0","1","0.20000000000000001","5","NaN","NaN","LogPDF","-Inf","0","1.9999999999999999e-11","0","defining-density-and-one-sided-limits","infinite"
"GEV","boundary-and-evaluation","0","1","0.20000000000000001","5","NaN","NaN","LogCDF","0","0","1.9999999999999999e-11","0","defining-density-and-one-sided-limits","finite"
"GEV","boundary-and-evaluation","0","1","0.20000000000000001","5","NaN","NaN","LogCCDF","-Inf","0","1.9999999999999999e-11","0","defining-density-and-one-sided-limits","infinite"
"GEV","boundary-and-evaluation","0","1","0.20000000000000001","0","NaN","NaN","LogPDF","-1","0","1.9999999999999999e-11","0","defining-density-and-one-sided-limits","finite"
"GEV","boundary-and-evaluation","0","1","0.20000000000000001","0","NaN","NaN","LogCDF","-1","0","1.9999999999999999e-11","0","defining-density-and-one-sided-limits","finite"
"GEV","boundary-and-evaluation","0","1","0.20000000000000001","0","NaN","NaN","LogCCDF","-0.45867514538708193","0","1.9999999999999999e-11","0","defining-density-and-one-sided-limits","finite"
"GEV","boundary-and-evaluation","0","1","0.20000000000000001","0.10000000000000001","NaN","NaN","LogPDF","-0.9847316260700778","0","1.9999999999999999e-11","0","defining-density-and-one-sided-limits","finite"
"GEV","boundary-and-evaluation","0","1","0.20000000000000001","0.10000000000000001","NaN","NaN","LogCDF","-0.90392079680000004","0","1.9999999999999999e-11","0","defining-density-and-one-sided-limits","finite"
"GEV","boundary-and-evaluation","0","1","0.20000000000000001","0.10000000000000001","NaN","NaN","LogCCDF","-0.51915808191830037","0","1.9999999999999999e-11","0","defining-density-and-one-sided-limits","finite"
"GEV","defining-quantile","0","1","0.5","NaN","9.9999999999999998e-13","NaN","InverseCDF","-8.5130435395138626","0","1.9999999999999999e-11","0","Hosking-quantile-expm1","finite"
"GEV","analytic-quantile-gradient","0","1","0.5","NaN","9.9999999999999998e-13","NaN","Gradient1","1","0","1.9999999999999999e-11","0","defining-quantile-derivative","finite"
"GEV","analytic-quantile-gradient","0","1","0.5","NaN","9.9999999999999998e-13","NaN","Gradient2","-8.5130435395138626","0","1.9999999999999999e-11","0","defining-quantile-derivative","finite"
"GEV","analytic-quantile-gradient","0","1","0.5","NaN","9.9999999999999998e-13","NaN","Gradient3","-17.86606413208002","0","1.9999999999999999e-11","0","defining-quantile-derivative","finite"
"GEV","defining-quantile","0","1","0.5","NaN","0.01","NaN","InverseCDF","-2.2919320525786944","0","1.9999999999999999e-11","0","Hosking-quantile-expm1","finite"
"GEV","analytic-quantile-gradient","0","1","0.5","NaN","0.01","NaN","Gradient1","1","0","1.9999999999999999e-11","0","defining-quantile-derivative","finite"
"GEV","analytic-quantile-gradient","0","1","0.5","NaN","0.01","NaN","Gradient2","-2.2919320525786944","0","1.9999999999999999e-11","0","defining-quantile-derivative","finite"
"GEV","analytic-quantile-gradient","0","1","0.5","NaN","0.01","NaN","Gradient3","-1.9706870808926791","0","1.9999999999999999e-11","0","defining-quantile-derivative","finite"
"GEV","defining-quantile","0","1","0.5","NaN","0.5","NaN","InverseCDF","0.33489077768460451","0","1.9999999999999999e-11","0","Hosking-quantile-expm1","finite"
"GEV","analytic-quantile-gradient","0","1","0.5","NaN","0.5","NaN","Gradient1","1","0","1.9999999999999999e-11","0","defining-quantile-derivative","finite"
"GEV","analytic-quantile-gradient","0","1","0.5","NaN","0.5","NaN","Gradient2","0.33489077768460451","0","1.9999999999999999e-11","0","defining-quantile-derivative","finite"
"GEV","analytic-quantile-gradient","0","1","0.5","NaN","0.5","NaN","Gradient3","-0.059497511210929596","0","1.9999999999999999e-11","0","defining-quantile-derivative","finite"
"GEV","defining-quantile","0","1","0.5","NaN","0.98999999999999999","NaN","InverseCDF","1.7994972733003218","0","1.9999999999999999e-11","0","Hosking-quantile-expm1","finite"
"GEV","analytic-quantile-gradient","0","1","0.5","NaN","0.98999999999999999","NaN","Gradient1","1","0","1.9999999999999999e-11","0","defining-quantile-derivative","finite"
"GEV","analytic-quantile-gradient","0","1","0.5","NaN","0.98999999999999999","NaN","Gradient2","1.7994972733003218","0","1.9999999999999999e-11","0","defining-quantile-derivative","finite"
"GEV","analytic-quantile-gradient","0","1","0.5","NaN","0.98999999999999999","NaN","Gradient3","-2.6766520834065228","0","1.9999999999999999e-11","0","defining-quantile-derivative","finite"
"GEV","defining-quantile","0","1","0.5","NaN","0.99999999999900002","NaN","InverseCDF","1.9999980000221218","0","1.9999999999999999e-11","0","Hosking-quantile-expm1","finite"
"GEV","analytic-quantile-gradient","0","1","0.5","NaN","0.99999999999900002","NaN","Gradient1","1","0","1.9999999999999999e-11","0","defining-quantile-derivative","finite"
"GEV","analytic-quantile-gradient","0","1","0.5","NaN","0.99999999999900002","NaN","Gradient2","1.9999980000221218","0","1.9999999999999999e-11","0","defining-quantile-derivative","finite"
"GEV","analytic-quantile-gradient","0","1","0.5","NaN","0.99999999999900002","NaN","Gradient3","-3.9999407385690176","0","1.9999999999999999e-11","0","defining-quantile-derivative","finite"
"GEV","support","0","1","0.5","NaN","NaN","NaN","Minimum","-Inf","0","1.9999999999999999e-11","0","mathematical-support","infinite"
"GEV","support","0","1","0.5","NaN","NaN","NaN","Maximum","2","0","1.9999999999999999e-11","0","mathematical-support","finite"
"GEV","boundary-and-evaluation","0","1","0.5","-Inf","NaN","NaN","LogPDF","-Inf","0","1.9999999999999999e-11","0","defining-density-and-one-sided-limits","infinite"
"GEV","boundary-and-evaluation","0","1","0.5","-Inf","NaN","NaN","LogCDF","-Inf","0","1.9999999999999999e-11","0","defining-density-and-one-sided-limits","infinite"
"GEV","boundary-and-evaluation","0","1","0.5","-Inf","NaN","NaN","LogCCDF","0","0","1.9999999999999999e-11","0","defining-density-and-one-sided-limits","finite"
"GEV","boundary-and-evaluation","0","1","0.5","2","NaN","NaN","LogPDF","-Inf","0","1.9999999999999999e-11","0","defining-density-and-one-sided-limits","infinite"
"GEV","boundary-and-evaluation","0","1","0.5","2","NaN","NaN","LogCDF","0","0","1.9999999999999999e-11","0","defining-density-and-one-sided-limits","finite"
"GEV","boundary-and-evaluation","0","1","0.5","2","NaN","NaN","LogCCDF","-Inf","0","1.9999999999999999e-11","0","defining-density-and-one-sided-limits","infinite"
"GEV","boundary-and-evaluation","0","1","0.5","0","NaN","NaN","LogPDF","-1","0","1.9999999999999999e-11","0","defining-density-and-one-sided-limits","finite"
"GEV","boundary-and-evaluation","0","1","0.5","0","NaN","NaN","LogCDF","-1","0","1.9999999999999999e-11","0","defining-density-and-one-sided-limits","finite"
"GEV","boundary-and-evaluation","0","1","0.5","0","NaN","NaN","LogCCDF","-0.45867514538708193","0","1.9999999999999999e-11","0","defining-density-and-one-sided-limits","finite"
"GEV","boundary-and-evaluation","0","1","0.5","0.10000000000000001","NaN","NaN","LogPDF","-0.95379329438755045","0","1.9999999999999999e-11","0","defining-density-and-one-sided-limits","finite"
"GEV","boundary-and-evaluation","0","1","0.5","0.10000000000000001","NaN","NaN","LogCDF","-0.90249999999999997","0","1.9999999999999999e-11","0","defining-density-and-one-sided-limits","finite"
"GEV","boundary-and-evaluation","0","1","0.5","0.10000000000000001","NaN","NaN","LogCCDF","-0.52012624924666662","0","1.9999999999999999e-11","0","defining-density-and-one-sided-limits","finite"
"GEV","defining-quantile","0","1","1","NaN","9.9999999999999998e-13","NaN","InverseCDF","-26.63102111592854","0","1.9999999999999999e-11","0","Hosking-quantile-expm1","finite"
"GEV","analytic-quantile-gradient","0","1","1","NaN","9.9999999999999998e-13","NaN","Gradient1","1","0","1.9999999999999999e-11","0","defining-quantile-derivative","finite"
"GEV","analytic-quantile-gradient","0","1","1","NaN","9.9999999999999998e-13","NaN","Gradient2","-26.63102111592854","0","1.9999999999999999e-11","0","defining-quantile-derivative","finite"
"GEV","analytic-quantile-gradient","0","1","1","NaN","9.9999999999999998e-13","NaN","Gradient3","-65.07465510149072","0","1.9999999999999999e-11","0","defining-quantile-derivative","finite"
"GEV","defining-quantile","0","1","1","NaN","0.01","NaN","InverseCDF","-3.6051701859880918","0","1.9999999999999999e-11","0","Hosking-quantile-expm1","finite"
"GEV","analytic-quantile-gradient","0","1","1","NaN","0.01","NaN","Gradient1","1","0","1.9999999999999999e-11","0","defining-quantile-derivative","finite"
"GEV","analytic-quantile-gradient","0","1","1","NaN","0.01","NaN","Gradient2","-3.6051701859880918","0","1.9999999999999999e-11","0","defining-quantile-derivative","finite"
"GEV","analytic-quantile-gradient","0","1","1","NaN","0.01","NaN","Gradient3","-3.4277518954309052","0","1.9999999999999999e-11","0","defining-quantile-derivative","finite"
"GEV","defining-quantile","0","1","1","NaN","0.5","NaN","InverseCDF","0.30685281944005471","0","1.9999999999999999e-11","0","Hosking-quantile-expm1","finite"
"GEV","analytic-quantile-gradient","0","1","1","NaN","0.5","NaN","Gradient1","1","0","1.9999999999999999e-11","0","defining-quantile-derivative","finite"
"GEV","analytic-quantile-gradient","0","1","1","NaN","0.5","NaN","Gradient2","0.30685281944005471","0","1.9999999999999999e-11","0","defining-quantile-derivative","finite"
"GEV","analytic-quantile-gradient","0","1","1","NaN","0.5","NaN","Gradient3","-0.052805421900082937","0","1.9999999999999999e-11","0","defining-quantile-derivative","finite"
"GEV","defining-quantile","0","1","1","NaN","0.98999999999999999","NaN","InverseCDF","0.98994966414649854","0","1.9999999999999999e-11","0","Hosking-quantile-expm1","finite"
"GEV","analytic-quantile-gradient","0","1","1","NaN","0.98999999999999999","NaN","Gradient1","1","0","1.9999999999999999e-11","0","defining-quantile-derivative","finite"
"GEV","analytic-quantile-gradient","0","1","1","NaN","0.98999999999999999","NaN","Gradient2","0.98994966414649854","0","1.9999999999999999e-11","0","defining-quantile-derivative","finite"
"GEV","analytic-quantile-gradient","0","1","1","NaN","0.98999999999999999","NaN","Gradient3","-0.94371661944116847","0","1.9999999999999999e-11","0","defining-quantile-derivative","finite"
"GEV","defining-quantile","0","1","1","NaN","0.99999999999900002","NaN","InverseCDF","0.99999999999899991","0","1.9999999999999999e-11","0","Hosking-quantile-expm1","finite"
"GEV","analytic-quantile-gradient","0","1","1","NaN","0.99999999999900002","NaN","Gradient1","1","0","1.9999999999999999e-11","0","defining-quantile-derivative","finite"
"GEV","analytic-quantile-gradient","0","1","1","NaN","0.99999999999900002","NaN","Gradient2","0.99999999999899991","0","1.9999999999999999e-11","0","defining-quantile-derivative","finite"
"GEV","analytic-quantile-gradient","0","1","1","NaN","0.99999999999900002","NaN","Gradient3","-0.99999999997137057","0","1.9999999999999999e-11","0","defining-quantile-derivative","finite"
"GEV","support","0","1","1","NaN","NaN","NaN","Minimum","-Inf","0","1.9999999999999999e-11","0","mathematical-support","infinite"
"GEV","support","0","1","1","NaN","NaN","NaN","Maximum","1","0","1.9999999999999999e-11","0","mathematical-support","finite"
"GEV","boundary-and-evaluation","0","1","1","-Inf","NaN","NaN","LogPDF","-Inf","0","1.9999999999999999e-11","0","defining-density-and-one-sided-limits","infinite"
"GEV","boundary-and-evaluation","0","1","1","-Inf","NaN","NaN","LogCDF","-Inf","0","1.9999999999999999e-11","0","defining-density-and-one-sided-limits","infinite"
"GEV","boundary-and-evaluation","0","1","1","-Inf","NaN","NaN","LogCCDF","0","0","1.9999999999999999e-11","0","defining-density-and-one-sided-limits","finite"
"GEV","boundary-and-evaluation","0","1","1","1","NaN","NaN","LogPDF","0","0","1.9999999999999999e-11","0","defining-density-and-one-sided-limits","finite"
"GEV","boundary-and-evaluation","0","1","1","1","NaN","NaN","LogCDF","0","0","1.9999999999999999e-11","0","defining-density-and-one-sided-limits","finite"
"GEV","boundary-and-evaluation","0","1","1","1","NaN","NaN","LogCCDF","-Inf","0","1.9999999999999999e-11","0","defining-density-and-one-sided-limits","infinite"
"GEV","boundary-and-evaluation","0","1","1","0","NaN","NaN","LogPDF","-1","0","1.9999999999999999e-11","0","defining-density-and-one-sided-limits","finite"
"GEV","boundary-and-evaluation","0","1","1","0","NaN","NaN","LogCDF","-1","0","1.9999999999999999e-11","0","defining-density-and-one-sided-limits","finite"
"GEV","boundary-and-evaluation","0","1","1","0","NaN","NaN","LogCCDF","-0.45867514538708193","0","1.9999999999999999e-11","0","defining-density-and-one-sided-limits","finite"
"GEV","boundary-and-evaluation","0","1","1","0.10000000000000001","NaN","NaN","LogPDF","-0.90000000000000002","0","1.9999999999999999e-11","0","defining-density-and-one-sided-limits","finite"
"GEV","boundary-and-evaluation","0","1","1","0.10000000000000001","NaN","NaN","LogCDF","-0.90000000000000002","0","1.9999999999999999e-11","0","defining-density-and-one-sided-limits","finite"
"GEV","boundary-and-evaluation","0","1","1","0.10000000000000001","NaN","NaN","LogCCDF","-0.5218354429087223","0","1.9999999999999999e-11","0","defining-density-and-one-sided-limits","finite"
"GEV","defining-quantile","0","1","2","NaN","9.9999999999999998e-13","NaN","InverseCDF","-381.23666395444445","0","1.9999999999999999e-11","0","Hosking-quantile-expm1","finite"
"GEV","analytic-quantile-gradient","0","1","2","NaN","9.9999999999999998e-13","NaN","Gradient1","1","0","1.9999999999999999e-11","0","defining-quantile-derivative","finite"
"GEV","analytic-quantile-gradient","0","1","2","NaN","9.9999999999999998e-13","NaN","Gradient2","-381.23666395444445","0","1.9999999999999999e-11","0","defining-quantile-derivative","finite"
"GEV","analytic-quantile-gradient","0","1","2","NaN","9.9999999999999998e-13","NaN","Gradient3","-1076.3424060297864","0","1.9999999999999999e-11","0","defining-quantile-derivative","finite"
"GEV","defining-quantile","0","1","2","NaN","0.01","NaN","InverseCDF","-10.103796220956797","0","1.9999999999999999e-11","0","Hosking-quantile-expm1","finite"
"GEV","analytic-quantile-gradient","0","1","2","NaN","0.01","NaN","Gradient1","1","0","1.9999999999999999e-11","0","defining-quantile-derivative","finite"
"GEV","analytic-quantile-gradient","0","1","2","NaN","0.01","NaN","Gradient2","-10.103796220956797","0","1.9999999999999999e-11","0","defining-quantile-derivative","finite"
"GEV","analytic-quantile-gradient","0","1","2","NaN","0.01","NaN","Gradient3","-11.142003434385639","0","1.9999999999999999e-11","0","defining-quantile-derivative","finite"
"GEV","defining-quantile","0","1","2","NaN","0.5","NaN","InverseCDF","0.25977349304089931","0","1.9999999999999999e-11","0","Hosking-quantile-expm1","finite"
"GEV","analytic-quantile-gradient","0","1","2","NaN","0.5","NaN","Gradient1","1","0","1.9999999999999999e-11","0","defining-quantile-derivative","finite"
"GEV","analytic-quantile-gradient","0","1","2","NaN","0.5","NaN","Gradient2","0.25977349304089931","0","1.9999999999999999e-11","0","defining-quantile-derivative","finite"
"GEV","analytic-quantile-gradient","0","1","2","NaN","0.5","NaN","Gradient3","-0.041840627853738148","0","1.9999999999999999e-11","0","defining-quantile-derivative","finite"
"GEV","defining-quantile","0","1","2","NaN","0.98999999999999999","NaN","InverseCDF","0.49994949537461592","0","1.9999999999999999e-11","0","Hosking-quantile-expm1","finite"
"GEV","analytic-quantile-gradient","0","1","2","NaN","0.98999999999999999","NaN","Gradient1","1","0","1.9999999999999999e-11","0","defining-quantile-derivative","finite"
"GEV","analytic-quantile-gradient","0","1","2","NaN","0.98999999999999999","NaN","Gradient2","0.49994949537461592","0","1.9999999999999999e-11","0","defining-quantile-derivative","finite"
"GEV","analytic-quantile-gradient","0","1","2","NaN","0.98999999999999999","NaN","Gradient3","-0.24974241887389875","0","1.9999999999999999e-11","0","defining-quantile-derivative","finite"
"GEV","defining-quantile","0","1","2","NaN","0.99999999999900002","NaN","InverseCDF","0.5","0","1.9999999999999999e-11","0","Hosking-quantile-expm1","finite"
"GEV","analytic-quantile-gradient","0","1","2","NaN","0.99999999999900002","NaN","Gradient1","1","0","1.9999999999999999e-11","0","defining-quantile-derivative","finite"
"GEV","analytic-quantile-gradient","0","1","2","NaN","0.99999999999900002","NaN","Gradient2","0.5","0","1.9999999999999999e-11","0","defining-quantile-derivative","finite"
"GEV","analytic-quantile-gradient","0","1","2","NaN","0.99999999999900002","NaN","Gradient3","-0.25000000000000111","0","1.9999999999999999e-11","0","defining-quantile-derivative","finite"
"GEV","support","0","1","2","NaN","NaN","NaN","Minimum","-Inf","0","1.9999999999999999e-11","0","mathematical-support","infinite"
"GEV","support","0","1","2","NaN","NaN","NaN","Maximum","0.5","0","1.9999999999999999e-11","0","mathematical-support","finite"
"GEV","boundary-and-evaluation","0","1","2","-Inf","NaN","NaN","LogPDF","-Inf","0","1.9999999999999999e-11","0","defining-density-and-one-sided-limits","infinite"
"GEV","boundary-and-evaluation","0","1","2","-Inf","NaN","NaN","LogCDF","-Inf","0","1.9999999999999999e-11","0","defining-density-and-one-sided-limits","infinite"
"GEV","boundary-and-evaluation","0","1","2","-Inf","NaN","NaN","LogCCDF","0","0","1.9999999999999999e-11","0","defining-density-and-one-sided-limits","finite"
"GEV","boundary-and-evaluation","0","1","2","0.5","NaN","NaN","LogPDF","Inf","0","1.9999999999999999e-11","0","defining-density-and-one-sided-limits","infinite"
"GEV","boundary-and-evaluation","0","1","2","0.5","NaN","NaN","LogCDF","0","0","1.9999999999999999e-11","0","defining-density-and-one-sided-limits","finite"
"GEV","boundary-and-evaluation","0","1","2","0.5","NaN","NaN","LogCCDF","-Inf","0","1.9999999999999999e-11","0","defining-density-and-one-sided-limits","infinite"
"GEV","boundary-and-evaluation","0","1","2","0","NaN","NaN","LogPDF","-1","0","1.9999999999999999e-11","0","defining-density-and-one-sided-limits","finite"
"GEV","boundary-and-evaluation","0","1","2","0","NaN","NaN","LogCDF","-1","0","1.9999999999999999e-11","0","defining-density-and-one-sided-limits","finite"
"GEV","boundary-and-evaluation","0","1","2","0","NaN","NaN","LogCCDF","-0.45867514538708193","0","1.9999999999999999e-11","0","defining-density-and-one-sided-limits","finite"
"GEV","boundary-and-evaluation","0","1","2","0.10000000000000001","NaN","NaN","LogPDF","-0.782855415342811","0","1.9999999999999999e-11","0","defining-density-and-one-sided-limits","finite"
"GEV","boundary-and-evaluation","0","1","2","0.10000000000000001","NaN","NaN","LogCDF","-0.89442719099991586","0","1.9999999999999999e-11","0","defining-density-and-one-sided-limits","finite"
"GEV","boundary-and-evaluation","0","1","2","0.10000000000000001","NaN","NaN","LogCCDF","-0.52567147983176243","0","1.9999999999999999e-11","0","defining-density-and-one-sided-limits","finite"
"GPA","defining-quantile","0","1","-1","NaN","9.9999999999999998e-13","NaN","InverseCDF","1.000000000001001e-12","0","1.9999999999999999e-11","0","Hosking-quantile-expm1","finite"
"GPA","analytic-quantile-gradient","0","1","-1","NaN","9.9999999999999998e-13","NaN","Gradient1","1","0","1.9999999999999999e-11","0","defining-quantile-derivative","finite"
"GPA","analytic-quantile-gradient","0","1","-1","NaN","9.9999999999999998e-13","NaN","Gradient2","1.000000000001e-12","0","1.9999999999999999e-11","0","defining-quantile-derivative","finite"
"GPA","analytic-quantile-gradient","0","1","-1","NaN","9.9999999999999998e-13","NaN","Gradient3","-5.0000000000083337e-25","0","1.9999999999999999e-11","0","defining-quantile-derivative","finite"
"GPA","defining-quantile","0","1","-1","NaN","0.01","NaN","InverseCDF","0.010101010101010105","0","1.9999999999999999e-11","0","Hosking-quantile-expm1","finite"
"GPA","analytic-quantile-gradient","0","1","-1","NaN","0.01","NaN","Gradient1","1","0","1.9999999999999999e-11","0","defining-quantile-derivative","finite"
"GPA","analytic-quantile-gradient","0","1","-1","NaN","0.01","NaN","Gradient2","0.010101010101010102","0","1.9999999999999999e-11","0","defining-quantile-derivative","finite"
"GPA","analytic-quantile-gradient","0","1","-1","NaN","0.01","NaN","Gradient3","-5.0844296466102105e-05","0","1.9999999999999999e-11","0","defining-quantile-derivative","finite"
"GPA","defining-quantile","0","1","-1","NaN","0.5","NaN","InverseCDF","1","0","1.9999999999999999e-11","0","Hosking-quantile-expm1","finite"
"GPA","analytic-quantile-gradient","0","1","-1","NaN","0.5","NaN","Gradient1","1","0","1.9999999999999999e-11","0","defining-quantile-derivative","finite"
"GPA","analytic-quantile-gradient","0","1","-1","NaN","0.5","NaN","Gradient2","1","0","1.9999999999999999e-11","0","defining-quantile-derivative","finite"
"GPA","analytic-quantile-gradient","0","1","-1","NaN","0.5","NaN","Gradient3","-0.38629436111989052","0","1.9999999999999999e-11","0","defining-quantile-derivative","finite"
"GPA","defining-quantile","0","1","-1","NaN","0.98999999999999999","NaN","InverseCDF","98.999999999999957","0","1.9999999999999999e-11","0","Hosking-quantile-expm1","finite"
"GPA","analytic-quantile-gradient","0","1","-1","NaN","0.98999999999999999","NaN","Gradient1","1","0","1.9999999999999999e-11","0","defining-quantile-derivative","finite"
"GPA","analytic-quantile-gradient","0","1","-1","NaN","0.98999999999999999","NaN","Gradient2","98.999999999999957","0","1.9999999999999999e-11","0","defining-quantile-derivative","finite"
"GPA","analytic-quantile-gradient","0","1","-1","NaN","0.98999999999999999","NaN","Gradient3","-361.51701859880887","0","1.9999999999999999e-11","0","defining-quantile-derivative","finite"
"GPA","defining-quantile","0","1","-1","NaN","0.99999999999900002","NaN","InverseCDF","1000022122208.5027","0","1.9999999999999999e-11","0","Hosking-quantile-expm1","finite"
"GPA","analytic-quantile-gradient","0","1","-1","NaN","0.99999999999900002","NaN","Gradient1","1","0","1.9999999999999999e-11","0","defining-quantile-derivative","finite"
"GPA","analytic-quantile-gradient","0","1","-1","NaN","0.99999999999900002","NaN","Gradient2","1000022122208.5027","0","1.9999999999999999e-11","0","defining-quantile-derivative","finite"
"GPA","analytic-quantile-gradient","0","1","-1","NaN","0.99999999999900002","NaN","Gradient3","-26631632375412.137","0","1.9999999999999999e-11","0","defining-quantile-derivative","finite"
"GPA","support","0","1","-1","NaN","NaN","NaN","Minimum","0","0","1.9999999999999999e-11","0","mathematical-support","finite"
"GPA","support","0","1","-1","NaN","NaN","NaN","Maximum","Inf","0","1.9999999999999999e-11","0","mathematical-support","infinite"
"GPA","boundary-and-evaluation","0","1","-1","0","NaN","NaN","LogPDF","-0","0","1.9999999999999999e-11","0","defining-density-and-one-sided-limits","finite"
"GPA","boundary-and-evaluation","0","1","-1","0","NaN","NaN","LogCDF","-Inf","0","1.9999999999999999e-11","0","defining-density-and-one-sided-limits","infinite"
"GPA","boundary-and-evaluation","0","1","-1","0","NaN","NaN","LogCCDF","-0","0","1.9999999999999999e-11","0","defining-density-and-one-sided-limits","finite"
"GPA","boundary-and-evaluation","0","1","-1","Inf","NaN","NaN","LogPDF","-Inf","0","1.9999999999999999e-11","0","defining-density-and-one-sided-limits","infinite"
"GPA","boundary-and-evaluation","0","1","-1","Inf","NaN","NaN","LogCDF","-0","0","1.9999999999999999e-11","0","defining-density-and-one-sided-limits","finite"
"GPA","boundary-and-evaluation","0","1","-1","Inf","NaN","NaN","LogCCDF","-Inf","0","1.9999999999999999e-11","0","defining-density-and-one-sided-limits","infinite"
"GPA","boundary-and-evaluation","0","1","-1","0.10000000000000001","NaN","NaN","LogPDF","-0.19062035960864973","0","1.9999999999999999e-11","0","defining-density-and-one-sided-limits","finite"
"GPA","boundary-and-evaluation","0","1","-1","0.10000000000000001","NaN","NaN","LogCDF","-2.3978952727983707","0","1.9999999999999999e-11","0","defining-density-and-one-sided-limits","finite"
"GPA","boundary-and-evaluation","0","1","-1","0.10000000000000001","NaN","NaN","LogCCDF","-0.095310179804324865","0","1.9999999999999999e-11","0","defining-density-and-one-sided-limits","finite"
"GPA","defining-quantile","0","1","-0.5","NaN","9.9999999999999998e-13","NaN","InverseCDF","1.000000000000751e-12","0","1.9999999999999999e-11","0","Hosking-quantile-expm1","finite"
"GPA","analytic-quantile-gradient","0","1","-0.5","NaN","9.9999999999999998e-13","NaN","Gradient1","1","0","1.9999999999999999e-11","0","defining-quantile-derivative","finite"
"GPA","analytic-quantile-gradient","0","1","-0.5","NaN","9.9999999999999998e-13","NaN","Gradient2","1.00000000000075e-12","0","1.9999999999999999e-11","0","defining-quantile-derivative","finite"
"GPA","analytic-quantile-gradient","0","1","-0.5","NaN","9.9999999999999998e-13","NaN","Gradient3","-5.0000000000066669e-25","0","1.9999999999999999e-11","0","defining-quantile-derivative","finite"
"GPA","defining-quantile","0","1","-0.5","NaN","0.01","NaN","InverseCDF","0.010075630518424155","0","1.9999999999999999e-11","0","Hosking-quantile-expm1","finite"
"GPA","analytic-quantile-gradient","0","1","-0.5","NaN","0.01","NaN","Gradient1","1","0","1.9999999999999999e-11","0","defining-quantile-derivative","finite"
"GPA","analytic-quantile-gradient","0","1","-0.5","NaN","0.01","NaN","Gradient2","0.010075630518424151","0","1.9999999999999999e-11","0","defining-quantile-derivative","finite"
"GPA","analytic-quantile-gradient","0","1","-0.5","NaN","0.01","NaN","Gradient3","-5.0674140800529584e-05","0","1.9999999999999999e-11","0","defining-quantile-derivative","finite"
"GPA","defining-quantile","0","1","-0.5","NaN","0.5","NaN","InverseCDF","0.82842712474619007","0","1.9999999999999999e-11","0","Hosking-quantile-expm1","finite"
"GPA","analytic-quantile-gradient","0","1","-0.5","NaN","0.5","NaN","Gradient1","1","0","1.9999999999999999e-11","0","defining-quantile-derivative","finite"
"GPA","analytic-quantile-gradient","0","1","-0.5","NaN","0.5","NaN","Gradient2","0.82842712474619007","0","1.9999999999999999e-11","0","defining-quantile-derivative","finite"
"GPA","analytic-quantile-gradient","0","1","-0.5","NaN","0.5","NaN","Gradient3","-0.30366203744471415","0","1.9999999999999999e-11","0","defining-quantile-derivative","finite"
"GPA","defining-quantile","0","1","-0.5","NaN","0.98999999999999999","NaN","InverseCDF","17.999999999999996","0","1.9999999999999999e-11","0","Hosking-quantile-expm1","finite"
"GPA","analytic-quantile-gradient","0","1","-0.5","NaN","0.98999999999999999","NaN","Gradient1","1","0","1.9999999999999999e-11","0","defining-quantile-derivative","finite"
"GPA","analytic-quantile-gradient","0","1","-0.5","NaN","0.98999999999999999","NaN","Gradient2","17.999999999999996","0","1.9999999999999999e-11","0","defining-quantile-derivative","finite"
"GPA","analytic-quantile-gradient","0","1","-0.5","NaN","0.98999999999999999","NaN","Gradient3","-56.103403719761801","0","1.9999999999999999e-11","0","defining-quantile-derivative","finite"
"GPA","defining-quantile","0","1","-0.5","NaN","0.99999999999900002","NaN","InverseCDF","2000020.1220871559","0","1.9999999999999999e-11","0","Hosking-quantile-expm1","finite"
"GPA","analytic-quantile-gradient","0","1","-0.5","NaN","0.99999999999900002","NaN","Gradient1","1","0","1.9999999999999999e-11","0","defining-quantile-derivative","finite"
"GPA","analytic-quantile-gradient","0","1","-0.5","NaN","0.99999999999900002","NaN","Gradient2","2000020.1220871559","0","1.9999999999999999e-11","0","defining-quantile-derivative","finite"
"GPA","analytic-quantile-gradient","0","1","-0.5","NaN","0.99999999999900002","NaN","Gradient3","-51262657.487959124","0","1.9999999999999999e-11","0","defining-quantile-derivative","finite"
"GPA","support","0","1","-0.5","NaN","NaN","NaN","Minimum","0","0","1.9999999999999999e-11","0","mathematical-support","finite"
"GPA","support","0","1","-0.5","NaN","NaN","NaN","Maximum","Inf","0","1.9999999999999999e-11","0","mathematical-support","infinite"
"GPA","boundary-and-evaluation","0","1","-0.5","0","NaN","NaN","LogPDF","-0","0","1.9999999999999999e-11","0","defining-density-and-one-sided-limits","finite"
"GPA","boundary-and-evaluation","0","1","-0.5","0","NaN","NaN","LogCDF","-Inf","0","1.9999999999999999e-11","0","defining-density-and-one-sided-limits","infinite"
"GPA","boundary-and-evaluation","0","1","-0.5","0","NaN","NaN","LogCCDF","-0","0","1.9999999999999999e-11","0","defining-density-and-one-sided-limits","finite"
"GPA","boundary-and-evaluation","0","1","-0.5","Inf","NaN","NaN","LogPDF","-Inf","0","1.9999999999999999e-11","0","defining-density-and-one-sided-limits","infinite"
"GPA","boundary-and-evaluation","0","1","-0.5","Inf","NaN","NaN","LogCDF","-0","0","1.9999999999999999e-11","0","defining-density-and-one-sided-limits","finite"
"GPA","boundary-and-evaluation","0","1","-0.5","Inf","NaN","NaN","LogCCDF","-Inf","0","1.9999999999999999e-11","0","defining-density-and-one-sided-limits","infinite"
"GPA","boundary-and-evaluation","0","1","-0.5","0.10000000000000001","NaN","NaN","LogPDF","-0.14637049250829604","0","1.9999999999999999e-11","0","defining-density-and-one-sided-limits","finite"
"GPA","boundary-and-evaluation","0","1","-0.5","0.10000000000000001","NaN","NaN","LogCDF","-2.3754728087425381","0","1.9999999999999999e-11","0","defining-density-and-one-sided-limits","finite"
"GPA","boundary-and-evaluation","0","1","-0.5","0.10000000000000001","NaN","NaN","LogCCDF","-0.097580328338864014","0","1.9999999999999999e-11","0","defining-density-and-one-sided-limits","finite"
"GPA","defining-quantile","0","1","-0.20000000000000001","NaN","9.9999999999999998e-13","NaN","InverseCDF","1.000000000000601e-12","0","1.9999999999999999e-11","0","Hosking-quantile-expm1","finite"
"GPA","analytic-quantile-gradient","0","1","-0.20000000000000001","NaN","9.9999999999999998e-13","NaN","Gradient1","1","0","1.9999999999999999e-11","0","defining-quantile-derivative","finite"
"GPA","analytic-quantile-gradient","0","1","-0.20000000000000001","NaN","9.9999999999999998e-13","NaN","Gradient2","1.0000000000006e-12","0","1.9999999999999999e-11","0","defining-quantile-derivative","finite"
"GPA","analytic-quantile-gradient","0","1","-0.20000000000000001","NaN","9.9999999999999998e-13","NaN","Gradient3","-5.0000000000056659e-25","0","1.9999999999999999e-11","0","defining-quantile-derivative","finite"
"GPA","defining-quantile","0","1","-0.20000000000000001","NaN","0.01","NaN","InverseCDF","0.010060443549826549","0","1.9999999999999999e-11","0","Hosking-quantile-expm1","finite"
"GPA","analytic-quantile-gradient","0","1","-0.20000000000000001","NaN","0.01","NaN","Gradient1","1","0","1.9999999999999999e-11","0","defining-quantile-derivative","finite"
"GPA","analytic-quantile-gradient","0","1","-0.20000000000000001","NaN","0.01","NaN","Gradient2","0.010060443549826546","0","1.9999999999999999e-11","0","defining-quantile-derivative","finite"
"GPA","analytic-quantile-gradient","0","1","-0.20000000000000001","NaN","0.01","NaN","Gradient3","-5.0572354885420404e-05","0","1.9999999999999999e-11","0","defining-quantile-derivative","finite"
"GPA","defining-quantile","0","1","-0.20000000000000001","NaN","0.5","NaN","InverseCDF","0.74349177498517494","0","1.9999999999999999e-11","0","Hosking-quantile-expm1","finite"
"GPA","analytic-quantile-gradient","0","1","-0.20000000000000001","NaN","0.5","NaN","Gradient1","1","0","1.9999999999999999e-11","0","defining-quantile-derivative","finite"
"GPA","analytic-quantile-gradient","0","1","-0.20000000000000001","NaN","0.5","NaN","Gradient2","0.74349177498517494","0","1.9999999999999999e-11","0","defining-quantile-derivative","finite"
"GPA","analytic-quantile-gradient","0","1","-0.20000000000000001","NaN","0.5","NaN","Gradient3","-0.26362625547433488","0","1.9999999999999999e-11","0","defining-quantile-derivative","finite"
"GPA","defining-quantile","0","1","-0.20000000000000001","NaN","0.98999999999999999","NaN","InverseCDF","7.5594321575479002","0","1.9999999999999999e-11","0","Hosking-quantile-expm1","finite"
"GPA","analytic-quantile-gradient","0","1","-0.20000000000000001","NaN","0.98999999999999999","NaN","Gradient1","1","0","1.9999999999999999e-11","0","defining-quantile-derivative","finite"
"GPA","analytic-quantile-gradient","0","1","-0.20000000000000001","NaN","0.98999999999999999","NaN","Gradient2","7.5594321575479002","0","1.9999999999999999e-11","0","defining-quantile-derivative","finite"
"GPA","analytic-quantile-gradient","0","1","-0.20000000000000001","NaN","0.98999999999999999","NaN","Gradient3","-20.041161737140172","0","1.9999999999999999e-11","0","defining-quantile-derivative","finite"
"GPA","defining-quantile","0","1","-0.20000000000000001","NaN","0.99999999999900002","NaN","InverseCDF","1250.9487725534077","0","1.9999999999999999e-11","0","Hosking-quantile-expm1","finite"
"GPA","analytic-quantile-gradient","0","1","-0.20000000000000001","NaN","0.99999999999900002","NaN","Gradient1","1","0","1.9999999999999999e-11","0","defining-quantile-derivative","finite"
"GPA","analytic-quantile-gradient","0","1","-0.20000000000000001","NaN","0.99999999999900002","NaN","Gradient2","1250.9487725534077","0","1.9999999999999999e-11","0","defining-quantile-derivative","finite"
"GPA","analytic-quantile-gradient","0","1","-0.20000000000000001","NaN","0.99999999999900002","NaN","Gradient3","-28448.430976235257","0","1.9999999999999999e-11","0","defining-quantile-derivative","finite"
"GPA","support","0","1","-0.20000000000000001","NaN","NaN","NaN","Minimum","0","0","1.9999999999999999e-11","0","mathematical-support","finite"
"GPA","support","0","1","-0.20000000000000001","NaN","NaN","NaN","Maximum","Inf","0","1.9999999999999999e-11","0","mathematical-support","infinite"
"GPA","boundary-and-evaluation","0","1","-0.20000000000000001","0","NaN","NaN","LogPDF","-0","0","1.9999999999999999e-11","0","defining-density-and-one-sided-limits","finite"
"GPA","boundary-and-evaluation","0","1","-0.20000000000000001","0","NaN","NaN","LogCDF","-Inf","0","1.9999999999999999e-11","0","defining-density-and-one-sided-limits","infinite"
"GPA","boundary-and-evaluation","0","1","-0.20000000000000001","0","NaN","NaN","LogCCDF","-0","0","1.9999999999999999e-11","0","defining-density-and-one-sided-limits","finite"
"GPA","boundary-and-evaluation","0","1","-0.20000000000000001","Inf","NaN","NaN","LogPDF","-Inf","0","1.9999999999999999e-11","0","defining-density-and-one-sided-limits","infinite"
"GPA","boundary-and-evaluation","0","1","-0.20000000000000001","Inf","NaN","NaN","LogCDF","-0","0","1.9999999999999999e-11","0","defining-density-and-one-sided-limits","finite"
"GPA","boundary-and-evaluation","0","1","-0.20000000000000001","Inf","NaN","NaN","LogCCDF","-Inf","0","1.9999999999999999e-11","0","defining-density-and-one-sided-limits","infinite"
"GPA","boundary-and-evaluation","0","1","-0.20000000000000001","0.10000000000000001","NaN","NaN","LogPDF","-0.11881576377707828","0","1.9999999999999999e-11","0","defining-density-and-one-sided-limits","finite"
"GPA","boundary-and-evaluation","0","1","-0.20000000000000001","0.10000000000000001","NaN","NaN","LogCDF","-2.3616008641479014","0","1.9999999999999999e-11","0","defining-density-and-one-sided-limits","finite"
"GPA","boundary-and-evaluation","0","1","-0.20000000000000001","0.10000000000000001","NaN","NaN","LogCCDF","-0.099013136480898573","0","1.9999999999999999e-11","0","defining-density-and-one-sided-limits","finite"
"GPA","defining-quantile","0","1","-9.9999999999999995e-07","NaN","9.9999999999999998e-13","NaN","InverseCDF","1.000000000000501e-12","0","1.9999999999999999e-11","0","Hosking-quantile-expm1","finite"
"GPA","analytic-quantile-gradient","0","1","-9.9999999999999995e-07","NaN","9.9999999999999998e-13","NaN","Gradient1","1","0","1.9999999999999999e-11","0","defining-quantile-derivative","finite"
"GPA","analytic-quantile-gradient","0","1","-9.9999999999999995e-07","NaN","9.9999999999999998e-13","NaN","Gradient2","1.0000000000005e-12","0","1.9999999999999999e-11","0","defining-quantile-derivative","finite"
"GPA","analytic-quantile-gradient","0","1","-9.9999999999999995e-07","NaN","9.9999999999999998e-13","NaN","Gradient3","-5.0000000000050001e-25","0","1.9999999999999999e-11","0","defining-quantile-derivative","finite"
"GPA","defining-quantile","0","1","-9.9999999999999995e-07","NaN","0.01","NaN","InverseCDF","0.01005033590400607","0","1.9999999999999999e-11","0","Hosking-quantile-expm1","finite"
"GPA","analytic-quantile-gradient","0","1","-9.9999999999999995e-07","NaN","0.01","NaN","Gradient1","1","0","1.9999999999999999e-11","0","defining-quantile-derivative","finite"
"GPA","analytic-quantile-gradient","0","1","-9.9999999999999995e-07","NaN","0.01","NaN","Gradient2","0.010050335904006067","0","1.9999999999999999e-11","0","defining-quantile-derivative","finite"
"GPA","analytic-quantile-gradient","0","1","-9.9999999999999995e-07","NaN","0.01","NaN","Gradient3","-5.0504625722480573e-05","0","1.9999999999999999e-11","0","defining-quantile-derivative","finite"
"GPA","defining-quantile","0","1","-9.9999999999999995e-07","NaN","0.5","NaN","InverseCDF","0.69314742078650782","0","1.9999999999999999e-11","0","Hosking-quantile-expm1","finite"
"GPA","analytic-quantile-gradient","0","1","-9.9999999999999995e-07","NaN","0.5","NaN","Gradient1","1","0","1.9999999999999999e-11","0","defining-quantile-derivative","finite"
"GPA","analytic-quantile-gradient","0","1","-9.9999999999999995e-07","NaN","0.5","NaN","Gradient2","0.69314742078650782","0","1.9999999999999999e-11","0","defining-quantile-derivative","finite"
"GPA","analytic-quantile-gradient","0","1","-9.9999999999999995e-07","NaN","0.5","NaN","Gradient3","-0.2402266179673469","0","1.9999999999999999e-11","0","defining-quantile-derivative","finite"
"GPA","defining-quantile","0","1","-9.9999999999999995e-07","NaN","0.98999999999999999","NaN","InverseCDF","4.6051807898005892","0","1.9999999999999999e-11","0","Hosking-quantile-expm1","finite"
"GPA","analytic-quantile-gradient","0","1","-9.9999999999999995e-07","NaN","0.98999999999999999","NaN","Gradient1","1","0","1.9999999999999999e-11","0","defining-quantile-derivative","finite"
"GPA","analytic-quantile-gradient","0","1","-9.9999999999999995e-07","NaN","0.98999999999999999","NaN","Gradient2","4.6051807898005892","0","1.9999999999999999e-11","0","defining-quantile-derivative","finite"
"GPA","analytic-quantile-gradient","0","1","-9.9999999999999995e-07","NaN","0.98999999999999999","NaN","Gradient3","-10.60382877587049","0","1.9999999999999999e-11","0","defining-quantile-derivative","finite"
"GPA","defining-quantile","0","1","-9.9999999999999995e-07","NaN","0.99999999999900002","NaN","InverseCDF","27.631424978684525","0","1.9999999999999999e-11","0","Hosking-quantile-expm1","finite"
"GPA","analytic-quantile-gradient","0","1","-9.9999999999999995e-07","NaN","0.99999999999900002","NaN","Gradient1","1","0","1.9999999999999999e-11","0","defining-quantile-derivative","finite"
"GPA","analytic-quantile-gradient","0","1","-9.9999999999999995e-07","NaN","0.99999999999900002","NaN","Gradient2","27.631424978684525","0","1.9999999999999999e-11","0","defining-quantile-derivative","finite"
"GPA","analytic-quantile-gradient","0","1","-9.9999999999999995e-07","NaN","0.99999999999900002","NaN","Gradient3","-381.74430714613288","0","1.9999999999999999e-11","0","defining-quantile-derivative","finite"
"GPA","support","0","1","-9.9999999999999995e-07","NaN","NaN","NaN","Minimum","0","0","1.9999999999999999e-11","0","mathematical-support","finite"
"GPA","support","0","1","-9.9999999999999995e-07","NaN","NaN","NaN","Maximum","Inf","0","1.9999999999999999e-11","0","mathematical-support","infinite"
"GPA","boundary-and-evaluation","0","1","-9.9999999999999995e-07","0","NaN","NaN","LogPDF","-0","0","1.9999999999999999e-11","0","defining-density-and-one-sided-limits","finite"
"GPA","boundary-and-evaluation","0","1","-9.9999999999999995e-07","0","NaN","NaN","LogCDF","-Inf","0","1.9999999999999999e-11","0","defining-density-and-one-sided-limits","infinite"
"GPA","boundary-and-evaluation","0","1","-9.9999999999999995e-07","0","NaN","NaN","LogCCDF","-0","0","1.9999999999999999e-11","0","defining-density-and-one-sided-limits","finite"
"GPA","boundary-and-evaluation","0","1","-9.9999999999999995e-07","Inf","NaN","NaN","LogPDF","-Inf","0","1.9999999999999999e-11","0","defining-density-and-one-sided-limits","infinite"
"GPA","boundary-and-evaluation","0","1","-9.9999999999999995e-07","Inf","NaN","NaN","LogCDF","-0","0","1.9999999999999999e-11","0","defining-density-and-one-sided-limits","finite"
"GPA","boundary-and-evaluation","0","1","-9.9999999999999995e-07","Inf","NaN","NaN","LogCCDF","-Inf","0","1.9999999999999999e-11","0","defining-density-and-one-sided-limits","infinite"
"GPA","boundary-and-evaluation","0","1","-9.9999999999999995e-07","0.10000000000000001","NaN","NaN","LogPDF","-0.10000009499999533","0","1.9999999999999999e-11","0","defining-density-and-one-sided-limits","finite"
"GPA","boundary-and-evaluation","0","1","-9.9999999999999995e-07","0.10000000000000001","NaN","NaN","LogCDF","-2.3521685085857484","0","1.9999999999999999e-11","0","defining-density-and-one-sided-limits","finite"
"GPA","boundary-and-evaluation","0","1","-9.9999999999999995e-07","0.10000000000000001","NaN","NaN","LogCCDF","-0.099999995000000341","0","1.9999999999999999e-11","0","defining-density-and-one-sided-limits","finite"
"GPA","defining-quantile","0","1","0","NaN","9.9999999999999998e-13","NaN","InverseCDF","1.000000000000501e-12","0","1.9999999999999999e-11","0","Hosking-quantile-expm1","finite"
"GPA","analytic-quantile-gradient","0","1","0","NaN","9.9999999999999998e-13","NaN","Gradient1","1","0","1.9999999999999999e-11","0","defining-quantile-derivative","finite"
"GPA","analytic-quantile-gradient","0","1","0","NaN","9.9999999999999998e-13","NaN","Gradient2","1.0000000000005e-12","0","1.9999999999999999e-11","0","defining-quantile-derivative","finite"
"GPA","analytic-quantile-gradient","0","1","0","NaN","9.9999999999999998e-13","NaN","Gradient3","-5.0000000000050001e-25","0","1.9999999999999999e-11","0","defining-quantile-derivative","finite"
"GPA","defining-quantile","0","1","0","NaN","0.01","NaN","InverseCDF","0.010050335853501445","0","1.9999999999999999e-11","0","Hosking-quantile-expm1","finite"
"GPA","analytic-quantile-gradient","0","1","0","NaN","0.01","NaN","Gradient1","1","0","1.9999999999999999e-11","0","defining-quantile-derivative","finite"
"GPA","analytic-quantile-gradient","0","1","0","NaN","0.01","NaN","Gradient2","0.010050335853501442","0","1.9999999999999999e-11","0","defining-quantile-derivative","finite"
"GPA","analytic-quantile-gradient","0","1","0","NaN","0.01","NaN","Gradient3","-5.0504625384088282e-05","0","1.9999999999999999e-11","0","defining-quantile-derivative","finite"
"GPA","defining-quantile","0","1","0","NaN","0.5","NaN","InverseCDF","0.69314718055994529","0","1.9999999999999999e-11","0","Hosking-quantile-expm1","finite"
"GPA","analytic-quantile-gradient","0","1","0","NaN","0.5","NaN","Gradient1","1","0","1.9999999999999999e-11","0","defining-quantile-derivative","finite"
"GPA","analytic-quantile-gradient","0","1","0","NaN","0.5","NaN","Gradient2","0.69314718055994529","0","1.9999999999999999e-11","0","defining-quantile-derivative","finite"
"GPA","analytic-quantile-gradient","0","1","0","NaN","0.5","NaN","Gradient3","-0.24022650695910069","0","1.9999999999999999e-11","0","defining-quantile-derivative","finite"
"GPA","defining-quantile","0","1","0","NaN","0.98999999999999999","NaN","InverseCDF","4.6051701859880909","0","1.9999999999999999e-11","0","Hosking-quantile-expm1","finite"
"GPA","analytic-quantile-gradient","0","1","0","NaN","0.98999999999999999","NaN","Gradient1","1","0","1.9999999999999999e-11","0","defining-quantile-derivative","finite"
"GPA","analytic-quantile-gradient","0","1","0","NaN","0.98999999999999999","NaN","Gradient2","4.6051701859880909","0","1.9999999999999999e-11","0","defining-quantile-derivative","finite"
"GPA","analytic-quantile-gradient","0","1","0","NaN","0.98999999999999999","NaN","Gradient3","-10.603796220956793","0","1.9999999999999999e-11","0","defining-quantile-derivative","finite"
"GPA","defining-quantile","0","1","0","NaN","0.99999999999900002","NaN","InverseCDF","27.631043237893358","0","1.9999999999999999e-11","0","Hosking-quantile-expm1","finite"
"GPA","analytic-quantile-gradient","0","1","0","NaN","0.99999999999900002","NaN","Gradient1","1","0","1.9999999999999999e-11","0","defining-quantile-derivative","finite"
"GPA","analytic-quantile-gradient","0","1","0","NaN","0.99999999999900002","NaN","Gradient2","27.631043237893358","0","1.9999999999999999e-11","0","defining-quantile-derivative","finite"
"GPA","analytic-quantile-gradient","0","1","0","NaN","0.99999999999900002","NaN","Gradient3","-381.73727520716614","0","1.9999999999999999e-11","0","defining-quantile-derivative","finite"
"GPA","support","0","1","0","NaN","NaN","NaN","Minimum","0","0","1.9999999999999999e-11","0","mathematical-support","finite"
"GPA","support","0","1","0","NaN","NaN","NaN","Maximum","Inf","0","1.9999999999999999e-11","0","mathematical-support","infinite"
"GPA","boundary-and-evaluation","0","1","0","0","NaN","NaN","LogPDF","-0","0","1.9999999999999999e-11","0","defining-density-and-one-sided-limits","finite"
"GPA","boundary-and-evaluation","0","1","0","0","NaN","NaN","LogCDF","-Inf","0","1.9999999999999999e-11","0","defining-density-and-one-sided-limits","infinite"
"GPA","boundary-and-evaluation","0","1","0","0","NaN","NaN","LogCCDF","-0","0","1.9999999999999999e-11","0","defining-density-and-one-sided-limits","finite"
"GPA","boundary-and-evaluation","0","1","0","Inf","NaN","NaN","LogPDF","-Inf","0","1.9999999999999999e-11","0","defining-density-and-one-sided-limits","infinite"
"GPA","boundary-and-evaluation","0","1","0","Inf","NaN","NaN","LogCDF","-0","0","1.9999999999999999e-11","0","defining-density-and-one-sided-limits","finite"
"GPA","boundary-and-evaluation","0","1","0","Inf","NaN","NaN","LogCCDF","-Inf","0","1.9999999999999999e-11","0","defining-density-and-one-sided-limits","infinite"
"GPA","boundary-and-evaluation","0","1","0","0.10000000000000001","NaN","NaN","LogPDF","-0.10000000000000001","0","1.9999999999999999e-11","0","defining-density-and-one-sided-limits","finite"
"GPA","boundary-and-evaluation","0","1","0","0.10000000000000001","NaN","NaN","LogCDF","-2.3521684610440907","0","1.9999999999999999e-11","0","defining-density-and-one-sided-limits","finite"
"GPA","boundary-and-evaluation","0","1","0","0.10000000000000001","NaN","NaN","LogCCDF","-0.10000000000000001","0","1.9999999999999999e-11","0","defining-density-and-one-sided-limits","finite"
"GPA","defining-quantile","0","1","9.9999999999999995e-07","NaN","9.9999999999999998e-13","NaN","InverseCDF","1.000000000000501e-12","0","1.9999999999999999e-11","0","Hosking-quantile-expm1","finite"
"GPA","analytic-quantile-gradient","0","1","9.9999999999999995e-07","NaN","9.9999999999999998e-13","NaN","Gradient1","1","0","1.9999999999999999e-11","0","defining-quantile-derivative","finite"
"GPA","analytic-quantile-gradient","0","1","9.9999999999999995e-07","NaN","9.9999999999999998e-13","NaN","Gradient2","1.0000000000005e-12","0","1.9999999999999999e-11","0","defining-quantile-derivative","finite"
"GPA","analytic-quantile-gradient","0","1","9.9999999999999995e-07","NaN","9.9999999999999998e-13","NaN","Gradient3","-5.0000000000050001e-25","0","1.9999999999999999e-11","0","defining-quantile-derivative","finite"
"GPA","defining-quantile","0","1","9.9999999999999995e-07","NaN","0.01","NaN","InverseCDF","0.010050335802996821","0","1.9999999999999999e-11","0","Hosking-quantile-expm1","finite"
"GPA","analytic-quantile-gradient","0","1","9.9999999999999995e-07","NaN","0.01","NaN","Gradient1","1","0","1.9999999999999999e-11","0","defining-quantile-derivative","finite"
"GPA","analytic-quantile-gradient","0","1","9.9999999999999995e-07","NaN","0.01","NaN","Gradient2","0.010050335802996817","0","1.9999999999999999e-11","0","defining-quantile-derivative","finite"
"GPA","analytic-quantile-gradient","0","1","9.9999999999999995e-07","NaN","0.01","NaN","Gradient3","-5.0504625045695983e-05","0","1.9999999999999999e-11","0","defining-quantile-derivative","finite"
"GPA","defining-quantile","0","1","9.9999999999999995e-07","NaN","0.5","NaN","InverseCDF","0.69314694033349378","0","1.9999999999999999e-11","0","Hosking-quantile-expm1","finite"
"GPA","analytic-quantile-gradient","0","1","9.9999999999999995e-07","NaN","0.5","NaN","Gradient1","1","0","1.9999999999999999e-11","0","defining-quantile-derivative","finite"
"GPA","analytic-quantile-gradient","0","1","9.9999999999999995e-07","NaN","0.5","NaN","Gradient2","0.69314694033349378","0","1.9999999999999999e-11","0","defining-quantile-derivative","finite"
"GPA","analytic-quantile-gradient","0","1","9.9999999999999995e-07","NaN","0.5","NaN","Gradient3","-0.24022639595091222","0","1.9999999999999999e-11","0","defining-quantile-derivative","finite"
"GPA","defining-quantile","0","1","9.9999999999999995e-07","NaN","0.98999999999999999","NaN","InverseCDF","4.605159582208147","0","1.9999999999999999e-11","0","Hosking-quantile-expm1","finite"
"GPA","analytic-quantile-gradient","0","1","9.9999999999999995e-07","NaN","0.98999999999999999","NaN","Gradient1","1","0","1.9999999999999999e-11","0","defining-quantile-derivative","finite"
"GPA","analytic-quantile-gradient","0","1","9.9999999999999995e-07","NaN","0.98999999999999999","NaN","Gradient2","4.605159582208147","0","1.9999999999999999e-11","0","defining-quantile-derivative","finite"
"GPA","analytic-quantile-gradient","0","1","9.9999999999999995e-07","NaN","0.98999999999999999","NaN","Gradient3","-10.603763666155537","0","1.9999999999999999e-11","0","defining-quantile-derivative","finite"
"GPA","defining-quantile","0","1","9.9999999999999995e-07","NaN","0.99999999999900002","NaN","InverseCDF","27.630661504134061","0","1.9999999999999999e-11","0","Hosking-quantile-expm1","finite"
"GPA","analytic-quantile-gradient","0","1","9.9999999999999995e-07","NaN","0.99999999999900002","NaN","Gradient1","1","0","1.9999999999999999e-11","0","defining-quantile-derivative","finite"
"GPA","analytic-quantile-gradient","0","1","9.9999999999999995e-07","NaN","0.99999999999900002","NaN","Gradient2","27.630661504134061","0","1.9999999999999999e-11","0","defining-quantile-derivative","finite"
"GPA","analytic-quantile-gradient","0","1","9.9999999999999995e-07","NaN","0.99999999999900002","NaN","Gradient3","-381.73024341392278","0","1.9999999999999999e-11","0","defining-quantile-derivative","finite"
"GPA","support","0","1","9.9999999999999995e-07","NaN","NaN","NaN","Minimum","0","0","1.9999999999999999e-11","0","mathematical-support","finite"
"GPA","support","0","1","9.9999999999999995e-07","NaN","NaN","NaN","Maximum","1000000","0","1.9999999999999999e-11","0","mathematical-support","finite"
"GPA","boundary-and-evaluation","0","1","9.9999999999999995e-07","0","NaN","NaN","LogPDF","-0","0","1.9999999999999999e-11","0","defining-density-and-one-sided-limits","finite"
"GPA","boundary-and-evaluation","0","1","9.9999999999999995e-07","0","NaN","NaN","LogCDF","-Inf","0","1.9999999999999999e-11","0","defining-density-and-one-sided-limits","infinite"
"GPA","boundary-and-evaluation","0","1","9.9999999999999995e-07","0","NaN","NaN","LogCCDF","-0","0","1.9999999999999999e-11","0","defining-density-and-one-sided-limits","finite"
"GPA","boundary-and-evaluation","0","1","9.9999999999999995e-07","1000000","NaN","NaN","LogPDF","-Inf","0","1.9999999999999999e-11","0","defining-density-and-one-sided-limits","infinite"
"GPA","boundary-and-evaluation","0","1","9.9999999999999995e-07","1000000","NaN","NaN","LogCDF","0","0","1.9999999999999999e-11","0","defining-density-and-one-sided-limits","finite"
"GPA","boundary-and-evaluation","0","1","9.9999999999999995e-07","1000000","NaN","NaN","LogCCDF","-Inf","0","1.9999999999999999e-11","0","defining-density-and-one-sided-limits","infinite"
"GPA","boundary-and-evaluation","0","1","9.9999999999999995e-07","0.10000000000000001","NaN","NaN","LogPDF","-0.099999904999995337","0","1.9999999999999999e-11","0","defining-density-and-one-sided-limits","finite"
"GPA","boundary-and-evaluation","0","1","9.9999999999999995e-07","0.10000000000000001","NaN","NaN","LogCDF","-2.352168413502429","0","1.9999999999999999e-11","0","defining-density-and-one-sided-limits","finite"
"GPA","boundary-and-evaluation","0","1","9.9999999999999995e-07","0.10000000000000001","NaN","NaN","LogCCDF","-0.10000000500000034","0","1.9999999999999999e-11","0","defining-density-and-one-sided-limits","finite"
"GPA","defining-quantile","0","1","0.20000000000000001","NaN","9.9999999999999998e-13","NaN","InverseCDF","1.000000000000401e-12","0","1.9999999999999999e-11","0","Hosking-quantile-expm1","finite"
"GPA","analytic-quantile-gradient","0","1","0.20000000000000001","NaN","9.9999999999999998e-13","NaN","Gradient1","1","0","1.9999999999999999e-11","0","defining-quantile-derivative","finite"
"GPA","analytic-quantile-gradient","0","1","0.20000000000000001","NaN","9.9999999999999998e-13","NaN","Gradient2","1.0000000000004e-12","0","1.9999999999999999e-11","0","defining-quantile-derivative","finite"
"GPA","analytic-quantile-gradient","0","1","0.20000000000000001","NaN","9.9999999999999998e-13","NaN","Gradient3","-5.0000000000043324e-25","0","1.9999999999999999e-11","0","defining-quantile-derivative","finite"
"GPA","defining-quantile","0","1","0.20000000000000001","NaN","0.01","NaN","InverseCDF","0.010040241692871","0","1.9999999999999999e-11","0","Hosking-quantile-expm1","finite"
"GPA","analytic-quantile-gradient","0","1","0.20000000000000001","NaN","0.01","NaN","Gradient1","1","0","1.9999999999999999e-11","0","defining-quantile-derivative","finite"
"GPA","analytic-quantile-gradient","0","1","0.20000000000000001","NaN","0.01","NaN","Gradient2","0.010040241692870997","0","1.9999999999999999e-11","0","defining-quantile-derivative","finite"
"GPA","analytic-quantile-gradient","0","1","0.20000000000000001","NaN","0.01","NaN","Gradient3","-5.0436997911460086e-05","0","1.9999999999999999e-11","0","defining-quantile-derivative","finite"
"GPA","defining-quantile","0","1","0.20000000000000001","NaN","0.5","NaN","InverseCDF","0.64724718351937927","0","1.9999999999999999e-11","0","Hosking-quantile-expm1","finite"
"GPA","analytic-quantile-gradient","0","1","0.20000000000000001","NaN","0.5","NaN","Gradient1","1","0","1.9999999999999999e-11","0","defining-quantile-derivative","finite"
"GPA","analytic-quantile-gradient","0","1","0.20000000000000001","NaN","0.5","NaN","Gradient2","0.64724718351937927","0","1.9999999999999999e-11","0","defining-quantile-derivative","finite"
"GPA","analytic-quantile-gradient","0","1","0.20000000000000001","NaN","0.5","NaN","Gradient3","-0.2191375751789931","0","1.9999999999999999e-11","0","defining-quantile-derivative","finite"
"GPA","defining-quantile","0","1","0.20000000000000001","NaN","0.98999999999999999","NaN","InverseCDF","3.0094641472325132","0","1.9999999999999999e-11","0","Hosking-quantile-expm1","finite"
"GPA","analytic-quantile-gradient","0","1","0.20000000000000001","NaN","0.98999999999999999","NaN","Gradient1","1","0","1.9999999999999999e-11","0","defining-quantile-derivative","finite"
"GPA","analytic-quantile-gradient","0","1","0.20000000000000001","NaN","0.98999999999999999","NaN","Gradient2","3.0094641472325132","0","1.9999999999999999e-11","0","defining-quantile-derivative","finite"
"GPA","analytic-quantile-gradient","0","1","0.20000000000000001","NaN","0.98999999999999999","NaN","Gradient3","-5.8805643728573562","0","1.9999999999999999e-11","0","defining-quantile-derivative","finite"
"GPA","defining-quantile","0","1","0.20000000000000001","NaN","0.99999999999900002","NaN","InverseCDF","4.9800947295412579","0","1.9999999999999999e-11","0","Hosking-quantile-expm1","finite"
"GPA","analytic-quantile-gradient","0","1","0.20000000000000001","NaN","0.99999999999900002","NaN","Gradient1","1","0","1.9999999999999999e-11","0","defining-quantile-derivative","finite"
"GPA","analytic-quantile-gradient","0","1","0.20000000000000001","NaN","0.99999999999900002","NaN","Gradient2","4.9800947295412579","0","1.9999999999999999e-11","0","defining-quantile-derivative","finite"
"GPA","analytic-quantile-gradient","0","1","0.20000000000000001","NaN","0.99999999999900002","NaN","Gradient3","-24.350470258998826","0","1.9999999999999999e-11","0","defining-quantile-derivative","finite"
"GPA","support","0","1","0.20000000000000001","NaN","NaN","NaN","Minimum","0","0","1.9999999999999999e-11","0","mathematical-support","finite"
"GPA","support","0","1","0.20000000000000001","NaN","NaN","NaN","Maximum","5","0","1.9999999999999999e-11","0","mathematical-support","finite"
"GPA","boundary-and-evaluation","0","1","0.20000000000000001","0","NaN","NaN","LogPDF","-0","0","1.9999999999999999e-11","0","defining-density-and-one-sided-limits","finite"
"GPA","boundary-and-evaluation","0","1","0.20000000000000001","0","NaN","NaN","LogCDF","-Inf","0","1.9999999999999999e-11","0","defining-density-and-one-sided-limits","infinite"
"GPA","boundary-and-evaluation","0","1","0.20000000000000001","0","NaN","NaN","LogCCDF","-0","0","1.9999999999999999e-11","0","defining-density-and-one-sided-limits","finite"
"GPA","boundary-and-evaluation","0","1","0.20000000000000001","5","NaN","NaN","LogPDF","-Inf","0","1.9999999999999999e-11","0","defining-density-and-one-sided-limits","infinite"
"GPA","boundary-and-evaluation","0","1","0.20000000000000001","5","NaN","NaN","LogCDF","0","0","1.9999999999999999e-11","0","defining-density-and-one-sided-limits","finite"
"GPA","boundary-and-evaluation","0","1","0.20000000000000001","5","NaN","NaN","LogCCDF","-Inf","0","1.9999999999999999e-11","0","defining-density-and-one-sided-limits","infinite"
"GPA","boundary-and-evaluation","0","1","0.20000000000000001","0.10000000000000001","NaN","NaN","LogPDF","-0.080810829270077808","0","1.9999999999999999e-11","0","defining-density-and-one-sided-limits","finite"
"GPA","boundary-and-evaluation","0","1","0.20000000000000001","0.10000000000000001","NaN","NaN","LogCDF","-2.3425823943338893","0","1.9999999999999999e-11","0","defining-density-and-one-sided-limits","finite"
"GPA","boundary-and-evaluation","0","1","0.20000000000000001","0.10000000000000001","NaN","NaN","LogCCDF","-0.10101353658759725","0","1.9999999999999999e-11","0","defining-density-and-one-sided-limits","finite"
"GPA","defining-quantile","0","1","0.5","NaN","9.9999999999999998e-13","NaN","InverseCDF","1.000000000000251e-12","0","1.9999999999999999e-11","0","Hosking-quantile-expm1","finite"
"GPA","analytic-quantile-gradient","0","1","0.5","NaN","9.9999999999999998e-13","NaN","Gradient1","1","0","1.9999999999999999e-11","0","defining-quantile-derivative","finite"
"GPA","analytic-quantile-gradient","0","1","0.5","NaN","9.9999999999999998e-13","NaN","Gradient2","1.00000000000025e-12","0","1.9999999999999999e-11","0","defining-quantile-derivative","finite"
"GPA","analytic-quantile-gradient","0","1","0.5","NaN","9.9999999999999998e-13","NaN","Gradient3","-5.0000000000033332e-25","0","1.9999999999999999e-11","0","defining-quantile-derivative","finite"
"GPA","defining-quantile","0","1","0.5","NaN","0.01","NaN","InverseCDF","0.010025125786760096","0","1.9999999999999999e-11","0","Hosking-quantile-expm1","finite"
"GPA","analytic-quantile-gradient","0","1","0.5","NaN","0.01","NaN","Gradient1","1","0","1.9999999999999999e-11","0","defining-quantile-derivative","finite"
"GPA","analytic-quantile-gradient","0","1","0.5","NaN","0.01","NaN","Gradient2","0.010025125786760092","0","1.9999999999999999e-11","0","defining-quantile-derivative","finite"
"GPA","analytic-quantile-gradient","0","1","0.5","NaN","0.01","NaN","Gradient3","-5.0335747647837288e-05","0","1.9999999999999999e-11","0","defining-quantile-derivative","finite"
"GPA","defining-quantile","0","1","0.5","NaN","0.5","NaN","InverseCDF","0.58578643762690497","0","1.9999999999999999e-11","0","Hosking-quantile-expm1","finite"
"GPA","analytic-quantile-gradient","0","1","0.5","NaN","0.5","NaN","Gradient1","1","0","1.9999999999999999e-11","0","defining-quantile-derivative","finite"
"GPA","analytic-quantile-gradient","0","1","0.5","NaN","0.5","NaN","Gradient2","0.58578643762690497","0","1.9999999999999999e-11","0","defining-quantile-derivative","finite"
"GPA","analytic-quantile-gradient","0","1","0.5","NaN","0.5","NaN","Gradient3","-0.19131473178526276","0","1.9999999999999999e-11","0","defining-quantile-derivative","finite"
"GPA","defining-quantile","0","1","0.5","NaN","0.98999999999999999","NaN","InverseCDF","1.8","0","1.9999999999999999e-11","0","Hosking-quantile-expm1","finite"
"GPA","analytic-quantile-gradient","0","1","0.5","NaN","0.98999999999999999","NaN","Gradient1","1","0","1.9999999999999999e-11","0","defining-quantile-derivative","finite"
"GPA","analytic-quantile-gradient","0","1","0.5","NaN","0.98999999999999999","NaN","Gradient2","1.8","0","1.9999999999999999e-11","0","defining-quantile-derivative","finite"
"GPA","analytic-quantile-gradient","0","1","0.5","NaN","0.98999999999999999","NaN","Gradient3","-2.6789659628023812","0","1.9999999999999999e-11","0","defining-quantile-derivative","finite"
"GPA","defining-quantile","0","1","0.5","NaN","0.99999999999900002","NaN","InverseCDF","1.9999980000221218","0","1.9999999999999999e-11","0","Hosking-quantile-expm1","finite"
"GPA","analytic-quantile-gradient","0","1","0.5","NaN","0.99999999999900002","NaN","Gradient1","1","0","1.9999999999999999e-11","0","defining-quantile-derivative","finite"
"GPA","analytic-quantile-gradient","0","1","0.5","NaN","0.99999999999900002","NaN","Gradient2","1.9999980000221218","0","1.9999999999999999e-11","0","defining-quantile-derivative","finite"
"GPA","analytic-quantile-gradient","0","1","0.5","NaN","0.99999999999900002","NaN","Gradient3","-3.999940738569014","0","1.9999999999999999e-11","0","defining-quantile-derivative","finite"
"GPA","support","0","1","0.5","NaN","NaN","NaN","Minimum","0","0","1.9999999999999999e-11","0","mathematical-support","finite"
"GPA","support","0","1","0.5","NaN","NaN","NaN","Maximum","2","0","1.9999999999999999e-11","0","mathematical-support","finite"
"GPA","boundary-and-evaluation","0","1","0.5","0","NaN","NaN","LogPDF","-0","0","1.9999999999999999e-11","0","defining-density-and-one-sided-limits","finite"
"GPA","boundary-and-evaluation","0","1","0.5","0","NaN","NaN","LogCDF","-Inf","0","1.9999999999999999e-11","0","defining-density-and-one-sided-limits","infinite"
"GPA","boundary-and-evaluation","0","1","0.5","0","NaN","NaN","LogCCDF","-0","0","1.9999999999999999e-11","0","defining-density-and-one-sided-limits","finite"
"GPA","boundary-and-evaluation","0","1","0.5","2","NaN","NaN","LogPDF","-Inf","0","1.9999999999999999e-11","0","defining-density-and-one-sided-limits","infinite"
"GPA","boundary-and-evaluation","0","1","0.5","2","NaN","NaN","LogCDF","0","0","1.9999999999999999e-11","0","defining-density-and-one-sided-limits","finite"
"GPA","boundary-and-evaluation","0","1","0.5","2","NaN","NaN","LogCCDF","-Inf","0","1.9999999999999999e-11","0","defining-density-and-one-sided-limits","infinite"
"GPA","boundary-and-evaluation","0","1","0.5","0.10000000000000001","NaN","NaN","LogPDF","-0.051293294387550536","0","1.9999999999999999e-11","0","defining-density-and-one-sided-limits","finite"
"GPA","boundary-and-evaluation","0","1","0.5","0.10000000000000001","NaN","NaN","LogCDF","-2.3279029009783354","0","1.9999999999999999e-11","0","defining-density-and-one-sided-limits","finite"
"GPA","boundary-and-evaluation","0","1","0.5","0.10000000000000001","NaN","NaN","LogCCDF","-0.10258658877510107","0","1.9999999999999999e-11","0","defining-density-and-one-sided-limits","finite"
"GPA","defining-quantile","0","1","1","NaN","9.9999999999999998e-13","NaN","InverseCDF","1.000000000000001e-12","0","1.9999999999999999e-11","0","Hosking-quantile-expm1","finite"
"GPA","analytic-quantile-gradient","0","1","1","NaN","9.9999999999999998e-13","NaN","Gradient1","1","0","1.9999999999999999e-11","0","defining-quantile-derivative","finite"
"GPA","analytic-quantile-gradient","0","1","1","NaN","9.9999999999999998e-13","NaN","Gradient2","9.9999999999999998e-13","0","1.9999999999999999e-11","0","defining-quantile-derivative","finite"
"GPA","analytic-quantile-gradient","0","1","1","NaN","9.9999999999999998e-13","NaN","Gradient3","-5.0000000000016664e-25","0","1.9999999999999999e-11","0","defining-quantile-derivative","finite"
"GPA","defining-quantile","0","1","1","NaN","0.01","NaN","InverseCDF","0.010000000000000005","0","1.9999999999999999e-11","0","Hosking-quantile-expm1","finite"
"GPA","analytic-quantile-gradient","0","1","1","NaN","0.01","NaN","Gradient1","1","0","1.9999999999999999e-11","0","defining-quantile-derivative","finite"
"GPA","analytic-quantile-gradient","0","1","1","NaN","0.01","NaN","Gradient2","0.010000000000000002","0","1.9999999999999999e-11","0","defining-quantile-derivative","finite"
"GPA","analytic-quantile-gradient","0","1","1","NaN","0.01","NaN","Gradient3","-5.0167505033574472e-05","0","1.9999999999999999e-11","0","defining-quantile-derivative","finite"
"GPA","defining-quantile","0","1","1","NaN","0.5","NaN","InverseCDF","0.5","0","1.9999999999999999e-11","0","Hosking-quantile-expm1","finite"
"GPA","analytic-quantile-gradient","0","1","1","NaN","0.5","NaN","Gradient1","1","0","1.9999999999999999e-11","0","defining-quantile-derivative","finite"
"GPA","analytic-quantile-gradient","0","1","1","NaN","0.5","NaN","Gradient2","0.5","0","1.9999999999999999e-11","0","defining-quantile-derivative","finite"
"GPA","analytic-quantile-gradient","0","1","1","NaN","0.5","NaN","Gradient3","-0.15342640972002733","0","1.9999999999999999e-11","0","defining-quantile-derivative","finite"
"GPA","defining-quantile","0","1","1","NaN","0.98999999999999999","NaN","InverseCDF","0.98999999999999999","0","1.9999999999999999e-11","0","Hosking-quantile-expm1","finite"
"GPA","analytic-quantile-gradient","0","1","1","NaN","0.98999999999999999","NaN","Gradient1","1","0","1.9999999999999999e-11","0","defining-quantile-derivative","finite"
"GPA","analytic-quantile-gradient","0","1","1","NaN","0.98999999999999999","NaN","Gradient2","0.98999999999999999","0","1.9999999999999999e-11","0","defining-quantile-derivative","finite"
"GPA","analytic-quantile-gradient","0","1","1","NaN","0.98999999999999999","NaN","Gradient3","-0.94394829814011916","0","1.9999999999999999e-11","0","defining-quantile-derivative","finite"
"GPA","defining-quantile","0","1","1","NaN","0.99999999999900002","NaN","InverseCDF","0.99999999999900002","0","1.9999999999999999e-11","0","Hosking-quantile-expm1","finite"
"GPA","analytic-quantile-gradient","0","1","1","NaN","0.99999999999900002","NaN","Gradient1","1","0","1.9999999999999999e-11","0","defining-quantile-derivative","finite"
"GPA","analytic-quantile-gradient","0","1","1","NaN","0.99999999999900002","NaN","Gradient2","0.99999999999900002","0","1.9999999999999999e-11","0","defining-quantile-derivative","finite"
"GPA","analytic-quantile-gradient","0","1","1","NaN","0.99999999999900002","NaN","Gradient3","-0.99999999997136968","0","1.9999999999999999e-11","0","defining-quantile-derivative","finite"
"GPA","support","0","1","1","NaN","NaN","NaN","Minimum","0","0","1.9999999999999999e-11","0","mathematical-support","finite"
"GPA","support","0","1","1","NaN","NaN","NaN","Maximum","1","0","1.9999999999999999e-11","0","mathematical-support","finite"
"GPA","boundary-and-evaluation","0","1","1","0","NaN","NaN","LogPDF","-0","0","1.9999999999999999e-11","0","defining-density-and-one-sided-limits","finite"
"GPA","boundary-and-evaluation","0","1","1","0","NaN","NaN","LogCDF","-Inf","0","1.9999999999999999e-11","0","defining-density-and-one-sided-limits","infinite"
"GPA","boundary-and-evaluation","0","1","1","0","NaN","NaN","LogCCDF","-0","0","1.9999999999999999e-11","0","defining-density-and-one-sided-limits","finite"
"GPA","boundary-and-evaluation","0","1","1","1","NaN","NaN","LogPDF","0","0","1.9999999999999999e-11","0","defining-density-and-one-sided-limits","finite"
"GPA","boundary-and-evaluation","0","1","1","1","NaN","NaN","LogCDF","0","0","1.9999999999999999e-11","0","defining-density-and-one-sided-limits","finite"
"GPA","boundary-and-evaluation","0","1","1","1","NaN","NaN","LogCCDF","-Inf","0","1.9999999999999999e-11","0","defining-density-and-one-sided-limits","infinite"
"GPA","boundary-and-evaluation","0","1","1","0.10000000000000001","NaN","NaN","LogPDF","-0","0","1.9999999999999999e-11","0","defining-density-and-one-sided-limits","finite"
"GPA","boundary-and-evaluation","0","1","1","0.10000000000000001","NaN","NaN","LogCDF","-2.3025850929940455","0","1.9999999999999999e-11","0","defining-density-and-one-sided-limits","finite"
"GPA","boundary-and-evaluation","0","1","1","0.10000000000000001","NaN","NaN","LogCCDF","-0.10536051565782631","0","1.9999999999999999e-11","0","defining-density-and-one-sided-limits","finite"
"GPA","defining-quantile","0","1","2","NaN","9.9999999999999998e-13","NaN","InverseCDF","9.9999999999950097e-13","0","1.9999999999999999e-11","0","Hosking-quantile-expm1","finite"
"GPA","analytic-quantile-gradient","0","1","2","NaN","9.9999999999999998e-13","NaN","Gradient1","1","0","1.9999999999999999e-11","0","defining-quantile-derivative","finite"
"GPA","analytic-quantile-gradient","0","1","2","NaN","9.9999999999999998e-13","NaN","Gradient2","9.9999999999949996e-13","0","1.9999999999999999e-11","0","defining-quantile-derivative","finite"
"GPA","analytic-quantile-gradient","0","1","2","NaN","9.9999999999999998e-13","NaN","Gradient3","-4.9999999999983337e-25","0","1.9999999999999999e-11","0","defining-quantile-derivative","finite"
"GPA","defining-quantile","0","1","2","NaN","0.01","NaN","InverseCDF","0.0099500000000000057","0","1.9999999999999999e-11","0","Hosking-quantile-expm1","finite"
"GPA","analytic-quantile-gradient","0","1","2","NaN","0.01","NaN","Gradient1","1","0","1.9999999999999999e-11","0","defining-quantile-derivative","finite"
"GPA","analytic-quantile-gradient","0","1","2","NaN","0.01","NaN","Gradient2","0.0099500000000000022","0","1.9999999999999999e-11","0","defining-quantile-derivative","finite"
"GPA","analytic-quantile-gradient","0","1","2","NaN","0.01","NaN","Gradient3","-4.983291499161954e-05","0","1.9999999999999999e-11","0","defining-quantile-derivative","finite"
"GPA","defining-quantile","0","1","2","NaN","0.5","NaN","InverseCDF","0.375","0","1.9999999999999999e-11","0","Hosking-quantile-expm1","finite"
"GPA","analytic-quantile-gradient","0","1","2","NaN","0.5","NaN","Gradient1","1","0","1.9999999999999999e-11","0","defining-quantile-derivative","finite"
"GPA","analytic-quantile-gradient","0","1","2","NaN","0.5","NaN","Gradient2","0.375","0","1.9999999999999999e-11","0","defining-quantile-derivative","finite"
"GPA","analytic-quantile-gradient","0","1","2","NaN","0.5","NaN","Gradient3","-0.10085660243000685","0","1.9999999999999999e-11","0","defining-quantile-derivative","finite"
"GPA","defining-quantile","0","1","2","NaN","0.98999999999999999","NaN","InverseCDF","0.49995000000000001","0","1.9999999999999999e-11","0","Hosking-quantile-expm1","finite"
"GPA","analytic-quantile-gradient","0","1","2","NaN","0.98999999999999999","NaN","Gradient1","1","0","1.9999999999999999e-11","0","defining-quantile-derivative","finite"
"GPA","analytic-quantile-gradient","0","1","2","NaN","0.98999999999999999","NaN","Gradient2","0.49995000000000001","0","1.9999999999999999e-11","0","defining-quantile-derivative","finite"
"GPA","analytic-quantile-gradient","0","1","2","NaN","0.98999999999999999","NaN","Gradient3","-0.24974474149070053","0","1.9999999999999999e-11","0","defining-quantile-derivative","finite"
"GPA","defining-quantile","0","1","2","NaN","0.99999999999900002","NaN","InverseCDF","0.49999999999999994","0","1.9999999999999999e-11","0","Hosking-quantile-expm1","finite"
"GPA","analytic-quantile-gradient","0","1","2","NaN","0.99999999999900002","NaN","Gradient1","1","0","1.9999999999999999e-11","0","defining-quantile-derivative","finite"
"GPA","analytic-quantile-gradient","0","1","2","NaN","0.99999999999900002","NaN","Gradient2","0.49999999999999994","0","1.9999999999999999e-11","0","defining-quantile-derivative","finite"
"GPA","analytic-quantile-gradient","0","1","2","NaN","0.99999999999900002","NaN","Gradient3","-0.24999999999999956","0","1.9999999999999999e-11","0","defining-quantile-derivative","finite"
"GPA","support","0","1","2","NaN","NaN","NaN","Minimum","0","0","1.9999999999999999e-11","0","mathematical-support","finite"
"GPA","support","0","1","2","NaN","NaN","NaN","Maximum","0.5","0","1.9999999999999999e-11","0","mathematical-support","finite"
"GPA","boundary-and-evaluation","0","1","2","0","NaN","NaN","LogPDF","0","0","1.9999999999999999e-11","0","defining-density-and-one-sided-limits","finite"
"GPA","boundary-and-evaluation","0","1","2","0","NaN","NaN","LogCDF","-Inf","0","1.9999999999999999e-11","0","defining-density-and-one-sided-limits","infinite"
"GPA","boundary-and-evaluation","0","1","2","0","NaN","NaN","LogCCDF","-0","0","1.9999999999999999e-11","0","defining-density-and-one-sided-limits","finite"
"GPA","boundary-and-evaluation","0","1","2","0.5","NaN","NaN","LogPDF","Inf","0","1.9999999999999999e-11","0","defining-density-and-one-sided-limits","infinite"
"GPA","boundary-and-evaluation","0","1","2","0.5","NaN","NaN","LogCDF","0","0","1.9999999999999999e-11","0","defining-density-and-one-sided-limits","finite"
"GPA","boundary-and-evaluation","0","1","2","0.5","NaN","NaN","LogCCDF","-Inf","0","1.9999999999999999e-11","0","defining-density-and-one-sided-limits","infinite"
"GPA","boundary-and-evaluation","0","1","2","0.10000000000000001","NaN","NaN","LogPDF","0.11157177565710488","0","1.9999999999999999e-11","0","defining-density-and-one-sided-limits","finite"
"GPA","boundary-and-evaluation","0","1","2","0.10000000000000001","NaN","NaN","LogCDF","-2.2483544313958608","0","1.9999999999999999e-11","0","defining-density-and-one-sided-limits","finite"
"GPA","boundary-and-evaluation","0","1","2","0.10000000000000001","NaN","NaN","LogCCDF","-0.11157177565710488","0","1.9999999999999999e-11","0","defining-density-and-one-sided-limits","finite"
"Gumbel","defining-quantile","0","1","0","NaN","9.9999999999999998e-13","NaN","InverseCDF","-3.3189390950359559","0","1.9999999999999999e-11","0","Hosking-quantile-expm1","finite"
"Gumbel","analytic-quantile-gradient","0","1","0","NaN","9.9999999999999998e-13","NaN","Gradient1","1","0","1.9999999999999999e-11","0","defining-quantile-derivative","finite"
"Gumbel","analytic-quantile-gradient","0","1","0","NaN","9.9999999999999998e-13","NaN","Gradient2","-3.3189390950359559","0","1.9999999999999999e-11","0","defining-quantile-derivative","finite"
"Gumbel","defining-quantile","0","1","0","NaN","0.01","NaN","InverseCDF","-1.5271796258079011","0","1.9999999999999999e-11","0","Hosking-quantile-expm1","finite"
"Gumbel","analytic-quantile-gradient","0","1","0","NaN","0.01","NaN","Gradient1","1","0","1.9999999999999999e-11","0","defining-quantile-derivative","finite"
"Gumbel","analytic-quantile-gradient","0","1","0","NaN","0.01","NaN","Gradient2","-1.5271796258079011","0","1.9999999999999999e-11","0","defining-quantile-derivative","finite"
"Gumbel","defining-quantile","0","1","0","NaN","0.5","NaN","InverseCDF","0.36651292058166435","0","1.9999999999999999e-11","0","Hosking-quantile-expm1","finite"
"Gumbel","analytic-quantile-gradient","0","1","0","NaN","0.5","NaN","Gradient1","1","0","1.9999999999999999e-11","0","defining-quantile-derivative","finite"
"Gumbel","analytic-quantile-gradient","0","1","0","NaN","0.5","NaN","Gradient2","0.36651292058166435","0","1.9999999999999999e-11","0","defining-quantile-derivative","finite"
"Gumbel","defining-quantile","0","1","0","NaN","0.98999999999999999","NaN","InverseCDF","4.6001492267765789","0","1.9999999999999999e-11","0","Hosking-quantile-expm1","finite"
"Gumbel","analytic-quantile-gradient","0","1","0","NaN","0.98999999999999999","NaN","Gradient1","1","0","1.9999999999999999e-11","0","defining-quantile-derivative","finite"
"Gumbel","analytic-quantile-gradient","0","1","0","NaN","0.98999999999999999","NaN","Gradient2","4.6001492267765789","0","1.9999999999999999e-11","0","defining-quantile-derivative","finite"
"Gumbel","defining-quantile","0","1","0","NaN","0.99999999999900002","NaN","InverseCDF","27.631043237892857","0","1.9999999999999999e-11","0","Hosking-quantile-expm1","finite"
"Gumbel","analytic-quantile-gradient","0","1","0","NaN","0.99999999999900002","NaN","Gradient1","1","0","1.9999999999999999e-11","0","defining-quantile-derivative","finite"
"Gumbel","analytic-quantile-gradient","0","1","0","NaN","0.99999999999900002","NaN","Gradient2","27.631043237892857","0","1.9999999999999999e-11","0","defining-quantile-derivative","finite"
"Gumbel","support","0","1","0","NaN","NaN","NaN","Minimum","-Inf","0","1.9999999999999999e-11","0","mathematical-support","infinite"
"Gumbel","support","0","1","0","NaN","NaN","NaN","Maximum","Inf","0","1.9999999999999999e-11","0","mathematical-support","infinite"
"Gumbel","boundary-and-evaluation","0","1","0","-Inf","NaN","NaN","LogPDF","-Inf","0","1.9999999999999999e-11","0","defining-density-and-one-sided-limits","infinite"
"Gumbel","boundary-and-evaluation","0","1","0","-Inf","NaN","NaN","LogCDF","-Inf","0","1.9999999999999999e-11","0","defining-density-and-one-sided-limits","infinite"
"Gumbel","boundary-and-evaluation","0","1","0","-Inf","NaN","NaN","LogCCDF","0","0","1.9999999999999999e-11","0","defining-density-and-one-sided-limits","finite"
"Gumbel","boundary-and-evaluation","0","1","0","Inf","NaN","NaN","LogPDF","-Inf","0","1.9999999999999999e-11","0","defining-density-and-one-sided-limits","infinite"
"Gumbel","boundary-and-evaluation","0","1","0","Inf","NaN","NaN","LogCDF","-0","0","1.9999999999999999e-11","0","defining-density-and-one-sided-limits","finite"
"Gumbel","boundary-and-evaluation","0","1","0","Inf","NaN","NaN","LogCCDF","-Inf","0","1.9999999999999999e-11","0","defining-density-and-one-sided-limits","infinite"
"Gumbel","boundary-and-evaluation","0","1","0","-10","NaN","NaN","LogPDF","-22016.465794806718","0","1.9999999999999999e-11","0","defining-density-and-one-sided-limits","finite"
"Gumbel","boundary-and-evaluation","0","1","0","-10","NaN","NaN","LogCDF","-22026.465794806718","0","1.9999999999999999e-11","0","defining-density-and-one-sided-limits","finite"
"Gumbel","boundary-and-evaluation","0","1","0","-10","NaN","NaN","LogCCDF","-0","0","1.9999999999999999e-11","0","defining-density-and-one-sided-limits","finite"
"Gumbel","boundary-and-evaluation","0","1","0","0","NaN","NaN","LogPDF","-1","0","1.9999999999999999e-11","0","defining-density-and-one-sided-limits","finite"
"Gumbel","boundary-and-evaluation","0","1","0","0","NaN","NaN","LogCDF","-1","0","1.9999999999999999e-11","0","defining-density-and-one-sided-limits","finite"
"Gumbel","boundary-and-evaluation","0","1","0","0","NaN","NaN","LogCCDF","-0.45867514538708193","0","1.9999999999999999e-11","0","defining-density-and-one-sided-limits","finite"
"Gumbel","boundary-and-evaluation","0","1","0","10","NaN","NaN","LogPDF","-10.000045399929762","0","1.9999999999999999e-11","0","defining-density-and-one-sided-limits","finite"
"Gumbel","boundary-and-evaluation","0","1","0","10","NaN","NaN","LogCDF","-4.5399929762484854e-05","0","1.9999999999999999e-11","0","defining-density-and-one-sided-limits","finite"
"Gumbel","boundary-and-evaluation","0","1","0","10","NaN","NaN","LogCCDF","-10.000022699879","0","1.9999999999999999e-11","0","defining-density-and-one-sided-limits","finite"
"Exponential","subnormal-scale-log-density","0","9.9998886718268301e-321","0","9.9998886718268301e-321","NaN","NaN","LogPDF","735.82724089097394","1.9999999999999999e-11","1.9999999999999999e-11","0","unit-exponential-density-plus-log-scale","finite"
"Weibull","subnormal-scale-log-density","0","9.9998886718268301e-321","1","9.9998886718268301e-321","NaN","NaN","LogPDF","735.82724089097394","1.9999999999999999e-11","1.9999999999999999e-11","0","unit-exponential-density-plus-log-scale","finite"
"GEV","overflowing-tail-transform","0","9.9999999999999998e-201","-20","9.9999999999999997e+199","NaN","NaN","LogPDF","-509.7142393459219","0","1.9999999999999999e-11","0","R-defining-log-Hosking-physical-coordinates","finite"
"GEV","overflowing-tail-transform","0","9.9999999999999998e-201","-20","9.9999999999999997e+199","NaN","NaN","LogCDF","-8.6089165933172952e-21","0","1.9999999999999999e-11","0","R-defining-log-Hosking-physical-coordinates","finite"
"GEV","overflowing-tail-transform","0","9.9999999999999998e-201","-20","9.9999999999999997e+199","NaN","NaN","LogCCDF","-46.201488473558619","0","1.9999999999999999e-11","0","R-defining-log-Hosking-physical-coordinates","finite"
"GEV","overflowing-tail-transform","0","1","-20","1e+308","NaN","NaN","LogPDF","-747.80153796150603","0","1.9999999999999999e-11","0","R-defining-log-Hosking-physical-coordinates","finite"
"GEV","overflowing-tail-transform","0","1","-20","1e+308","NaN","NaN","LogCDF","-3.4272714264966212e-16","0","1.9999999999999999e-11","0","R-defining-log-Hosking-physical-coordinates","finite"
"GEV","overflowing-tail-transform","0","1","-20","1e+308","NaN","NaN","LogCCDF","-35.609597045786003","0","1.9999999999999999e-11","0","R-defining-log-Hosking-physical-coordinates","finite"
"GEV","overflowing-tail-transform","-1e+308","9.9999999999999998e-201","-20","1e+308","NaN","NaN","LogPDF","-771.55519343103435","0","1.9999999999999999e-11","0","R-defining-log-Hosking-physical-coordinates","finite"
"GEV","overflowing-tail-transform","-1e+308","9.9999999999999998e-201","-20","1e+308","NaN","NaN","LogCDF","-3.3105259799391796e-26","0","1.9999999999999999e-11","0","R-defining-log-Hosking-physical-coordinates","finite"
"GEV","overflowing-tail-transform","-1e+308","9.9999999999999998e-201","-20","1e+308","NaN","NaN","LogCCDF","-58.670105334754453","0","1.9999999999999999e-11","0","R-defining-log-Hosking-physical-coordinates","finite"
"GEV","overflowing-tail-transform","0","9.9999999999999998e-201","-9.9999999999999998e-201","9.9999999999999997e+199","NaN","NaN","LogPDF","-4.6051701859880918e+202","0","1.9999999999999999e-11","0","R-defining-log-Hosking-physical-coordinates","finite"
"GEV","overflowing-tail-transform","0","9.9999999999999998e-201","-9.9999999999999998e-201","9.9999999999999997e+199","NaN","NaN","LogCDF","-0","0","1.9999999999999999e-11","0","R-defining-log-Hosking-physical-coordinates","finite"
"GEV","overflowing-tail-transform","0","9.9999999999999998e-201","-9.9999999999999998e-201","9.9999999999999997e+199","NaN","NaN","LogCCDF","-4.6051701859880918e+202","0","1.9999999999999999e-11","0","R-defining-log-Hosking-physical-coordinates","finite"
"GEV","overflowing-tail-transform","0","9.9999999999999998e-201","0","9.9999999999999997e+199","NaN","NaN","LogPDF","-Inf","0","1.9999999999999999e-11","0","R-defining-log-Hosking-physical-coordinates","infinite"
"GEV","overflowing-tail-transform","0","9.9999999999999998e-201","0","9.9999999999999997e+199","NaN","NaN","LogCDF","-0","0","1.9999999999999999e-11","0","R-defining-log-Hosking-physical-coordinates","finite"
"GEV","overflowing-tail-transform","0","9.9999999999999998e-201","0","9.9999999999999997e+199","NaN","NaN","LogCCDF","-Inf","0","1.9999999999999999e-11","0","R-defining-log-Hosking-physical-coordinates","infinite"
"GEV","overflowing-tail-transform","0","9.9999999999999998e-201","20","-9.9999999999999997e+199","NaN","NaN","LogPDF","-1.1615863496415494e+20","0","1.9999999999999999e-11","0","R-defining-log-Hosking-physical-coordinates","finite"
"GEV","overflowing-tail-transform","0","9.9999999999999998e-201","20","-9.9999999999999997e+199","NaN","NaN","LogCDF","-1.1615863496415494e+20","0","1.9999999999999999e-11","0","R-defining-log-Hosking-physical-coordinates","finite"
"GEV","overflowing-tail-transform","0","9.9999999999999998e-201","20","-9.9999999999999997e+199","NaN","NaN","LogCCDF","-0","0","1.9999999999999999e-11","0","R-defining-log-Hosking-physical-coordinates","finite"
"GEV","overflowing-tail-transform","1e+308","9.9999999999999998e-201","20","-1e+308","NaN","NaN","LogPDF","-3.0206680329944784e+25","0","1.9999999999999999e-11","0","R-defining-log-Hosking-physical-coordinates","finite"
"GEV","overflowing-tail-transform","1e+308","9.9999999999999998e-201","20","-1e+308","NaN","NaN","LogCDF","-3.0206680329944784e+25","0","1.9999999999999999e-11","0","R-defining-log-Hosking-physical-coordinates","finite"
"GEV","overflowing-tail-transform","1e+308","9.9999999999999998e-201","20","-1e+308","NaN","NaN","LogCCDF","-0","0","1.9999999999999999e-11","0","R-defining-log-Hosking-physical-coordinates","finite"
"GPA","overflowing-tail-transform","0","9.9999999999999998e-201","-20","9.9999999999999997e+199","NaN","NaN","LogPDF","-509.7142393459219","0","1.9999999999999999e-11","0","R-defining-log-Hosking-physical-coordinates","finite"
"GPA","overflowing-tail-transform","0","9.9999999999999998e-201","-20","9.9999999999999997e+199","NaN","NaN","LogCDF","-8.6089165933172952e-21","0","1.9999999999999999e-11","0","R-defining-log-Hosking-physical-coordinates","finite"
"GPA","overflowing-tail-transform","0","9.9999999999999998e-201","-20","9.9999999999999997e+199","NaN","NaN","LogCCDF","-46.201488473558619","0","1.9999999999999999e-11","0","R-defining-log-Hosking-physical-coordinates","finite"
"GPA","overflowing-tail-transform","0","1","-20","1e+308","NaN","NaN","LogPDF","-747.80153796150603","0","1.9999999999999999e-11","0","R-defining-log-Hosking-physical-coordinates","finite"
"GPA","overflowing-tail-transform","0","1","-20","1e+308","NaN","NaN","LogCDF","-3.4272714264966217e-16","0","1.9999999999999999e-11","0","R-defining-log-Hosking-physical-coordinates","finite"
"GPA","overflowing-tail-transform","0","1","-20","1e+308","NaN","NaN","LogCCDF","-35.609597045786003","0","1.9999999999999999e-11","0","R-defining-log-Hosking-physical-coordinates","finite"
"GPA","overflowing-tail-transform","-1e+308","9.9999999999999998e-201","-20","1e+308","NaN","NaN","LogPDF","-771.55519343103435","0","1.9999999999999999e-11","0","R-defining-log-Hosking-physical-coordinates","finite"
"GPA","overflowing-tail-transform","-1e+308","9.9999999999999998e-201","-20","1e+308","NaN","NaN","LogCDF","-3.3105259799391796e-26","0","1.9999999999999999e-11","0","R-defining-log-Hosking-physical-coordinates","finite"
"GPA","overflowing-tail-transform","-1e+308","9.9999999999999998e-201","-20","1e+308","NaN","NaN","LogCCDF","-58.670105334754453","0","1.9999999999999999e-11","0","R-defining-log-Hosking-physical-coordinates","finite"
"GPA","overflowing-tail-transform","0","9.9999999999999998e-201","-9.9999999999999998e-201","9.9999999999999997e+199","NaN","NaN","LogPDF","-4.6051701859880918e+202","0","1.9999999999999999e-11","0","R-defining-log-Hosking-physical-coordinates","finite"
"GPA","overflowing-tail-transform","0","9.9999999999999998e-201","-9.9999999999999998e-201","9.9999999999999997e+199","NaN","NaN","LogCDF","-0","0","1.9999999999999999e-11","0","R-defining-log-Hosking-physical-coordinates","finite"
"GPA","overflowing-tail-transform","0","9.9999999999999998e-201","-9.9999999999999998e-201","9.9999999999999997e+199","NaN","NaN","LogCCDF","-4.6051701859880918e+202","0","1.9999999999999999e-11","0","R-defining-log-Hosking-physical-coordinates","finite"
"GPA","overflowing-tail-transform","0","9.9999999999999998e-201","0","9.9999999999999997e+199","NaN","NaN","LogPDF","-Inf","0","1.9999999999999999e-11","0","R-defining-log-Hosking-physical-coordinates","infinite"
"GPA","overflowing-tail-transform","0","9.9999999999999998e-201","0","9.9999999999999997e+199","NaN","NaN","LogCDF","-0","0","1.9999999999999999e-11","0","R-defining-log-Hosking-physical-coordinates","finite"
"GPA","overflowing-tail-transform","0","9.9999999999999998e-201","0","9.9999999999999997e+199","NaN","NaN","LogCCDF","-Inf","0","1.9999999999999999e-11","0","R-defining-log-Hosking-physical-coordinates","infinite"
"Weibull","MLE-mismatched-range-variance","0","1e+100","1e+100","NaN","0.5","100","QuantileVariance","0.013787326478714588","0","1.9999999999999999e-11","0","R-analytical-Weibull-variance-retained-coefficients","finite"
"Gamma","MLE-large-shape-Fisher-residual","0","1","10000000000000000","NaN","NaN","100","Covariance11","0.019999999999999993","0","2.0000000000000001e-10","0","R-integrate-scaled-Fisher-residual-kernel","finite"
"Gamma","MLE-large-shape-Fisher-residual","0","1","10000000000000000","NaN","NaN","100","Covariance12","-200000000000000.62","0","2.0000000000000001e-10","0","R-integrate-scaled-Fisher-residual-kernel","finite"
"Gamma","MLE-large-shape-Fisher-residual","0","1","10000000000000000","NaN","NaN","100","Covariance22","2.0000000000000273e+30","0","2.0000000000000001e-10","0","R-integrate-scaled-Fisher-residual-kernel","finite"
"Gamma","MLE-large-shape-Fisher-residual","0","0.99999999999999998e+150","10000000000000000","NaN","NaN","100","Covariance11","1.999999999999881e+298","0","2.0000000000000001e-10","0","R-integrate-scaled-Fisher-residual-kernel","finite"
"Gamma","MLE-large-shape-Fisher-residual","0","0.99999999999999998e+150","10000000000000000","NaN","NaN","100","Covariance12","-2.0000000000000537e+164","0","2.0000000000000001e-10","0","R-integrate-scaled-Fisher-residual-kernel","finite"
"Gamma","MLE-large-shape-Fisher-residual","0","0.99999999999999998e+150","10000000000000000","NaN","NaN","100","Covariance22","2.0000000000000273e+30","0","2.0000000000000001e-10","0","R-integrate-scaled-Fisher-residual-kernel","finite"
"Gamma","MLE-large-shape-Fisher-residual","0","1e-150","10000000000000000","NaN","NaN","100","Covariance11","1.9999999999999756e-302","0","2.0000000000000001e-10","0","R-integrate-scaled-Fisher-residual-kernel","finite"
"Gamma","MLE-large-shape-Fisher-residual","0","1e-150","10000000000000000","NaN","NaN","100","Covariance12","-2.0000000000001008e-136","0","2.0000000000000001e-10","0","R-integrate-scaled-Fisher-residual-kernel","finite"
"Gamma","MLE-large-shape-Fisher-residual","0","1e-150","10000000000000000","NaN","NaN","100","Covariance22","2.0000000000000273e+30","0","2.0000000000000001e-10","0","R-integrate-scaled-Fisher-residual-kernel","finite"
"Gamma","MLE-large-shape-Fisher-residual","0","1","1e+155","NaN","NaN","2000000000","Covariance11","9.9999999999999717e-10","0","2.0000000000000001e-10","0","R-integrate-scaled-Fisher-residual-kernel","finite"
"Gamma","MLE-large-shape-Fisher-residual","0","1","1e+155","NaN","NaN","2000000000","Covariance12","-1.0000000000000263e+146","0","2.0000000000000001e-10","0","R-integrate-scaled-Fisher-residual-kernel","finite"
"Gamma","MLE-large-shape-Fisher-residual","0","1","1e+155","NaN","NaN","2000000000","Covariance22","9.9999999999996674e+300","0","2.0000000000000001e-10","0","R-integrate-scaled-Fisher-residual-kernel","finite"
"Gamma","MLE-large-shape-median-variance","0","1","10000000000000000","NaN","0.5","100","QuantileVariance","100000000000000","0","2.0000000000000001e-10","0","R-defining-concentrated-Gamma-median-variance-limit","finite"
"Gamma","MoM-large-shape-median-variance","0","1","10000000000000000","NaN","0.5","100","QuantileVariance","100000000000000","0","2.0000000000000001e-10","0","R-defining-concentrated-Gamma-median-variance-limit","finite"
"Weibull","scale-rescued-median","0","9.9999999999999997e+199","0.00040000000000000002","NaN","0.5","NaN","Median","1.157850834101045e-198","0","1.9999999999999999e-11","0","R-defining-log-Weibull-median","finite"
"GPA","large-positive-shape-scaled-higher-moments","0","1","9.9999999999999997e+199","NaN","NaN","NaN","Skewness","-9.4280904158206342e+99","0","1.9999999999999999e-11","0","R-Hosking-rational-moments-in-reciprocal-shape","finite"
"GPA","large-positive-shape-scaled-higher-moments","0","1","9.9999999999999997e+199","NaN","NaN","NaN","Kurtosis","9.9999999999999997e+199","0","1.9999999999999999e-11","0","R-Hosking-rational-moments-in-reciprocal-shape","finite"
"GPA","large-positive-shape-scaled-higher-moments","0","1","1e+308","NaN","NaN","NaN","Skewness","-9.4280904158206346e+153","0","1.9999999999999999e-11","0","R-Hosking-rational-moments-in-reciprocal-shape","finite"
"GPA","large-positive-shape-scaled-higher-moments","0","1","1e+308","NaN","NaN","NaN","Kurtosis","1e+308","0","1.9999999999999999e-11","0","R-Hosking-rational-moments-in-reciprocal-shape","finite"
"GEV","nonzero-small-shape-support","0","1","-9.9999999999999998e-13","NaN","NaN","NaN","Minimum","-1000000000000","0","1.9999999999999999e-11","0","exact-nonzero-shape-support","finite"
"GEV","nonzero-small-shape-support","0","1","-9.9999999999999998e-13","NaN","NaN","NaN","Maximum","Inf","0","1.9999999999999999e-11","0","exact-nonzero-shape-support","infinite"
"GEV","nonzero-small-shape-quantile","0","1","-9.9999999999999998e-13","NaN","0.01","NaN","InverseCDF","-1.5271796258067349","0","1.9999999999999999e-11","0","Hosking-quantile-expm1","finite"
"GEV","nonzero-small-shape-gradient","0","1","-9.9999999999999998e-13","NaN","0.01","NaN","Gradient1","1","0","1.9999999999999999e-11","0","defining-quantile-derivative","finite"
"GEV","nonzero-small-shape-gradient","0","1","-9.9999999999999998e-13","NaN","0.01","NaN","Gradient2","-1.5271796258067349","0","1.9999999999999999e-11","0","defining-quantile-derivative","finite"
"GEV","nonzero-small-shape-gradient","0","1","-9.9999999999999998e-13","NaN","0.01","NaN","Gradient3","-1.1661388047401933","0","1.9999999999999999e-11","0","defining-quantile-derivative","finite"
"GEV","nonzero-small-shape-quantile","0","1","-9.9999999999999998e-13","NaN","0.5","NaN","InverseCDF","0.36651292058173146","0","1.9999999999999999e-11","0","Hosking-quantile-expm1","finite"
"GEV","nonzero-small-shape-gradient","0","1","-9.9999999999999998e-13","NaN","0.5","NaN","Gradient1","1","0","1.9999999999999999e-11","0","defining-quantile-derivative","finite"
"GEV","nonzero-small-shape-gradient","0","1","-9.9999999999999998e-13","NaN","0.5","NaN","Gradient2","0.36651292058173146","0","1.9999999999999999e-11","0","defining-quantile-derivative","finite"
"GEV","nonzero-small-shape-gradient","0","1","-9.9999999999999998e-13","NaN","0.5","NaN","Gradient3","-0.067165860476667102","0","1.9999999999999999e-11","0","defining-quantile-derivative","finite"
"GEV","nonzero-small-shape-quantile","0","1","-9.9999999999999998e-13","NaN","0.98999999999999999","NaN","InverseCDF","4.6001492267871598","0","1.9999999999999999e-11","0","Hosking-quantile-expm1","finite"
"GEV","nonzero-small-shape-gradient","0","1","-9.9999999999999998e-13","NaN","0.98999999999999999","NaN","Gradient1","1","0","1.9999999999999999e-11","0","defining-quantile-derivative","finite"
"GEV","nonzero-small-shape-gradient","0","1","-9.9999999999999998e-13","NaN","0.98999999999999999","NaN","Gradient2","4.6001492267871598","0","1.9999999999999999e-11","0","defining-quantile-derivative","finite"
"GEV","nonzero-small-shape-gradient","0","1","-9.9999999999999998e-13","NaN","0.98999999999999999","NaN","Gradient3","-10.580686454339029","0","1.9999999999999999e-11","0","defining-quantile-derivative","finite"
"GEV","nonzero-small-shape-support","0","1","9.9999999999999998e-13","NaN","NaN","NaN","Minimum","-Inf","0","1.9999999999999999e-11","0","exact-nonzero-shape-support","infinite"
"GEV","nonzero-small-shape-support","0","1","9.9999999999999998e-13","NaN","NaN","NaN","Maximum","1000000000000","0","1.9999999999999999e-11","0","exact-nonzero-shape-support","finite"
"GEV","nonzero-small-shape-quantile","0","1","9.9999999999999998e-13","NaN","0.01","NaN","InverseCDF","-1.5271796258090673","0","1.9999999999999999e-11","0","Hosking-quantile-expm1","finite"
"GEV","nonzero-small-shape-gradient","0","1","9.9999999999999998e-13","NaN","0.01","NaN","Gradient1","1","0","1.9999999999999999e-11","0","defining-quantile-derivative","finite"
"GEV","nonzero-small-shape-gradient","0","1","9.9999999999999998e-13","NaN","0.01","NaN","Gradient2","-1.5271796258090673","0","1.9999999999999999e-11","0","defining-quantile-derivative","finite"
"GEV","nonzero-small-shape-gradient","0","1","9.9999999999999998e-13","NaN","0.01","NaN","Gradient3","-1.1661388047425678","0","1.9999999999999999e-11","0","defining-quantile-derivative","finite"
"GEV","nonzero-small-shape-quantile","0","1","9.9999999999999998e-13","NaN","0.5","NaN","InverseCDF","0.36651292058159718","0","1.9999999999999999e-11","0","Hosking-quantile-expm1","finite"
"GEV","nonzero-small-shape-gradient","0","1","9.9999999999999998e-13","NaN","0.5","NaN","Gradient1","1","0","1.9999999999999999e-11","0","defining-quantile-derivative","finite"
"GEV","nonzero-small-shape-gradient","0","1","9.9999999999999998e-13","NaN","0.5","NaN","Gradient2","0.36651292058159718","0","1.9999999999999999e-11","0","defining-quantile-derivative","finite"
"GEV","nonzero-small-shape-gradient","0","1","9.9999999999999998e-13","NaN","0.5","NaN","Gradient3","-0.067165860476634281","0","1.9999999999999999e-11","0","defining-quantile-derivative","finite"
"GEV","nonzero-small-shape-quantile","0","1","9.9999999999999998e-13","NaN","0.98999999999999999","NaN","InverseCDF","4.600149226765998","0","1.9999999999999999e-11","0","Hosking-quantile-expm1","finite"
"GEV","nonzero-small-shape-gradient","0","1","9.9999999999999998e-13","NaN","0.98999999999999999","NaN","Gradient1","1","0","1.9999999999999999e-11","0","defining-quantile-derivative","finite"
"GEV","nonzero-small-shape-gradient","0","1","9.9999999999999998e-13","NaN","0.98999999999999999","NaN","Gradient2","4.600149226765998","0","1.9999999999999999e-11","0","defining-quantile-derivative","finite"
"GEV","nonzero-small-shape-gradient","0","1","9.9999999999999998e-13","NaN","0.98999999999999999","NaN","Gradient3","-10.580686454274129","0","1.9999999999999999e-11","0","defining-quantile-derivative","finite"
"GEV","nonzero-small-shape-support","0","1","-1e-08","NaN","NaN","NaN","Minimum","-100000000","0","1.9999999999999999e-11","0","exact-nonzero-shape-support","finite"
"GEV","nonzero-small-shape-support","0","1","-1e-08","NaN","NaN","NaN","Maximum","Inf","0","1.9999999999999999e-11","0","exact-nonzero-shape-support","infinite"
"GEV","nonzero-small-shape-quantile","0","1","-1e-08","NaN","0.01","NaN","InverseCDF","-1.527179614146513","0","1.9999999999999999e-11","0","Hosking-quantile-expm1","finite"
"GEV","nonzero-small-shape-gradient","0","1","-1e-08","NaN","0.01","NaN","Gradient1","1","0","1.9999999999999999e-11","0","defining-quantile-derivative","finite"
"GEV","nonzero-small-shape-gradient","0","1","-1e-08","NaN","0.01","NaN","Gradient2","-1.527179614146513","0","1.9999999999999999e-11","0","defining-quantile-derivative","finite"
"GEV","nonzero-small-shape-gradient","0","1","-1e-08","NaN","0.01","NaN","Gradient3","-1.166138792868691","0","1.9999999999999999e-11","0","defining-quantile-derivative","finite"
"GEV","nonzero-small-shape-quantile","0","1","-1e-08","NaN","0.5","NaN","InverseCDF","0.36651292125332291","0","1.9999999999999999e-11","0","Hosking-quantile-expm1","finite"
"GEV","nonzero-small-shape-gradient","0","1","-1e-08","NaN","0.5","NaN","Gradient1","1","0","1.9999999999999999e-11","0","defining-quantile-derivative","finite"
"GEV","nonzero-small-shape-gradient","0","1","-1e-08","NaN","0.5","NaN","Gradient2","0.36651292125332291","0","1.9999999999999999e-11","0","defining-quantile-derivative","finite"
"GEV","nonzero-small-shape-gradient","0","1","-1e-08","NaN","0.5","NaN","Gradient3","-0.06716586064076506","0","1.9999999999999999e-11","0","defining-quantile-derivative","finite"
"GEV","nonzero-small-shape-quantile","0","1","-1e-08","NaN","0.98999999999999999","NaN","InverseCDF","4.6001493325834444","0","1.9999999999999999e-11","0","Hosking-quantile-expm1","finite"
"GEV","nonzero-small-shape-gradient","0","1","-1e-08","NaN","0.98999999999999999","NaN","Gradient1","1","0","1.9999999999999999e-11","0","defining-quantile-derivative","finite"
"GEV","nonzero-small-shape-gradient","0","1","-1e-08","NaN","0.98999999999999999","NaN","Gradient2","4.6001493325834444","0","1.9999999999999999e-11","0","defining-quantile-derivative","finite"
"GEV","nonzero-small-shape-gradient","0","1","-1e-08","NaN","0.98999999999999999","NaN","Gradient3","-10.580686778791494","0","1.9999999999999999e-11","0","defining-quantile-derivative","finite"
"GEV","nonzero-small-shape-support","0","1","1e-08","NaN","NaN","NaN","Minimum","-Inf","0","1.9999999999999999e-11","0","exact-nonzero-shape-support","infinite"
"GEV","nonzero-small-shape-support","0","1","1e-08","NaN","NaN","NaN","Maximum","100000000","0","1.9999999999999999e-11","0","exact-nonzero-shape-support","finite"
"GEV","nonzero-small-shape-quantile","0","1","1e-08","NaN","0.01","NaN","InverseCDF","-1.5271796374692892","0","1.9999999999999999e-11","0","Hosking-quantile-expm1","finite"
"GEV","nonzero-small-shape-gradient","0","1","1e-08","NaN","0.01","NaN","Gradient1","1","0","1.9999999999999999e-11","0","defining-quantile-derivative","finite"
"GEV","nonzero-small-shape-gradient","0","1","1e-08","NaN","0.01","NaN","Gradient2","-1.5271796374692892","0","1.9999999999999999e-11","0","defining-quantile-derivative","finite"
"GEV","nonzero-small-shape-gradient","0","1","1e-08","NaN","0.01","NaN","Gradient3","-1.16613881661407","0","1.9999999999999999e-11","0","defining-quantile-derivative","finite"
"GEV","nonzero-small-shape-quantile","0","1","1e-08","NaN","0.5","NaN","InverseCDF","0.36651291991000573","0","1.9999999999999999e-11","0","Hosking-quantile-expm1","finite"
"GEV","nonzero-small-shape-gradient","0","1","1e-08","NaN","0.5","NaN","Gradient1","1","0","1.9999999999999999e-11","0","defining-quantile-derivative","finite"
"GEV","nonzero-small-shape-gradient","0","1","1e-08","NaN","0.5","NaN","Gradient2","0.36651291991000573","0","1.9999999999999999e-11","0","defining-quantile-derivative","finite"
"GEV","nonzero-small-shape-gradient","0","1","1e-08","NaN","0.5","NaN","Gradient3","-0.067165860312536324","0","1.9999999999999999e-11","0","defining-quantile-derivative","finite"
"GEV","nonzero-small-shape-quantile","0","1","1e-08","NaN","0.98999999999999999","NaN","InverseCDF","4.6001491209697161","0","1.9999999999999999e-11","0","Hosking-quantile-expm1","finite"
"GEV","nonzero-small-shape-gradient","0","1","1e-08","NaN","0.98999999999999999","NaN","Gradient1","1","0","1.9999999999999999e-11","0","defining-quantile-derivative","finite"
"GEV","nonzero-small-shape-gradient","0","1","1e-08","NaN","0.98999999999999999","NaN","Gradient2","4.6001491209697161","0","1.9999999999999999e-11","0","defining-quantile-derivative","finite"
"GEV","nonzero-small-shape-gradient","0","1","1e-08","NaN","0.98999999999999999","NaN","Gradient3","-10.580686129821673","0","1.9999999999999999e-11","0","defining-quantile-derivative","finite"
"GEV","nonzero-small-shape-support","0","1","-0.0001","NaN","NaN","NaN","Minimum","-10000","0","1.9999999999999999e-11","0","exact-nonzero-shape-support","finite"
"GEV","nonzero-small-shape-support","0","1","-0.0001","NaN","NaN","NaN","Maximum","Inf","0","1.9999999999999999e-11","0","exact-nonzero-shape-support","infinite"
"GEV","nonzero-small-shape-quantile","0","1","-0.0001","NaN","0.01","NaN","InverseCDF","-1.5270630178635451","0","1.9999999999999999e-11","0","Hosking-quantile-expm1","finite"
"GEV","nonzero-small-shape-gradient","0","1","-0.0001","NaN","0.01","NaN","Gradient1","1","0","1.9999999999999999e-11","0","defining-quantile-derivative","finite"
"GEV","nonzero-small-shape-gradient","0","1","-0.0001","NaN","0.01","NaN","Gradient2","-1.5270630178635451","0","1.9999999999999999e-11","0","defining-quantile-derivative","finite"
"GEV","nonzero-small-shape-gradient","0","1","-0.0001","NaN","0.01","NaN","Gradient3","-1.1660200846456046","0","1.9999999999999999e-11","0","defining-quantile-derivative","finite"
"GEV","nonzero-small-shape-quantile","0","1","-0.0001","NaN","0.5","NaN","InverseCDF","0.36651963724976994","0","1.9999999999999999e-11","0","Hosking-quantile-expm1","finite"
"GEV","nonzero-small-shape-gradient","0","1","-0.0001","NaN","0.5","NaN","Gradient1","1","0","1.9999999999999999e-11","0","defining-quantile-derivative","finite"
"GEV","nonzero-small-shape-gradient","0","1","-0.0001","NaN","0.5","NaN","Gradient2","0.36651963724976994","0","1.9999999999999999e-11","0","defining-quantile-derivative","finite"
"GEV","nonzero-small-shape-gradient","0","1","-0.0001","NaN","0.5","NaN","Gradient3","-0.067167501642919625","0","1.9999999999999999e-11","0","defining-quantile-derivative","finite"
"GEV","nonzero-small-shape-quantile","0","1","-0.0001","NaN","0.98999999999999999","NaN","InverseCDF","4.6012074576831248","0","1.9999999999999999e-11","0","Hosking-quantile-expm1","finite"
"GEV","nonzero-small-shape-gradient","0","1","-0.0001","NaN","0.98999999999999999","NaN","Gradient1","1","0","1.9999999999999999e-11","0","defining-quantile-derivative","finite"
"GEV","nonzero-small-shape-gradient","0","1","-0.0001","NaN","0.98999999999999999","NaN","Gradient2","4.6012074576831248","0","1.9999999999999999e-11","0","defining-quantile-derivative","finite"
"GEV","nonzero-small-shape-gradient","0","1","-0.0001","NaN","0.98999999999999999","NaN","Gradient3","-10.583931863237312","0","1.9999999999999999e-11","0","defining-quantile-derivative","finite"
"GEV","nonzero-small-shape-support","0","1","0.0001","NaN","NaN","NaN","Minimum","-Inf","0","1.9999999999999999e-11","0","exact-nonzero-shape-support","infinite"
"GEV","nonzero-small-shape-support","0","1","0.0001","NaN","NaN","NaN","Maximum","10000","0","1.9999999999999999e-11","0","exact-nonzero-shape-support","finite"
"GEV","nonzero-small-shape-quantile","0","1","0.0001","NaN","0.01","NaN","InverseCDF","-1.5272962456249466","0","1.9999999999999999e-11","0","Hosking-quantile-expm1","finite"
"GEV","nonzero-small-shape-gradient","0","1","0.0001","NaN","0.01","NaN","Gradient1","1","0","1.9999999999999999e-11","0","defining-quantile-derivative","finite"
"GEV","nonzero-small-shape-gradient","0","1","0.0001","NaN","0.01","NaN","Gradient2","-1.5272962456249466","0","1.9999999999999999e-11","0","defining-quantile-derivative","finite"
"GEV","nonzero-small-shape-gradient","0","1","0.0001","NaN","0.01","NaN","Gradient3","-1.1662575384359533","0","1.9999999999999999e-11","0","defining-quantile-derivative","finite"
"GEV","nonzero-small-shape-quantile","0","1","0.0001","NaN","0.5","NaN","InverseCDF","0.36650620407767309","0","1.9999999999999999e-11","0","Hosking-quantile-expm1","finite"
"GEV","nonzero-small-shape-gradient","0","1","0.0001","NaN","0.5","NaN","Gradient1","1","0","1.9999999999999999e-11","0","defining-quantile-derivative","finite"
"GEV","nonzero-small-shape-gradient","0","1","0.0001","NaN","0.5","NaN","Gradient2","0.36650620407767309","0","1.9999999999999999e-11","0","defining-quantile-derivative","finite"
"GEV","nonzero-small-shape-gradient","0","1","0.0001","NaN","0.5","NaN","Gradient3","-0.067164219355494298","0","1.9999999999999999e-11","0","defining-quantile-derivative","finite"
"GEV","nonzero-small-shape-quantile","0","1","0.0001","NaN","0.98999999999999999","NaN","InverseCDF","4.5990913203549466","0","1.9999999999999999e-11","0","Hosking-quantile-expm1","finite"
"GEV","nonzero-small-shape-gradient","0","1","0.0001","NaN","0.98999999999999999","NaN","Gradient1","1","0","1.9999999999999999e-11","0","defining-quantile-derivative","finite"
"GEV","nonzero-small-shape-gradient","0","1","0.0001","NaN","0.98999999999999999","NaN","Gradient2","4.5990913203549466","0","1.9999999999999999e-11","0","defining-quantile-derivative","finite"
"GEV","nonzero-small-shape-gradient","0","1","0.0001","NaN","0.98999999999999999","NaN","Gradient3","-10.577442164885111","0","1.9999999999999999e-11","0","defining-quantile-derivative","finite"
"GPA","nonzero-small-shape-support","0","1","-9.9999999999999998e-13","NaN","NaN","NaN","Minimum","0","0","1.9999999999999999e-11","0","exact-nonzero-shape-support","finite"
"GPA","nonzero-small-shape-support","0","1","-9.9999999999999998e-13","NaN","NaN","NaN","Maximum","Inf","0","1.9999999999999999e-11","0","exact-nonzero-shape-support","infinite"
"GPA","nonzero-small-shape-quantile","0","1","-9.9999999999999998e-13","NaN","0.01","NaN","InverseCDF","0.010050335853501497","0","1.9999999999999999e-11","0","Hosking-quantile-expm1","finite"
"GPA","nonzero-small-shape-gradient","0","1","-9.9999999999999998e-13","NaN","0.01","NaN","Gradient1","1","0","1.9999999999999999e-11","0","defining-quantile-derivative","finite"
"GPA","nonzero-small-shape-gradient","0","1","-9.9999999999999998e-13","NaN","0.01","NaN","Gradient2","0.010050335853501494","0","1.9999999999999999e-11","0","defining-quantile-derivative","finite"
"GPA","nonzero-small-shape-gradient","0","1","-9.9999999999999998e-13","NaN","0.01","NaN","Gradient3","-5.0504625384088627e-05","0","1.9999999999999999e-11","0","defining-quantile-derivative","finite"
"GPA","nonzero-small-shape-quantile","0","1","-9.9999999999999998e-13","NaN","0.5","NaN","InverseCDF","0.69314718056018554","0","1.9999999999999999e-11","0","Hosking-quantile-expm1","finite"
"GPA","nonzero-small-shape-gradient","0","1","-9.9999999999999998e-13","NaN","0.5","NaN","Gradient1","1","0","1.9999999999999999e-11","0","defining-quantile-derivative","finite"
"GPA","nonzero-small-shape-gradient","0","1","-9.9999999999999998e-13","NaN","0.5","NaN","Gradient2","0.69314718056018554","0","1.9999999999999999e-11","0","defining-quantile-derivative","finite"
"GPA","nonzero-small-shape-gradient","0","1","-9.9999999999999998e-13","NaN","0.5","NaN","Gradient3","-0.24022650695921169","0","1.9999999999999999e-11","0","defining-quantile-derivative","finite"
"GPA","nonzero-small-shape-quantile","0","1","-9.9999999999999998e-13","NaN","0.98999999999999999","NaN","InverseCDF","4.6051701859986949","0","1.9999999999999999e-11","0","Hosking-quantile-expm1","finite"
"GPA","nonzero-small-shape-gradient","0","1","-9.9999999999999998e-13","NaN","0.98999999999999999","NaN","Gradient1","1","0","1.9999999999999999e-11","0","defining-quantile-derivative","finite"
"GPA","nonzero-small-shape-gradient","0","1","-9.9999999999999998e-13","NaN","0.98999999999999999","NaN","Gradient2","4.6051701859986949","0","1.9999999999999999e-11","0","defining-quantile-derivative","finite"
"GPA","nonzero-small-shape-gradient","0","1","-9.9999999999999998e-13","NaN","0.98999999999999999","NaN","Gradient3","-10.603796220989349","0","1.9999999999999999e-11","0","defining-quantile-derivative","finite"
"GPA","nonzero-small-shape-support","0","1","9.9999999999999998e-13","NaN","NaN","NaN","Minimum","0","0","1.9999999999999999e-11","0","exact-nonzero-shape-support","finite"
"GPA","nonzero-small-shape-support","0","1","9.9999999999999998e-13","NaN","NaN","NaN","Maximum","1000000000000","0","1.9999999999999999e-11","0","exact-nonzero-shape-support","finite"
"GPA","nonzero-small-shape-quantile","0","1","9.9999999999999998e-13","NaN","0.01","NaN","InverseCDF","0.010050335853501395","0","1.9999999999999999e-11","0","Hosking-quantile-expm1","finite"
"GPA","nonzero-small-shape-gradient","0","1","9.9999999999999998e-13","NaN","0.01","NaN","Gradient1","1","0","1.9999999999999999e-11","0","defining-quantile-derivative","finite"
"GPA","nonzero-small-shape-gradient","0","1","9.9999999999999998e-13","NaN","0.01","NaN","Gradient2","0.010050335853501392","0","1.9999999999999999e-11","0","defining-quantile-derivative","finite"
"GPA","nonzero-small-shape-gradient","0","1","9.9999999999999998e-13","NaN","0.01","NaN","Gradient3","-5.0504625384087943e-05","0","1.9999999999999999e-11","0","defining-quantile-derivative","finite"
"GPA","nonzero-small-shape-quantile","0","1","9.9999999999999998e-13","NaN","0.5","NaN","InverseCDF","0.69314718055970503","0","1.9999999999999999e-11","0","Hosking-quantile-expm1","finite"
"GPA","nonzero-small-shape-gradient","0","1","9.9999999999999998e-13","NaN","0.5","NaN","Gradient1","1","0","1.9999999999999999e-11","0","defining-quantile-derivative","finite"
"GPA","nonzero-small-shape-gradient","0","1","9.9999999999999998e-13","NaN","0.5","NaN","Gradient2","0.69314718055970503","0","1.9999999999999999e-11","0","defining-quantile-derivative","finite"
"GPA","nonzero-small-shape-gradient","0","1","9.9999999999999998e-13","NaN","0.5","NaN","Gradient3","-0.24022650695898967","0","1.9999999999999999e-11","0","defining-quantile-derivative","finite"
"GPA","nonzero-small-shape-quantile","0","1","9.9999999999999998e-13","NaN","0.98999999999999999","NaN","InverseCDF","4.605170185977487","0","1.9999999999999999e-11","0","Hosking-quantile-expm1","finite"
"GPA","nonzero-small-shape-gradient","0","1","9.9999999999999998e-13","NaN","0.98999999999999999","NaN","Gradient1","1","0","1.9999999999999999e-11","0","defining-quantile-derivative","finite"
"GPA","nonzero-small-shape-gradient","0","1","9.9999999999999998e-13","NaN","0.98999999999999999","NaN","Gradient2","4.605170185977487","0","1.9999999999999999e-11","0","defining-quantile-derivative","finite"
"GPA","nonzero-small-shape-gradient","0","1","9.9999999999999998e-13","NaN","0.98999999999999999","NaN","Gradient3","-10.603796220924238","0","1.9999999999999999e-11","0","defining-quantile-derivative","finite"
"GPA","nonzero-small-shape-support","0","1","-1e-08","NaN","NaN","NaN","Minimum","0","0","1.9999999999999999e-11","0","exact-nonzero-shape-support","finite"
"GPA","nonzero-small-shape-support","0","1","-1e-08","NaN","NaN","NaN","Maximum","Inf","0","1.9999999999999999e-11","0","exact-nonzero-shape-support","infinite"
"GPA","nonzero-small-shape-quantile","0","1","-1e-08","NaN","0.01","NaN","InverseCDF","0.010050335854006491","0","1.9999999999999999e-11","0","Hosking-quantile-expm1","finite"
"GPA","nonzero-small-shape-gradient","0","1","-1e-08","NaN","0.01","NaN","Gradient1","1","0","1.9999999999999999e-11","0","defining-quantile-derivative","finite"
"GPA","nonzero-small-shape-gradient","0","1","-1e-08","NaN","0.01","NaN","Gradient2","0.010050335854006488","0","1.9999999999999999e-11","0","defining-quantile-derivative","finite"
"GPA","nonzero-small-shape-gradient","0","1","-1e-08","NaN","0.01","NaN","Gradient3","-5.0504625387472192e-05","0","1.9999999999999999e-11","0","defining-quantile-derivative","finite"
"GPA","nonzero-small-shape-quantile","0","1","-1e-08","NaN","0.5","NaN","InverseCDF","0.69314718296221034","0","1.9999999999999999e-11","0","Hosking-quantile-expm1","finite"
"GPA","nonzero-small-shape-gradient","0","1","-1e-08","NaN","0.5","NaN","Gradient1","1","0","1.9999999999999999e-11","0","defining-quantile-derivative","finite"
"GPA","nonzero-small-shape-gradient","0","1","-1e-08","NaN","0.5","NaN","Gradient2","0.69314718296221034","0","1.9999999999999999e-11","0","defining-quantile-derivative","finite"
"GPA","nonzero-small-shape-gradient","0","1","-1e-08","NaN","0.5","NaN","Gradient3","-0.24022650806918286","0","1.9999999999999999e-11","0","defining-quantile-derivative","finite"
"GPA","nonzero-small-shape-quantile","0","1","-1e-08","NaN","0.98999999999999999","NaN","InverseCDF","4.6051702920260542","0","1.9999999999999999e-11","0","Hosking-quantile-expm1","finite"
"GPA","nonzero-small-shape-gradient","0","1","-1e-08","NaN","0.98999999999999999","NaN","Gradient1","1","0","1.9999999999999999e-11","0","defining-quantile-derivative","finite"
"GPA","nonzero-small-shape-gradient","0","1","-1e-08","NaN","0.98999999999999999","NaN","Gradient2","4.6051702920260542","0","1.9999999999999999e-11","0","defining-quantile-derivative","finite"
"GPA","nonzero-small-shape-gradient","0","1","-1e-08","NaN","0.98999999999999999","NaN","Gradient3","-10.603796546505372","0","1.9999999999999999e-11","0","defining-quantile-derivative","finite"
"GPA","nonzero-small-shape-support","0","1","1e-08","NaN","NaN","NaN","Minimum","0","0","1.9999999999999999e-11","0","exact-nonzero-shape-support","finite"
"GPA","nonzero-small-shape-support","0","1","1e-08","NaN","NaN","NaN","Maximum","100000000","0","1.9999999999999999e-11","0","exact-nonzero-shape-support","finite"
"GPA","nonzero-small-shape-quantile","0","1","1e-08","NaN","0.01","NaN","InverseCDF","0.0100503358529964","0","1.9999999999999999e-11","0","Hosking-quantile-expm1","finite"
"GPA","nonzero-small-shape-gradient","0","1","1e-08","NaN","0.01","NaN","Gradient1","1","0","1.9999999999999999e-11","0","defining-quantile-derivative","finite"
"GPA","nonzero-small-shape-gradient","0","1","1e-08","NaN","0.01","NaN","Gradient2","0.010050335852996396","0","1.9999999999999999e-11","0","defining-quantile-derivative","finite"
"GPA","nonzero-small-shape-gradient","0","1","1e-08","NaN","0.01","NaN","Gradient3","-5.0504625380704358e-05","0","1.9999999999999999e-11","0","defining-quantile-derivative","finite"
"GPA","nonzero-small-shape-quantile","0","1","1e-08","NaN","0.5","NaN","InverseCDF","0.69314717815768023","0","1.9999999999999999e-11","0","Hosking-quantile-expm1","finite"
"GPA","nonzero-small-shape-gradient","0","1","1e-08","NaN","0.5","NaN","Gradient1","1","0","1.9999999999999999e-11","0","defining-quantile-derivative","finite"
"GPA","nonzero-small-shape-gradient","0","1","1e-08","NaN","0.5","NaN","Gradient2","0.69314717815768023","0","1.9999999999999999e-11","0","defining-quantile-derivative","finite"
"GPA","nonzero-small-shape-gradient","0","1","1e-08","NaN","0.5","NaN","Gradient3","-0.2402265058490185","0","1.9999999999999999e-11","0","defining-quantile-derivative","finite"
"GPA","nonzero-small-shape-quantile","0","1","1e-08","NaN","0.98999999999999999","NaN","InverseCDF","4.6051700799501303","0","1.9999999999999999e-11","0","Hosking-quantile-expm1","finite"
"GPA","nonzero-small-shape-gradient","0","1","1e-08","NaN","0.98999999999999999","NaN","Gradient1","1","0","1.9999999999999999e-11","0","defining-quantile-derivative","finite"
"GPA","nonzero-small-shape-gradient","0","1","1e-08","NaN","0.98999999999999999","NaN","Gradient2","4.6051700799501303","0","1.9999999999999999e-11","0","defining-quantile-derivative","finite"
"GPA","nonzero-small-shape-gradient","0","1","1e-08","NaN","0.98999999999999999","NaN","Gradient3","-10.603795895408226","0","1.9999999999999999e-11","0","defining-quantile-derivative","finite"
"GPA","nonzero-small-shape-support","0","1","-0.0001","NaN","NaN","NaN","Minimum","0","0","1.9999999999999999e-11","0","exact-nonzero-shape-support","finite"
"GPA","nonzero-small-shape-support","0","1","-0.0001","NaN","NaN","NaN","Maximum","Inf","0","1.9999999999999999e-11","0","exact-nonzero-shape-support","infinite"
"GPA","nonzero-small-shape-quantile","0","1","-0.0001","NaN","0.01","NaN","InverseCDF","0.010050340903965675","0","1.9999999999999999e-11","0","Hosking-quantile-expm1","finite"
"GPA","nonzero-small-shape-gradient","0","1","-0.0001","NaN","0.01","NaN","Gradient1","1","0","1.9999999999999999e-11","0","defining-quantile-derivative","finite"
"GPA","nonzero-small-shape-gradient","0","1","-0.0001","NaN","0.01","NaN","Gradient2","0.010050340903965671","0","1.9999999999999999e-11","0","defining-quantile-derivative","finite"
"GPA","nonzero-small-shape-gradient","0","1","-0.0001","NaN","0.01","NaN","Gradient3","-5.050465922333084e-05","0","1.9999999999999999e-11","0","defining-quantile-derivative","finite"
"GPA","nonzero-small-shape-quantile","0","1","-0.0001","NaN","0.5","NaN","InverseCDF","0.69317120376569197","0","1.9999999999999999e-11","0","Hosking-quantile-expm1","finite"
"GPA","nonzero-small-shape-gradient","0","1","-0.0001","NaN","0.5","NaN","Gradient1","1","0","1.9999999999999999e-11","0","defining-quantile-derivative","finite"
"GPA","nonzero-small-shape-gradient","0","1","-0.0001","NaN","0.5","NaN","Gradient2","0.69317120376569197","0","1.9999999999999999e-11","0","defining-quantile-derivative","finite"
"GPA","nonzero-small-shape-gradient","0","1","-0.0001","NaN","0.5","NaN","Gradient3","-0.24023760806938291","0","1.9999999999999999e-11","0","defining-quantile-derivative","finite"
"GPA","nonzero-small-shape-quantile","0","1","-0.0001","NaN","0.98999999999999999","NaN","InverseCDF","4.606230728403216","0","1.9999999999999999e-11","0","Hosking-quantile-expm1","finite"
"GPA","nonzero-small-shape-gradient","0","1","-0.0001","NaN","0.98999999999999999","NaN","Gradient1","1","0","1.9999999999999999e-11","0","defining-quantile-derivative","finite"
"GPA","nonzero-small-shape-gradient","0","1","-0.0001","NaN","0.98999999999999999","NaN","Gradient2","4.606230728403216","0","1.9999999999999999e-11","0","defining-quantile-derivative","finite"
"GPA","nonzero-small-shape-gradient","0","1","-0.0001","NaN","0.98999999999999999","NaN","Gradient3","-10.607052268975982","0","1.9999999999999999e-11","0","defining-quantile-derivative","finite"
"GPA","nonzero-small-shape-support","0","1","0.0001","NaN","NaN","NaN","Minimum","0","0","1.9999999999999999e-11","0","exact-nonzero-shape-support","finite"
"GPA","nonzero-small-shape-support","0","1","0.0001","NaN","NaN","NaN","Maximum","10000","0","1.9999999999999999e-11","0","exact-nonzero-shape-support","finite"
"GPA","nonzero-small-shape-quantile","0","1","0.0001","NaN","0.01","NaN","InverseCDF","0.010050330803040599","0","1.9999999999999999e-11","0","Hosking-quantile-expm1","finite"
"GPA","nonzero-small-shape-gradient","0","1","0.0001","NaN","0.01","NaN","Gradient1","1","0","1.9999999999999999e-11","0","defining-quantile-derivative","finite"
"GPA","nonzero-small-shape-gradient","0","1","0.0001","NaN","0.01","NaN","Gradient2","0.010050330803040596","0","1.9999999999999999e-11","0","defining-quantile-derivative","finite"
"GPA","nonzero-small-shape-gradient","0","1","0.0001","NaN","0.01","NaN","Gradient3","-5.0504591544871222e-05","0","1.9999999999999999e-11","0","defining-quantile-derivative","finite"
"GPA","nonzero-small-shape-quantile","0","1","0.0001","NaN","0.5","NaN","InverseCDF","0.69312315846428085","0","1.9999999999999999e-11","0","Hosking-quantile-expm1","finite"
"GPA","nonzero-small-shape-gradient","0","1","0.0001","NaN","0.5","NaN","Gradient1","1","0","1.9999999999999999e-11","0","defining-quantile-derivative","finite"
"GPA","nonzero-small-shape-gradient","0","1","0.0001","NaN","0.5","NaN","Gradient2","0.69312315846428085","0","1.9999999999999999e-11","0","defining-quantile-derivative","finite"
"GPA","nonzero-small-shape-gradient","0","1","0.0001","NaN","0.5","NaN","Gradient3","-0.24021540642590627","0","1.9999999999999999e-11","0","defining-quantile-derivative","finite"
"GPA","nonzero-small-shape-quantile","0","1","0.0001","NaN","0.98999999999999999","NaN","InverseCDF","4.6041099691215441","0","1.9999999999999999e-11","0","Hosking-quantile-expm1","finite"
"GPA","nonzero-small-shape-gradient","0","1","0.0001","NaN","0.98999999999999999","NaN","Gradient1","1","0","1.9999999999999999e-11","0","defining-quantile-derivative","finite"
"GPA","nonzero-small-shape-gradient","0","1","0.0001","NaN","0.98999999999999999","NaN","Gradient2","4.6041099691215441","0","1.9999999999999999e-11","0","defining-quantile-derivative","finite"
"GPA","nonzero-small-shape-gradient","0","1","0.0001","NaN","0.98999999999999999","NaN","Gradient3","-10.600541297342561","0","1.9999999999999999e-11","0","defining-quantile-derivative","finite"
"GEV","full-probability-central-moments","0","1","-1","NaN","NaN","NaN","Mean","NaN","2.0000000000000001e-09","2e-08","0","R-integrate-full-probability-Hosking-quantile","undefined"
"GEV","full-probability-central-moments","0","1","-1","NaN","NaN","NaN","StandardDeviation","NaN","2.0000000000000001e-09","2e-08","0","R-integrate-full-probability-Hosking-quantile","undefined"
"GEV","full-probability-central-moments","0","1","-1","NaN","NaN","NaN","Skewness","NaN","2.0000000000000001e-09","2e-08","0","R-integrate-full-probability-Hosking-quantile","undefined"
"GEV","full-probability-central-moments","0","1","-1","NaN","NaN","NaN","Kurtosis","NaN","2.0000000000000001e-09","2e-08","0","R-integrate-full-probability-Hosking-quantile","undefined"
"GEV","full-probability-central-moments","0","1","-0.5","NaN","NaN","NaN","Mean","1.5449077018110322","2.0000000000000001e-09","2e-08","8.4051489435663631e-12","R-integrate-full-probability-Hosking-quantile","finite"
"GEV","full-probability-central-moments","0","1","-0.5","NaN","NaN","NaN","StandardDeviation","NaN","2.0000000000000001e-09","2e-08","0","R-integrate-full-probability-Hosking-quantile","undefined"
"GEV","full-probability-central-moments","0","1","-0.5","NaN","NaN","NaN","Skewness","NaN","2.0000000000000001e-09","2e-08","0","R-integrate-full-probability-Hosking-quantile","undefined"
"GEV","full-probability-central-moments","0","1","-0.5","NaN","NaN","NaN","Kurtosis","NaN","2.0000000000000001e-09","2e-08","0","R-integrate-full-probability-Hosking-quantile","undefined"
"GEV","full-probability-central-moments","0","1","-0.20000000000000001","NaN","NaN","NaN","Mean","0.82114856862651697","2.0000000000000001e-09","2e-08","1.6119886247654247e-12","R-integrate-full-probability-Hosking-quantile","finite"
"GEV","full-probability-central-moments","0","1","-0.20000000000000001","NaN","NaN","NaN","StandardDeviation","1.8286704356712671","2.0000000000000001e-09","2e-08","1.3161377144245581e-11","R-integrate-full-probability-Hosking-quantile","finite"
"GEV","full-probability-central-moments","0","1","-0.20000000000000001","NaN","NaN","NaN","Skewness","3.5350716046207777","2.0000000000000001e-09","2e-08","3.2341297463725808e-10","R-integrate-full-probability-Hosking-quantile","finite"
"GEV","full-probability-central-moments","0","1","-0.20000000000000001","NaN","NaN","NaN","Kurtosis","48.091512125808265","2.0000000000000001e-09","2e-08","2.3135910964811046e-09","R-integrate-full-probability-Hosking-quantile","finite"
"GEV","full-probability-central-moments","0","1","-9.9999999999999995e-07","NaN","NaN","NaN","Mean","0.57721665395843558","2.0000000000000001e-09","2e-08","3.7821860498417878e-13","R-integrate-full-probability-Hosking-quantile","finite"
"GEV","full-probability-central-moments","0","1","-9.9999999999999995e-07","NaN","NaN","NaN","StandardDeviation","1.2825515077131107","2.0000000000000001e-09","2e-08","2.1041491808360173e-12","R-integrate-full-probability-Hosking-quantile","finite"
"GEV","full-probability-central-moments","0","1","-9.9999999999999995e-07","NaN","NaN","NaN","Skewness","1.1395530660293405","2.0000000000000001e-09","2e-08","7.2712265360484389e-12","R-integrate-full-probability-Hosking-quantile","finite"
"GEV","full-probability-central-moments","0","1","-9.9999999999999995e-07","NaN","NaN","NaN","Kurtosis","5.4000289178409488","2.0000000000000001e-09","2e-08","2.0185211904276138e-11","R-integrate-full-probability-Hosking-quantile","finite"
"GEV","full-probability-central-moments","0","1","0","NaN","NaN","NaN","Mean","0.57721566490153275","2.0000000000000001e-09","2e-08","3.7821575508640664e-13","R-integrate-full-probability-Hosking-quantile","finite"
"GEV","full-probability-central-moments","0","1","0","NaN","NaN","NaN","StandardDeviation","1.2825498301618641","2.0000000000000001e-09","2e-08","2.104139811847604e-12","R-integrate-full-probability-Hosking-quantile","finite"
"GEV","full-probability-central-moments","0","1","0","NaN","NaN","NaN","Skewness","1.1395470994046484","2.0000000000000001e-09","2e-08","7.2712247929737475e-12","R-integrate-full-probability-Hosking-quantile","finite"
"GEV","full-probability-central-moments","0","1","0","NaN","NaN","NaN","Kurtosis","5.3999999999999924","2.0000000000000001e-09","2e-08","2.0183999963539802e-11","R-integrate-full-probability-Hosking-quantile","finite"
"GEV","full-probability-central-moments","0","1","9.9999999999999995e-07","NaN","NaN","NaN","Mean","0.57721467584644504","2.0000000000000001e-09","2e-08","3.7821799600057693e-13","R-integrate-full-probability-Hosking-quantile","finite"
"GEV","full-probability-central-moments","0","1","9.9999999999999995e-07","NaN","NaN","NaN","StandardDeviation","1.2825481526175599","2.0000000000000001e-09","2e-08","2.1041338243783657e-12","R-integrate-full-probability-Hosking-quantile","finite"
"GEV","full-probability-central-moments","0","1","9.9999999999999995e-07","NaN","NaN","NaN","Skewness","1.1395411328045155","2.0000000000000001e-09","2e-08","7.2712272428312589e-12","R-integrate-full-probability-Hosking-quantile","finite"
"GEV","full-probability-central-moments","0","1","9.9999999999999995e-07","NaN","NaN","NaN","Kurtosis","5.3999710824642673","2.0000000000000001e-09","2e-08","2.0182758226976942e-11","R-integrate-full-probability-Hosking-quantile","finite"
"GEV","full-probability-central-moments","0","1","0.20000000000000001","NaN","NaN","NaN","Mean","0.40915628800119697","2.0000000000000001e-09","2e-08","3.4405020927593962e-14","R-integrate-full-probability-Hosking-quantile","finite"
"GEV","full-probability-central-moments","0","1","0.20000000000000001","NaN","NaN","NaN","StandardDeviation","1.0515462184697035","2.0000000000000001e-09","2e-08","1.2919597219262743e-12","R-integrate-full-probability-Hosking-quantile","finite"
"GEV","full-probability-central-moments","0","1","0.20000000000000001","NaN","NaN","NaN","Skewness","0.2541096037067474","2.0000000000000001e-09","2e-08","2.9778892228702598e-12","R-integrate-full-probability-Hosking-quantile","finite"
"GEV","full-probability-central-moments","0","1","0.20000000000000001","NaN","NaN","NaN","Kurtosis","2.8802900637822013","2.0000000000000001e-09","2e-08","2.0482822097697841e-11","R-integrate-full-probability-Hosking-quantile","finite"
"GEV","full-probability-central-moments","0","1","0.5","NaN","NaN","NaN","Mean","0.22754614909448395","2.0000000000000001e-09","2e-08","1.083730569000204e-13","R-integrate-full-probability-Hosking-quantile","finite"
"GEV","full-probability-central-moments","0","1","0.5","NaN","NaN","NaN","StandardDeviation","0.92650275035220853","2.0000000000000001e-09","2e-08","1.0480140700234159e-12","R-integrate-full-probability-Hosking-quantile","finite"
"GEV","full-probability-central-moments","0","1","0.5","NaN","NaN","NaN","Skewness","-0.63111065781893716","2.0000000000000001e-09","2e-08","6.1508114017734713e-12","R-integrate-full-probability-Hosking-quantile","finite"
"GEV","full-probability-central-moments","0","1","0.5","NaN","NaN","NaN","Kurtosis","3.2450893006876376","2.0000000000000001e-09","2e-08","1.948714185929272e-11","R-integrate-full-probability-Hosking-quantile","finite"
"GEV","full-probability-central-moments","0","1","1","NaN","NaN","NaN","Mean","1.3877787807814457e-17","2.0000000000000001e-09","2e-08","4.3456216117997015e-13","R-integrate-full-probability-Hosking-quantile","finite"
"GEV","full-probability-central-moments","0","1","1","NaN","NaN","NaN","StandardDeviation","1","2.0000000000000001e-09","2e-08","2.2910277788350118e-12","R-integrate-full-probability-Hosking-quantile","finite"
"GEV","full-probability-central-moments","0","1","1","NaN","NaN","NaN","Skewness","-1.9999999999999989","2.0000000000000001e-09","2e-08","1.1189450695626708e-11","R-integrate-full-probability-Hosking-quantile","finite"
"GEV","full-probability-central-moments","0","1","1","NaN","NaN","NaN","Kurtosis","8.9999999999999805","2.0000000000000001e-09","2e-08","2.7753909478242054e-11","R-integrate-full-probability-Hosking-quantile","finite"
"GEV","full-probability-central-moments","0","1","2","NaN","NaN","NaN","Mean","-0.5","2.0000000000000001e-09","2e-08","2.1135470532199398e-12","R-integrate-full-probability-Hosking-quantile","finite"
"GEV","full-probability-central-moments","0","1","2","NaN","NaN","NaN","StandardDeviation","2.2360679774997885","2.0000000000000001e-09","2e-08","4.6861217262880285e-12","R-integrate-full-probability-Hosking-quantile","finite"
"GEV","full-probability-central-moments","0","1","2","NaN","NaN","NaN","Skewness","-6.6187612133993925","2.0000000000000001e-09","2e-08","6.9474967635165676e-12","R-integrate-full-probability-Hosking-quantile","finite"
"GEV","full-probability-central-moments","0","1","2","NaN","NaN","NaN","Kurtosis","87.72000000000385","2.0000000000000001e-09","2e-08","2.7520457142908157e-09","R-integrate-full-probability-Hosking-quantile","finite"
"GPA","full-probability-central-moments","0","1","-1","NaN","NaN","NaN","Mean","NaN","2.0000000000000001e-09","2e-08","0","R-integrate-full-probability-Hosking-quantile","undefined"
"GPA","full-probability-central-moments","0","1","-1","NaN","NaN","NaN","StandardDeviation","NaN","2.0000000000000001e-09","2e-08","0","R-integrate-full-probability-Hosking-quantile","undefined"
"GPA","full-probability-central-moments","0","1","-1","NaN","NaN","NaN","Skewness","NaN","2.0000000000000001e-09","2e-08","0","R-integrate-full-probability-Hosking-quantile","undefined"
"GPA","full-probability-central-moments","0","1","-1","NaN","NaN","NaN","Kurtosis","NaN","2.0000000000000001e-09","2e-08","0","R-integrate-full-probability-Hosking-quantile","undefined"
"GPA","full-probability-central-moments","0","1","-0.5","NaN","NaN","NaN","Mean","2","2.0000000000000001e-09","2e-08","4.565265696384349e-12","R-integrate-full-probability-Hosking-quantile","finite"
"GPA","full-probability-central-moments","0","1","-0.5","NaN","NaN","NaN","StandardDeviation","NaN","2.0000000000000001e-09","2e-08","0","R-integrate-full-probability-Hosking-quantile","undefined"
"GPA","full-probability-central-moments","0","1","-0.5","NaN","NaN","NaN","Skewness","NaN","2.0000000000000001e-09","2e-08","0","R-integrate-full-probability-Hosking-quantile","undefined"
"GPA","full-probability-central-moments","0","1","-0.5","NaN","NaN","NaN","Kurtosis","NaN","2.0000000000000001e-09","2e-08","0","R-integrate-full-probability-Hosking-quantile","undefined"
"GPA","full-probability-central-moments","0","1","-0.20000000000000001","NaN","NaN","NaN","Mean","1.25","2.0000000000000001e-09","2e-08","1.0814470283319436e-12","R-integrate-full-probability-Hosking-quantile","finite"
"GPA","full-probability-central-moments","0","1","-0.20000000000000001","NaN","NaN","NaN","StandardDeviation","1.6137430609198375","2.0000000000000001e-09","2e-08","1.5066632650733385e-11","R-integrate-full-probability-Hosking-quantile","finite"
"GPA","full-probability-central-moments","0","1","-0.20000000000000001","NaN","NaN","NaN","Skewness","4.6475800154481721","2.0000000000000001e-09","2e-08","5.4657267380280158e-11","R-integrate-full-probability-Hosking-quantile","finite"
"GPA","full-probability-central-moments","0","1","-0.20000000000000001","NaN","NaN","NaN","Kurtosis","73.799999999985346","2.0000000000000001e-09","2e-08","4.0435708115182933e-09","R-integrate-full-probability-Hosking-quantile","finite"
"GPA","full-probability-central-moments","0","1","-9.9999999999999995e-07","NaN","NaN","NaN","Mean","1.0000010000010002","2.0000000000000001e-09","2e-08","4.130566198124381e-13","R-integrate-full-probability-Hosking-quantile","finite"
"GPA","full-probability-central-moments","0","1","-9.9999999999999995e-07","NaN","NaN","NaN","StandardDeviation","1.0000020000034999","2.0000000000000001e-09","2e-08","2.2910337812434352e-12","R-integrate-full-probability-Hosking-quantile","finite"
"GPA","full-probability-central-moments","0","1","-9.9999999999999995e-07","NaN","NaN","NaN","Skewness","2.0000060000149982","2.0000000000000001e-09","2e-08","1.1189405347825287e-11","R-integrate-full-probability-Hosking-quantile","finite"
"GPA","full-probability-central-moments","0","1","-9.9999999999999995e-07","NaN","NaN","NaN","Kurtosis","9.0000480002279808","2.0000000000000001e-09","2e-08","2.7757861624410561e-11","R-integrate-full-probability-Hosking-quantile","finite"
"GPA","full-probability-central-moments","0","1","0","NaN","NaN","NaN","Mean","1","2.0000000000000001e-09","2e-08","4.1304430428591162e-13","R-integrate-full-probability-Hosking-quantile","finite"
"GPA","full-probability-central-moments","0","1","0","NaN","NaN","NaN","StandardDeviation","1","2.0000000000000001e-09","2e-08","2.2910252885978515e-12","R-integrate-full-probability-Hosking-quantile","finite"
"GPA","full-probability-central-moments","0","1","0","NaN","NaN","NaN","Skewness","1.9999999999999989","2.0000000000000001e-09","2e-08","1.1189447935609554e-11","R-integrate-full-probability-Hosking-quantile","finite"
"GPA","full-probability-central-moments","0","1","0","NaN","NaN","NaN","Kurtosis","8.9999999999999805","2.0000000000000001e-09","2e-08","2.7753954715206235e-11","R-integrate-full-probability-Hosking-quantile","finite"
"GPA","full-probability-central-moments","0","1","9.9999999999999995e-07","NaN","NaN","NaN","Mean","0.99999900000100006","2.0000000000000001e-09","2e-08","4.1305241022081764e-13","R-integrate-full-probability-Hosking-quantile","finite"
"GPA","full-probability-central-moments","0","1","9.9999999999999995e-07","NaN","NaN","NaN","StandardDeviation","0.99999800000350014","2.0000000000000001e-09","2e-08","2.2910143071291951e-12","R-integrate-full-probability-Hosking-quantile","finite"
"GPA","full-probability-central-moments","0","1","9.9999999999999995e-07","NaN","NaN","NaN","Skewness","1.9999940000149978","2.0000000000000001e-09","2e-08","1.1189482461241584e-11","R-integrate-full-probability-Hosking-quantile","finite"
"GPA","full-probability-central-moments","0","1","9.9999999999999995e-07","NaN","NaN","NaN","Kurtosis","8.9999520002279745","2.0000000000000001e-09","2e-08","2.7750025480369052e-11","R-integrate-full-probability-Hosking-quantile","finite"
"GPA","full-probability-central-moments","0","1","0.20000000000000001","NaN","NaN","NaN","Mean","0.83333333333333337","2.0000000000000001e-09","2e-08","1.4950962803211255e-13","R-integrate-full-probability-Hosking-quantile","finite"
"GPA","full-probability-central-moments","0","1","0.20000000000000001","NaN","NaN","NaN","StandardDeviation","0.70429521227376379","2.0000000000000001e-09","2e-08","1.1434614228302181e-12","R-integrate-full-probability-Hosking-quantile","finite"
"GPA","full-probability-central-moments","0","1","0.20000000000000001","NaN","NaN","NaN","Skewness","1.183215956619923","2.0000000000000001e-09","2e-08","1.3092791461078712e-11","R-integrate-full-probability-Hosking-quantile","finite"
"GPA","full-probability-central-moments","0","1","0.20000000000000001","NaN","NaN","NaN","Kurtosis","4.1999999999999993","2.0000000000000001e-09","2e-08","2.5004341171414424e-11","R-integrate-full-probability-Hosking-quantile","finite"
"GPA","full-probability-central-moments","0","1","0.5","NaN","NaN","NaN","Mean","0.66666666666666685","2.0000000000000001e-09","2e-08","2.6045680832312975e-14","R-integrate-full-probability-Hosking-quantile","finite"
"GPA","full-probability-central-moments","0","1","0.5","NaN","NaN","NaN","StandardDeviation","0.47140452079103168","2.0000000000000001e-09","2e-08","2.4819031531551107e-13","R-integrate-full-probability-Hosking-quantile","finite"
"GPA","full-probability-central-moments","0","1","0.5","NaN","NaN","NaN","Skewness","0.5656854249492369","2.0000000000000001e-09","2e-08","7.6501829607412615e-12","R-integrate-full-probability-Hosking-quantile","finite"
"GPA","full-probability-central-moments","0","1","0.5","NaN","NaN","NaN","Kurtosis","2.3999999999999995","2.0000000000000001e-09","2e-08","2.3129372252389634e-11","R-integrate-full-probability-Hosking-quantile","finite"
"GPA","full-probability-central-moments","0","1","1","NaN","NaN","NaN","Mean","0.50000000000000011","2.0000000000000001e-09","2e-08","5.5511151231257843e-15","R-integrate-full-probability-Hosking-quantile","finite"
"GPA","full-probability-central-moments","0","1","1","NaN","NaN","NaN","StandardDeviation","0.28867513459481287","2.0000000000000001e-09","2e-08","1.6024689053047125e-15","R-integrate-full-probability-Hosking-quantile","finite"
"GPA","full-probability-central-moments","0","1","1","NaN","NaN","NaN","Skewness","-9.8004243895675532e-16","2.0000000000000001e-09","2e-08","6.5090831133615137e-16","R-integrate-full-probability-Hosking-quantile","finite"
"GPA","full-probability-central-moments","0","1","1","NaN","NaN","NaN","Kurtosis","1.8000000000000003","2.0000000000000001e-09","2e-08","1.998391717839331e-14","R-integrate-full-probability-Hosking-quantile","finite"
"GPA","full-probability-central-moments","0","1","2","NaN","NaN","NaN","Mean","0.33333333333333343","2.0000000000000001e-09","2e-08","2.5297381674156509e-11","R-integrate-full-probability-Hosking-quantile","finite"
"GPA","full-probability-central-moments","0","1","2","NaN","NaN","NaN","StandardDeviation","0.14907119849998596","2.0000000000000001e-09","2e-08","8.2751092107358944e-16","R-integrate-full-probability-Hosking-quantile","finite"
"GPA","full-probability-central-moments","0","1","2","NaN","NaN","NaN","Skewness","-0.63887656499994205","2.0000000000000001e-09","2e-08","8.4169190291953852e-14","R-integrate-full-probability-Hosking-quantile","finite"
"GPA","full-probability-central-moments","0","1","2","NaN","NaN","NaN","Kurtosis","2.1428571428571459","2.0000000000000001e-09","2e-08","1.0989778657005721e-11","R-integrate-full-probability-Hosking-quantile","finite"
"GEV","large-positive-shape-lgamma-moments","0","1","50","NaN","NaN","NaN","Mean","-6.0828186403425583e+62","0","2.0000000000000001e-10","0","R-lgamma-normalized-analytical-moments","finite"
"GEV","large-positive-shape-lgamma-moments","0","1","50","NaN","NaN","NaN","StandardDeviation","1.9321098875989519e+77","0","2.0000000000000001e-10","0","R-lgamma-normalized-analytical-moments","finite"
"GEV","large-positive-shape-lgamma-moments","0","1","50","NaN","NaN","NaN","Skewness","-6.3370616015546359e+25","0","2.0000000000000001e-10","0","R-lgamma-normalized-analytical-moments","finite"
"GEV","large-positive-shape-lgamma-moments","0","1","50","NaN","NaN","NaN","Kurtosis","9.0548514656102745e+58","0","2.0000000000000001e-10","0","R-lgamma-normalized-analytical-moments","finite"
"GEV","large-positive-shape-lgamma-moments","0","9.9999999999999998e-201","50","NaN","NaN","NaN","Mean","-6.0828186403424247e-138","0","2.0000000000000001e-10","0","R-lgamma-normalized-analytical-moments","finite"
"GEV","large-positive-shape-lgamma-moments","0","9.9999999999999998e-201","50","NaN","NaN","NaN","StandardDeviation","1.9321098875989639e-123","0","2.0000000000000001e-10","0","R-lgamma-normalized-analytical-moments","finite"
"GEV","large-positive-shape-lgamma-moments","0","9.9999999999999998e-201","50","NaN","NaN","NaN","Skewness","-6.3370616015546359e+25","0","2.0000000000000001e-10","0","R-lgamma-normalized-analytical-moments","finite"
"GEV","large-positive-shape-lgamma-moments","0","9.9999999999999998e-201","50","NaN","NaN","NaN","Kurtosis","9.0548514656102745e+58","0","2.0000000000000001e-10","0","R-lgamma-normalized-analytical-moments","finite"
"GEV","large-positive-shape-lgamma-moments","0","9.9999999999999997e+199","50","NaN","NaN","NaN","Mean","-6.0828186403423477e+262","0","2.0000000000000001e-10","0","R-lgamma-normalized-analytical-moments","finite"
"GEV","large-positive-shape-lgamma-moments","0","9.9999999999999997e+199","50","NaN","NaN","NaN","StandardDeviation","1.9321098875988298e+277","0","2.0000000000000001e-10","0","R-lgamma-normalized-analytical-moments","finite"
"GEV","large-positive-shape-lgamma-moments","0","9.9999999999999997e+199","50","NaN","NaN","NaN","Skewness","-6.3370616015546359e+25","0","2.0000000000000001e-10","0","R-lgamma-normalized-analytical-moments","finite"
"GEV","large-positive-shape-lgamma-moments","0","9.9999999999999997e+199","50","NaN","NaN","NaN","Kurtosis","9.0548514656102745e+58","0","2.0000000000000001e-10","0","R-lgamma-normalized-analytical-moments","finite"
"GEV","large-positive-shape-lgamma-moments","0","1","100","NaN","NaN","NaN","Mean","-9.3326215443944039e+155","0","2.0000000000000001e-10","0","R-lgamma-normalized-analytical-moments","finite"
"GEV","large-positive-shape-lgamma-moments","0","1","100","NaN","NaN","NaN","StandardDeviation","2.8083053027845529e+185","0","2.0000000000000001e-10","0","R-lgamma-normalized-analytical-moments","finite"
"GEV","large-positive-shape-lgamma-moments","0","1","100","NaN","NaN","NaN","Skewness","-1.3818792121545016e+52","0","2.0000000000000001e-10","0","R-lgamma-normalized-analytical-moments","finite"
"GEV","large-positive-shape-lgamma-moments","0","1","100","NaN","NaN","NaN","Kurtosis","1.0295250013540998e+119","0","2.0000000000000001e-10","0","R-lgamma-normalized-analytical-moments","finite"
"GEV","large-positive-shape-lgamma-moments","0","9.9999999999999998e-201","100","NaN","NaN","NaN","Mean","-9.3326215443940649e-45","0","2.0000000000000001e-10","0","R-lgamma-normalized-analytical-moments","finite"
"GEV","large-positive-shape-lgamma-moments","0","9.9999999999999998e-201","100","NaN","NaN","NaN","StandardDeviation","2.808305302784431e-15","0","2.0000000000000001e-10","0","R-lgamma-normalized-analytical-moments","finite"
"GEV","large-positive-shape-lgamma-moments","0","9.9999999999999998e-201","100","NaN","NaN","NaN","Skewness","-1.3818792121545016e+52","0","2.0000000000000001e-10","0","R-lgamma-normalized-analytical-moments","finite"
"GEV","large-positive-shape-lgamma-moments","0","9.9999999999999998e-201","100","NaN","NaN","NaN","Kurtosis","1.0295250013540998e+119","0","2.0000000000000001e-10","0","R-lgamma-normalized-analytical-moments","finite"
"GEV","large-positive-shape-lgamma-moments","0","9.9999999999999997e+199","100","NaN","NaN","NaN","Mean","-Inf","0","2.0000000000000001e-10","0","R-lgamma-normalized-analytical-moments","infinite"
"GEV","large-positive-shape-lgamma-moments","0","9.9999999999999997e+199","100","NaN","NaN","NaN","StandardDeviation","Inf","0","2.0000000000000001e-10","0","R-lgamma-normalized-analytical-moments","infinite"
"GEV","large-positive-shape-lgamma-moments","0","9.9999999999999997e+199","100","NaN","NaN","NaN","Skewness","-1.3818792121545016e+52","0","2.0000000000000001e-10","0","R-lgamma-normalized-analytical-moments","finite"
"GEV","large-positive-shape-lgamma-moments","0","9.9999999999999997e+199","100","NaN","NaN","NaN","Kurtosis","1.0295250013540998e+119","0","2.0000000000000001e-10","0","R-lgamma-normalized-analytical-moments","finite"
"GEV","large-positive-shape-lgamma-moments","0","1","200","NaN","NaN","NaN","Mean","-Inf","0","2.0000000000000001e-10","0","R-lgamma-normalized-analytical-moments","infinite"
"GEV","large-positive-shape-lgamma-moments","0","1","200","NaN","NaN","NaN","StandardDeviation","Inf","0","2.0000000000000001e-10","0","R-lgamma-normalized-analytical-moments","infinite"
"GEV","large-positive-shape-lgamma-moments","0","1","200","NaN","NaN","NaN","Skewness","-7.8102637425480772e+104","0","2.0000000000000001e-10","0","R-lgamma-normalized-analytical-moments","finite"
"GEV","large-positive-shape-lgamma-moments","0","1","200","NaN","NaN","NaN","Kurtosis","1.8804244186832607e+239","0","2.0000000000000001e-10","0","R-lgamma-normalized-analytical-moments","finite"
"GEV","large-positive-shape-lgamma-moments","0","9.9999999999999998e-201","200","NaN","NaN","NaN","Mean","-3.9432893368237494e+172","0","2.0000000000000001e-10","0","R-lgamma-normalized-analytical-moments","finite"
"GEV","large-positive-shape-lgamma-moments","0","9.9999999999999998e-201","200","NaN","NaN","NaN","StandardDeviation","1.2652521769059247e+232","0","2.0000000000000001e-10","0","R-lgamma-normalized-analytical-moments","finite"
"GEV","large-positive-shape-lgamma-moments","0","9.9999999999999998e-201","200","NaN","NaN","NaN","Skewness","-7.8102637425480772e+104","0","2.0000000000000001e-10","0","R-lgamma-normalized-analytical-moments","finite"
"GEV","large-positive-shape-lgamma-moments","0","9.9999999999999998e-201","200","NaN","NaN","NaN","Kurtosis","1.8804244186832607e+239","0","2.0000000000000001e-10","0","R-lgamma-normalized-analytical-moments","finite"
"GEV","large-positive-shape-lgamma-moments","0","9.9999999999999997e+199","200","NaN","NaN","NaN","Mean","-Inf","0","2.0000000000000001e-10","0","R-lgamma-normalized-analytical-moments","infinite"
"GEV","large-positive-shape-lgamma-moments","0","9.9999999999999997e+199","200","NaN","NaN","NaN","StandardDeviation","Inf","0","2.0000000000000001e-10","0","R-lgamma-normalized-analytical-moments","infinite"
"GEV","large-positive-shape-lgamma-moments","0","9.9999999999999997e+199","200","NaN","NaN","NaN","Skewness","-7.8102637425480772e+104","0","2.0000000000000001e-10","0","R-lgamma-normalized-analytical-moments","finite"
"GEV","large-positive-shape-lgamma-moments","0","9.9999999999999997e+199","200","NaN","NaN","NaN","Kurtosis","1.8804244186832607e+239","0","2.0000000000000001e-10","0","R-lgamma-normalized-analytical-moments","finite"
"Weibull","small-shape-lgamma-moments","0","1","0.0050000000000000001","NaN","NaN","NaN","Mean","Inf","0","2.0000000000000001e-10","0","R-lgamma-normalized-analytical-power-moments","infinite"
"Weibull","small-shape-lgamma-moments","0","1","0.0050000000000000001","NaN","NaN","NaN","StandardDeviation","Inf","0","2.0000000000000001e-10","0","R-lgamma-normalized-analytical-power-moments","infinite"
"Weibull","small-shape-lgamma-moments","0","1","0.0050000000000000001","NaN","NaN","NaN","Skewness","7.8102637425480772e+104","0","2.0000000000000001e-10","0","R-lgamma-normalized-analytical-power-moments","finite"
"Weibull","small-shape-lgamma-moments","0","1","0.0050000000000000001","NaN","NaN","NaN","Kurtosis","1.8804244186832607e+239","0","2.0000000000000001e-10","0","R-lgamma-normalized-analytical-power-moments","finite"
"Weibull","small-shape-lgamma-moments","0","9.9999999999999998e-201","0.0050000000000000001","NaN","NaN","NaN","Mean","7.8865786736473631e+174","0","2.0000000000000001e-10","0","R-lgamma-normalized-analytical-power-moments","finite"
"Weibull","small-shape-lgamma-moments","0","9.9999999999999998e-201","0.0050000000000000001","NaN","NaN","NaN","StandardDeviation","2.5305043538119495e+234","0","2.0000000000000001e-10","0","R-lgamma-normalized-analytical-power-moments","finite"
"Weibull","small-shape-lgamma-moments","0","9.9999999999999998e-201","0.0050000000000000001","NaN","NaN","NaN","Skewness","7.8102637425480772e+104","0","2.0000000000000001e-10","0","R-lgamma-normalized-analytical-power-moments","finite"
"Weibull","small-shape-lgamma-moments","0","9.9999999999999998e-201","0.0050000000000000001","NaN","NaN","NaN","Kurtosis","1.8804244186832607e+239","0","2.0000000000000001e-10","0","R-lgamma-normalized-analytical-power-moments","finite"
"Weibull","small-shape-lgamma-moments","0","9.9999999999999997e+199","0.0050000000000000001","NaN","NaN","NaN","Mean","Inf","0","2.0000000000000001e-10","0","R-lgamma-normalized-analytical-power-moments","infinite"
"Weibull","small-shape-lgamma-moments","0","9.9999999999999997e+199","0.0050000000000000001","NaN","NaN","NaN","StandardDeviation","Inf","0","2.0000000000000001e-10","0","R-lgamma-normalized-analytical-power-moments","infinite"
"Weibull","small-shape-lgamma-moments","0","9.9999999999999997e+199","0.0050000000000000001","NaN","NaN","NaN","Skewness","7.8102637425480772e+104","0","2.0000000000000001e-10","0","R-lgamma-normalized-analytical-power-moments","finite"
"Weibull","small-shape-lgamma-moments","0","9.9999999999999997e+199","0.0050000000000000001","NaN","NaN","NaN","Kurtosis","1.8804244186832607e+239","0","2.0000000000000001e-10","0","R-lgamma-normalized-analytical-power-moments","finite"
"Weibull","small-shape-lgamma-moments","0","1","0.01","NaN","NaN","NaN","Mean","9.3326215443942249e+157","0","2.0000000000000001e-10","0","R-lgamma-normalized-analytical-power-moments","finite"
"Weibull","small-shape-lgamma-moments","0","1","0.01","NaN","NaN","NaN","StandardDeviation","2.808305302784499e+187","0","2.0000000000000001e-10","0","R-lgamma-normalized-analytical-power-moments","finite"
"Weibull","small-shape-lgamma-moments","0","1","0.01","NaN","NaN","NaN","Skewness","1.3818792121545016e+52","0","2.0000000000000001e-10","0","R-lgamma-normalized-analytical-power-moments","finite"
"Weibull","small-shape-lgamma-moments","0","1","0.01","NaN","NaN","NaN","Kurtosis","1.0295250013540998e+119","0","2.0000000000000001e-10","0","R-lgamma-normalized-analytical-power-moments","finite"
"Weibull","small-shape-lgamma-moments","0","9.9999999999999998e-201","0.01","NaN","NaN","NaN","Mean","9.3326215443940188e-43","0","2.0000000000000001e-10","0","R-lgamma-normalized-analytical-power-moments","finite"
"Weibull","small-shape-lgamma-moments","0","9.9999999999999998e-201","0.01","NaN","NaN","NaN","StandardDeviation","2.8083053027844368e-13","0","2.0000000000000001e-10","0","R-lgamma-normalized-analytical-power-moments","finite"
"Weibull","small-shape-lgamma-moments","0","9.9999999999999998e-201","0.01","NaN","NaN","NaN","Skewness","1.3818792121545016e+52","0","2.0000000000000001e-10","0","R-lgamma-normalized-analytical-power-moments","finite"
"Weibull","small-shape-lgamma-moments","0","9.9999999999999998e-201","0.01","NaN","NaN","NaN","Kurtosis","1.0295250013540998e+119","0","2.0000000000000001e-10","0","R-lgamma-normalized-analytical-power-moments","finite"
"Weibull","small-shape-lgamma-moments","0","9.9999999999999997e+199","0.01","NaN","NaN","NaN","Mean","Inf","0","2.0000000000000001e-10","0","R-lgamma-normalized-analytical-power-moments","infinite"
"Weibull","small-shape-lgamma-moments","0","9.9999999999999997e+199","0.01","NaN","NaN","NaN","StandardDeviation","Inf","0","2.0000000000000001e-10","0","R-lgamma-normalized-analytical-power-moments","infinite"
"Weibull","small-shape-lgamma-moments","0","9.9999999999999997e+199","0.01","NaN","NaN","NaN","Skewness","1.3818792121545016e+52","0","2.0000000000000001e-10","0","R-lgamma-normalized-analytical-power-moments","finite"
"Weibull","small-shape-lgamma-moments","0","9.9999999999999997e+199","0.01","NaN","NaN","NaN","Kurtosis","1.0295250013540998e+119","0","2.0000000000000001e-10","0","R-lgamma-normalized-analytical-power-moments","finite"
"Weibull","small-shape-lgamma-moments","0","1","0.02","NaN","NaN","NaN","Mean","3.0414093201713019e+64","0","2.0000000000000001e-10","0","R-lgamma-normalized-analytical-power-moments","finite"
"Weibull","small-shape-lgamma-moments","0","1","0.02","NaN","NaN","NaN","StandardDeviation","9.6605494379948314e+78","0","2.0000000000000001e-10","0","R-lgamma-normalized-analytical-power-moments","finite"
"Weibull","small-shape-lgamma-moments","0","1","0.02","NaN","NaN","NaN","Skewness","6.3370616015546359e+25","0","2.0000000000000001e-10","0","R-lgamma-normalized-analytical-power-moments","finite"
"Weibull","small-shape-lgamma-moments","0","1","0.02","NaN","NaN","NaN","Kurtosis","9.0548514656102745e+58","0","2.0000000000000001e-10","0","R-lgamma-normalized-analytical-power-moments","finite"
"Weibull","small-shape-lgamma-moments","0","9.9999999999999998e-201","0.02","NaN","NaN","NaN","Mean","3.0414093201711485e-136","0","2.0000000000000001e-10","0","R-lgamma-normalized-analytical-power-moments","finite"
"Weibull","small-shape-lgamma-moments","0","9.9999999999999998e-201","0.02","NaN","NaN","NaN","StandardDeviation","9.6605494379946177e-122","0","2.0000000000000001e-10","0","R-lgamma-normalized-analytical-power-moments","finite"
"Weibull","small-shape-lgamma-moments","0","9.9999999999999998e-201","0.02","NaN","NaN","NaN","Skewness","6.3370616015546359e+25","0","2.0000000000000001e-10","0","R-lgamma-normalized-analytical-power-moments","finite"
"Weibull","small-shape-lgamma-moments","0","9.9999999999999998e-201","0.02","NaN","NaN","NaN","Kurtosis","9.0548514656102745e+58","0","2.0000000000000001e-10","0","R-lgamma-normalized-analytical-power-moments","finite"
"Weibull","small-shape-lgamma-moments","0","9.9999999999999997e+199","0.02","NaN","NaN","NaN","Mean","3.0414093201712828e+264","0","2.0000000000000001e-10","0","R-lgamma-normalized-analytical-power-moments","finite"
"Weibull","small-shape-lgamma-moments","0","9.9999999999999997e+199","0.02","NaN","NaN","NaN","StandardDeviation","9.6605494379944961e+278","0","2.0000000000000001e-10","0","R-lgamma-normalized-analytical-power-moments","finite"
"Weibull","small-shape-lgamma-moments","0","9.9999999999999997e+199","0.02","NaN","NaN","NaN","Skewness","6.3370616015546359e+25","0","2.0000000000000001e-10","0","R-lgamma-normalized-analytical-power-moments","finite"
"Weibull","small-shape-lgamma-moments","0","9.9999999999999997e+199","0.02","NaN","NaN","NaN","Kurtosis","9.0548514656102745e+58","0","2.0000000000000001e-10","0","R-lgamma-normalized-analytical-power-moments","finite"
"Weibull","large-shape-full-probability-moments","0","1","1000","NaN","NaN","NaN","Mean","0.99942377248459557","0","2e-08","0","R-integrate-centered-scaled-exponential-power","finite"
"Weibull","large-shape-full-probability-moments","0","1","1000","NaN","NaN","NaN","StandardDeviation","0.0012808757478713505","0","2e-08","0","R-integrate-centered-scaled-exponential-power","finite"
"Weibull","large-shape-full-probability-moments","0","1","1000","NaN","NaN","NaN","Skewness","-1.133592730660135","0","2e-08","0","R-integrate-centered-scaled-exponential-power","finite"
"Weibull","large-shape-full-probability-moments","0","1","1000","NaN","NaN","NaN","Kurtosis","5.3712342641096749","0","2e-08","0","R-integrate-centered-scaled-exponential-power","finite"
"Weibull","large-shape-full-probability-moments","0","9.9999999999999998e-201","1000","NaN","NaN","NaN","Mean","9.9942377248456271e-201","0","2e-08","0","R-integrate-centered-scaled-exponential-power","finite"
"Weibull","large-shape-full-probability-moments","0","9.9999999999999998e-201","1000","NaN","NaN","NaN","StandardDeviation","1.2808757478713926e-203","0","2e-08","0","R-integrate-centered-scaled-exponential-power","finite"
"Weibull","large-shape-full-probability-moments","0","9.9999999999999998e-201","1000","NaN","NaN","NaN","Skewness","-1.133592730660135","0","2e-08","0","R-integrate-centered-scaled-exponential-power","finite"
"Weibull","large-shape-full-probability-moments","0","9.9999999999999998e-201","1000","NaN","NaN","NaN","Kurtosis","5.3712342641096749","0","2e-08","0","R-integrate-centered-scaled-exponential-power","finite"
"Weibull","large-shape-full-probability-moments","0","9.9999999999999997e+199","1000","NaN","NaN","NaN","Mean","9.9942377248460685e+199","0","2e-08","0","R-integrate-centered-scaled-exponential-power","finite"
"Weibull","large-shape-full-probability-moments","0","9.9999999999999997e+199","1000","NaN","NaN","NaN","StandardDeviation","1.2808757478714493e+197","0","2e-08","0","R-integrate-centered-scaled-exponential-power","finite"
"Weibull","large-shape-full-probability-moments","0","9.9999999999999997e+199","1000","NaN","NaN","NaN","Skewness","-1.133592730660135","0","2e-08","0","R-integrate-centered-scaled-exponential-power","finite"
"Weibull","large-shape-full-probability-moments","0","9.9999999999999997e+199","1000","NaN","NaN","NaN","Kurtosis","5.3712342641096749","0","2e-08","0","R-integrate-centered-scaled-exponential-power","finite"
"Weibull","large-shape-full-probability-moments","0","1","1000000","NaN","NaN","NaN","Mean","0.99999942278532417","0","2e-08","0","R-integrate-centered-scaled-exponential-power","finite"
"Weibull","large-shape-full-probability-moments","0","1","1000000","NaN","NaN","NaN","StandardDeviation","1.2825481526175598e-06","0","2e-08","0","R-integrate-centered-scaled-exponential-power","finite"
"Weibull","large-shape-full-probability-moments","0","1","1000000","NaN","NaN","NaN","Skewness","-1.1395411328045153","0","2e-08","0","R-integrate-centered-scaled-exponential-power","finite"
"Weibull","large-shape-full-probability-moments","0","1","1000000","NaN","NaN","NaN","Kurtosis","5.3999710824642673","0","2e-08","0","R-integrate-centered-scaled-exponential-power","finite"
"Weibull","large-shape-full-probability-moments","0","9.9999999999999998e-201","1000000","NaN","NaN","NaN","Mean","9.9999942278529606e-201","0","2e-08","0","R-integrate-centered-scaled-exponential-power","finite"
"Weibull","large-shape-full-probability-moments","0","9.9999999999999998e-201","1000000","NaN","NaN","NaN","StandardDeviation","1.2825481526175453e-206","0","2e-08","0","R-integrate-centered-scaled-exponential-power","finite"
"Weibull","large-shape-full-probability-moments","0","9.9999999999999998e-201","1000000","NaN","NaN","NaN","Skewness","-1.1395411328045153","0","2e-08","0","R-integrate-centered-scaled-exponential-power","finite"
"Weibull","large-shape-full-probability-moments","0","9.9999999999999998e-201","1000000","NaN","NaN","NaN","Kurtosis","5.3999710824642673","0","2e-08","0","R-integrate-centered-scaled-exponential-power","finite"
"Weibull","large-shape-full-probability-moments","0","9.9999999999999997e+199","1000000","NaN","NaN","NaN","Mean","9.9999942278534029e+199","0","2e-08","0","R-integrate-centered-scaled-exponential-power","finite"
"Weibull","large-shape-full-probability-moments","0","9.9999999999999997e+199","1000000","NaN","NaN","NaN","StandardDeviation","1.2825481526176019e+194","0","2e-08","0","R-integrate-centered-scaled-exponential-power","finite"
"Weibull","large-shape-full-probability-moments","0","9.9999999999999997e+199","1000000","NaN","NaN","NaN","Skewness","-1.1395411328045153","0","2e-08","0","R-integrate-centered-scaled-exponential-power","finite"
"Weibull","large-shape-full-probability-moments","0","9.9999999999999997e+199","1000000","NaN","NaN","NaN","Kurtosis","5.3999710824642673","0","2e-08","0","R-integrate-centered-scaled-exponential-power","finite"
"Weibull","large-shape-full-probability-moments","0","1","1000000000000","NaN","NaN","NaN","Mean","0.99999999999942268","0","2e-08","0","R-integrate-centered-scaled-exponential-power","finite"
"Weibull","large-shape-full-probability-moments","0","1","1000000000000","NaN","NaN","NaN","StandardDeviation","1.2825498301601897e-12","0","2e-08","0","R-integrate-centered-scaled-exponential-power","finite"
"Weibull","large-shape-full-probability-moments","0","1","1000000000000","NaN","NaN","NaN","Skewness","-1.139547099398682","0","2e-08","0","R-integrate-centered-scaled-exponential-power","finite"
"Weibull","large-shape-full-probability-moments","0","1","1000000000000","NaN","NaN","NaN","Kurtosis","5.3999999999710768","0","2e-08","0","R-integrate-centered-scaled-exponential-power","finite"
"Weibull","large-shape-full-probability-moments","0","9.9999999999999998e-201","1000000000000","NaN","NaN","NaN","Mean","9.9999999999940952e-201","0","2e-08","0","R-integrate-centered-scaled-exponential-power","finite"
"Weibull","large-shape-full-probability-moments","0","9.9999999999999998e-201","1000000000000","NaN","NaN","NaN","StandardDeviation","1.2825498301601794e-212","0","2e-08","0","R-integrate-centered-scaled-exponential-power","finite"
"Weibull","large-shape-full-probability-moments","0","9.9999999999999998e-201","1000000000000","NaN","NaN","NaN","Skewness","-1.139547099398682","0","2e-08","0","R-integrate-centered-scaled-exponential-power","finite"
"Weibull","large-shape-full-probability-moments","0","9.9999999999999998e-201","1000000000000","NaN","NaN","NaN","Kurtosis","5.3999999999710768","0","2e-08","0","R-integrate-centered-scaled-exponential-power","finite"
"Weibull","large-shape-full-probability-moments","0","9.9999999999999997e+199","1000000000000","NaN","NaN","NaN","Mean","9.9999999999945371e+199","0","2e-08","0","R-integrate-centered-scaled-exponential-power","finite"
"Weibull","large-shape-full-probability-moments","0","9.9999999999999997e+199","1000000000000","NaN","NaN","NaN","StandardDeviation","1.2825498301602363e+188","0","2e-08","0","R-integrate-centered-scaled-exponential-power","finite"
"Weibull","large-shape-full-probability-moments","0","9.9999999999999997e+199","1000000000000","NaN","NaN","NaN","Skewness","-1.139547099398682","0","2e-08","0","R-integrate-centered-scaled-exponential-power","finite"
"Weibull","large-shape-full-probability-moments","0","9.9999999999999997e+199","1000000000000","NaN","NaN","NaN","Kurtosis","5.3999999999710768","0","2e-08","0","R-integrate-centered-scaled-exponential-power","finite"
"Weibull","large-shape-full-probability-moments","0","1","9.9999999999999997e+199","NaN","NaN","NaN","Mean","1","0","2e-08","0","R-integrate-centered-scaled-exponential-power","finite"
"Weibull","large-shape-full-probability-moments","0","1","9.9999999999999997e+199","NaN","NaN","NaN","StandardDeviation","1.2825498301618551e-200","0","2e-08","0","R-integrate-centered-scaled-exponential-power","finite"
"Weibull","large-shape-full-probability-moments","0","1","9.9999999999999997e+199","NaN","NaN","NaN","Skewness","-1.1395470994046486","0","2e-08","0","R-integrate-centered-scaled-exponential-power","finite"
"Weibull","large-shape-full-probability-moments","0","1","9.9999999999999997e+199","NaN","NaN","NaN","Kurtosis","5.3999999999999932","0","2e-08","0","R-integrate-centered-scaled-exponential-power","finite"
"Weibull","large-shape-full-probability-moments","0","9.9999999999999998e-201","9.9999999999999997e+199","NaN","NaN","NaN","Mean","9.9999999999997794e-201","0","2e-08","0","R-integrate-centered-scaled-exponential-power","finite"
"Weibull","large-shape-full-probability-moments","0","9.9999999999999998e-201","9.9999999999999997e+199","NaN","NaN","NaN","StandardDeviation","0","0","2e-08","0","R-integrate-centered-scaled-exponential-power","finite"
"Weibull","large-shape-full-probability-moments","0","9.9999999999999998e-201","9.9999999999999997e+199","NaN","NaN","NaN","Skewness","-1.1395470994046486","0","2e-08","0","R-integrate-centered-scaled-exponential-power","finite"
"Weibull","large-shape-full-probability-moments","0","9.9999999999999998e-201","9.9999999999999997e+199","NaN","NaN","NaN","Kurtosis","5.3999999999999932","0","2e-08","0","R-integrate-centered-scaled-exponential-power","finite"
"Weibull","large-shape-full-probability-moments","0","9.9999999999999997e+199","9.9999999999999997e+199","NaN","NaN","NaN","Mean","1.0000000000000221e+200","0","2e-08","0","R-integrate-centered-scaled-exponential-power","finite"
"Weibull","large-shape-full-probability-moments","0","9.9999999999999997e+199","9.9999999999999997e+199","NaN","NaN","NaN","StandardDeviation","1.2825498301618641","0","2e-08","0","R-integrate-centered-scaled-exponential-power","finite"
"Weibull","large-shape-full-probability-moments","0","9.9999999999999997e+199","9.9999999999999997e+199","NaN","NaN","NaN","Skewness","-1.1395470994046486","0","2e-08","0","R-integrate-centered-scaled-exponential-power","finite"
"Weibull","large-shape-full-probability-moments","0","9.9999999999999997e+199","9.9999999999999997e+199","NaN","NaN","NaN","Kurtosis","5.3999999999999932","0","2e-08","0","R-integrate-centered-scaled-exponential-power","finite"
"Exponential","analytic-scale-separated-moments","0","1","0","NaN","NaN","NaN","Mean","1","0","1.9999999999999999e-11","0","R-gamma-and-analytical-moments","finite"
"Exponential","analytic-scale-separated-moments","0","1","0","NaN","NaN","NaN","StandardDeviation","1","0","1.9999999999999999e-11","0","R-gamma-and-analytical-moments","finite"
"Exponential","analytic-scale-separated-moments","0","1","0","NaN","NaN","NaN","Skewness","2","0","1.9999999999999999e-11","0","R-gamma-and-analytical-moments","finite"
"Exponential","analytic-scale-separated-moments","0","1","0","NaN","NaN","NaN","Kurtosis","9","0","1.9999999999999999e-11","0","R-gamma-and-analytical-moments","finite"
"Exponential","analytic-scale-separated-moments","0","9.9999999999999998e-201","0","NaN","NaN","NaN","Mean","9.9999999999999998e-201","0","1.9999999999999999e-11","0","R-gamma-and-analytical-moments","finite"
"Exponential","analytic-scale-separated-moments","0","9.9999999999999998e-201","0","NaN","NaN","NaN","StandardDeviation","9.9999999999999998e-201","0","1.9999999999999999e-11","0","R-gamma-and-analytical-moments","finite"
"Exponential","analytic-scale-separated-moments","0","9.9999999999999998e-201","0","NaN","NaN","NaN","Skewness","2","0","1.9999999999999999e-11","0","R-gamma-and-analytical-moments","finite"
"Exponential","analytic-scale-separated-moments","0","9.9999999999999998e-201","0","NaN","NaN","NaN","Kurtosis","9","0","1.9999999999999999e-11","0","R-gamma-and-analytical-moments","finite"
"Exponential","analytic-scale-separated-moments","0","9.9999999999999997e+199","0","NaN","NaN","NaN","Mean","9.9999999999999997e+199","0","1.9999999999999999e-11","0","R-gamma-and-analytical-moments","finite"
"Exponential","analytic-scale-separated-moments","0","9.9999999999999997e+199","0","NaN","NaN","NaN","StandardDeviation","9.9999999999999997e+199","0","1.9999999999999999e-11","0","R-gamma-and-analytical-moments","finite"
"Exponential","analytic-scale-separated-moments","0","9.9999999999999997e+199","0","NaN","NaN","NaN","Skewness","2","0","1.9999999999999999e-11","0","R-gamma-and-analytical-moments","finite"
"Exponential","analytic-scale-separated-moments","0","9.9999999999999997e+199","0","NaN","NaN","NaN","Kurtosis","9","0","1.9999999999999999e-11","0","R-gamma-and-analytical-moments","finite"
"Gamma","analytic-scale-separated-moments","0","1","0.10000000000000001","NaN","NaN","NaN","Mean","0.10000000000000001","0","1.9999999999999999e-11","0","R-gamma-and-analytical-moments","finite"
"Gamma","analytic-scale-separated-moments","0","1","0.10000000000000001","NaN","NaN","NaN","StandardDeviation","0.31622776601683794","0","1.9999999999999999e-11","0","R-gamma-and-analytical-moments","finite"
"Gamma","analytic-scale-separated-moments","0","1","0.10000000000000001","NaN","NaN","NaN","Skewness","6.3245553203367582","0","1.9999999999999999e-11","0","R-gamma-and-analytical-moments","finite"
"Gamma","analytic-scale-separated-moments","0","1","0.10000000000000001","NaN","NaN","NaN","Kurtosis","63","0","1.9999999999999999e-11","0","R-gamma-and-analytical-moments","finite"
"Gamma","analytic-scale-separated-moments","0","1","1","NaN","NaN","NaN","Mean","1","0","1.9999999999999999e-11","0","R-gamma-and-analytical-moments","finite"
"Gamma","analytic-scale-separated-moments","0","1","1","NaN","NaN","NaN","StandardDeviation","1","0","1.9999999999999999e-11","0","R-gamma-and-analytical-moments","finite"
"Gamma","analytic-scale-separated-moments","0","1","1","NaN","NaN","NaN","Skewness","2","0","1.9999999999999999e-11","0","R-gamma-and-analytical-moments","finite"
"Gamma","analytic-scale-separated-moments","0","1","1","NaN","NaN","NaN","Kurtosis","9","0","1.9999999999999999e-11","0","R-gamma-and-analytical-moments","finite"
"Gamma","analytic-scale-separated-moments","0","1","2","NaN","NaN","NaN","Mean","2","0","1.9999999999999999e-11","0","R-gamma-and-analytical-moments","finite"
"Gamma","analytic-scale-separated-moments","0","1","2","NaN","NaN","NaN","StandardDeviation","1.4142135623730951","0","1.9999999999999999e-11","0","R-gamma-and-analytical-moments","finite"
"Gamma","analytic-scale-separated-moments","0","1","2","NaN","NaN","NaN","Skewness","1.4142135623730949","0","1.9999999999999999e-11","0","R-gamma-and-analytical-moments","finite"
"Gamma","analytic-scale-separated-moments","0","1","2","NaN","NaN","NaN","Kurtosis","6","0","1.9999999999999999e-11","0","R-gamma-and-analytical-moments","finite"
"Gamma","analytic-scale-separated-moments","0","1","100","NaN","NaN","NaN","Mean","100","0","1.9999999999999999e-11","0","R-gamma-and-analytical-moments","finite"
"Gamma","analytic-scale-separated-moments","0","1","100","NaN","NaN","NaN","StandardDeviation","10","0","1.9999999999999999e-11","0","R-gamma-and-analytical-moments","finite"
"Gamma","analytic-scale-separated-moments","0","1","100","NaN","NaN","NaN","Skewness","0.20000000000000001","0","1.9999999999999999e-11","0","R-gamma-and-analytical-moments","finite"
"Gamma","analytic-scale-separated-moments","0","1","100","NaN","NaN","NaN","Kurtosis","3.0600000000000001","0","1.9999999999999999e-11","0","R-gamma-and-analytical-moments","finite"
"Gamma","analytic-scale-separated-moments","0","9.9999999999999998e-201","0.10000000000000001","NaN","NaN","NaN","Mean","1.0000000000000001e-201","0","1.9999999999999999e-11","0","R-gamma-and-analytical-moments","finite"
"Gamma","analytic-scale-separated-moments","0","9.9999999999999998e-201","0.10000000000000001","NaN","NaN","NaN","StandardDeviation","3.1622776601683792e-201","0","1.9999999999999999e-11","0","R-gamma-and-analytical-moments","finite"
"Gamma","analytic-scale-separated-moments","0","9.9999999999999998e-201","0.10000000000000001","NaN","NaN","NaN","Skewness","6.3245553203367582","0","1.9999999999999999e-11","0","R-gamma-and-analytical-moments","finite"
"Gamma","analytic-scale-separated-moments","0","9.9999999999999998e-201","0.10000000000000001","NaN","NaN","NaN","Kurtosis","63","0","1.9999999999999999e-11","0","R-gamma-and-analytical-moments","finite"
"Gamma","analytic-scale-separated-moments","0","9.9999999999999998e-201","1","NaN","NaN","NaN","Mean","9.9999999999999998e-201","0","1.9999999999999999e-11","0","R-gamma-and-analytical-moments","finite"
"Gamma","analytic-scale-separated-moments","0","9.9999999999999998e-201","1","NaN","NaN","NaN","StandardDeviation","9.9999999999999998e-201","0","1.9999999999999999e-11","0","R-gamma-and-analytical-moments","finite"
"Gamma","analytic-scale-separated-moments","0","9.9999999999999998e-201","1","NaN","NaN","NaN","Skewness","2","0","1.9999999999999999e-11","0","R-gamma-and-analytical-moments","finite"
"Gamma","analytic-scale-separated-moments","0","9.9999999999999998e-201","1","NaN","NaN","NaN","Kurtosis","9","0","1.9999999999999999e-11","0","R-gamma-and-analytical-moments","finite"
"Gamma","analytic-scale-separated-moments","0","9.9999999999999998e-201","2","NaN","NaN","NaN","Mean","2e-200","0","1.9999999999999999e-11","0","R-gamma-and-analytical-moments","finite"
"Gamma","analytic-scale-separated-moments","0","9.9999999999999998e-201","2","NaN","NaN","NaN","StandardDeviation","1.414213562373095e-200","0","1.9999999999999999e-11","0","R-gamma-and-analytical-moments","finite"
"Gamma","analytic-scale-separated-moments","0","9.9999999999999998e-201","2","NaN","NaN","NaN","Skewness","1.4142135623730949","0","1.9999999999999999e-11","0","R-gamma-and-analytical-moments","finite"
"Gamma","analytic-scale-separated-moments","0","9.9999999999999998e-201","2","NaN","NaN","NaN","Kurtosis","6","0","1.9999999999999999e-11","0","R-gamma-and-analytical-moments","finite"
"Gamma","analytic-scale-separated-moments","0","9.9999999999999998e-201","100","NaN","NaN","NaN","Mean","9.9999999999999991e-199","0","1.9999999999999999e-11","0","R-gamma-and-analytical-moments","finite"
"Gamma","analytic-scale-separated-moments","0","9.9999999999999998e-201","100","NaN","NaN","NaN","StandardDeviation","9.9999999999999998e-200","0","1.9999999999999999e-11","0","R-gamma-and-analytical-moments","finite"
"Gamma","analytic-scale-separated-moments","0","9.9999999999999998e-201","100","NaN","NaN","NaN","Skewness","0.20000000000000001","0","1.9999999999999999e-11","0","R-gamma-and-analytical-moments","finite"
"Gamma","analytic-scale-separated-moments","0","9.9999999999999998e-201","100","NaN","NaN","NaN","Kurtosis","3.0600000000000001","0","1.9999999999999999e-11","0","R-gamma-and-analytical-moments","finite"
"Gamma","analytic-scale-separated-moments","0","9.9999999999999997e+199","0.10000000000000001","NaN","NaN","NaN","Mean","1.0000000000000001e+199","0","1.9999999999999999e-11","0","R-gamma-and-analytical-moments","finite"
"Gamma","analytic-scale-separated-moments","0","9.9999999999999997e+199","0.10000000000000001","NaN","NaN","NaN","StandardDeviation","3.1622776601683793e+199","0","1.9999999999999999e-11","0","R-gamma-and-analytical-moments","finite"
"Gamma","analytic-scale-separated-moments","0","9.9999999999999997e+199","0.10000000000000001","NaN","NaN","NaN","Skewness","6.3245553203367582","0","1.9999999999999999e-11","0","R-gamma-and-analytical-moments","finite"
"Gamma","analytic-scale-separated-moments","0","9.9999999999999997e+199","0.10000000000000001","NaN","NaN","NaN","Kurtosis","63","0","1.9999999999999999e-11","0","R-gamma-and-analytical-moments","finite"
"Gamma","analytic-scale-separated-moments","0","9.9999999999999997e+199","1","NaN","NaN","NaN","Mean","9.9999999999999997e+199","0","1.9999999999999999e-11","0","R-gamma-and-analytical-moments","finite"
"Gamma","analytic-scale-separated-moments","0","9.9999999999999997e+199","1","NaN","NaN","NaN","StandardDeviation","9.9999999999999997e+199","0","1.9999999999999999e-11","0","R-gamma-and-analytical-moments","finite"
"Gamma","analytic-scale-separated-moments","0","9.9999999999999997e+199","1","NaN","NaN","NaN","Skewness","2","0","1.9999999999999999e-11","0","R-gamma-and-analytical-moments","finite"
"Gamma","analytic-scale-separated-moments","0","9.9999999999999997e+199","1","NaN","NaN","NaN","Kurtosis","9","0","1.9999999999999999e-11","0","R-gamma-and-analytical-moments","finite"
"Gamma","analytic-scale-separated-moments","0","9.9999999999999997e+199","2","NaN","NaN","NaN","Mean","1.9999999999999999e+200","0","1.9999999999999999e-11","0","R-gamma-and-analytical-moments","finite"
"Gamma","analytic-scale-separated-moments","0","9.9999999999999997e+199","2","NaN","NaN","NaN","StandardDeviation","1.414213562373095e+200","0","1.9999999999999999e-11","0","R-gamma-and-analytical-moments","finite"
"Gamma","analytic-scale-separated-moments","0","9.9999999999999997e+199","2","NaN","NaN","NaN","Skewness","1.4142135623730949","0","1.9999999999999999e-11","0","R-gamma-and-analytical-moments","finite"
"Gamma","analytic-scale-separated-moments","0","9.9999999999999997e+199","2","NaN","NaN","NaN","Kurtosis","6","0","1.9999999999999999e-11","0","R-gamma-and-analytical-moments","finite"
"Gamma","analytic-scale-separated-moments","0","9.9999999999999997e+199","100","NaN","NaN","NaN","Mean","9.999999999999999e+201","0","1.9999999999999999e-11","0","R-gamma-and-analytical-moments","finite"
"Gamma","analytic-scale-separated-moments","0","9.9999999999999997e+199","100","NaN","NaN","NaN","StandardDeviation","9.999999999999999e+200","0","1.9999999999999999e-11","0","R-gamma-and-analytical-moments","finite"
"Gamma","analytic-scale-separated-moments","0","9.9999999999999997e+199","100","NaN","NaN","NaN","Skewness","0.20000000000000001","0","1.9999999999999999e-11","0","R-gamma-and-analytical-moments","finite"
"Gamma","analytic-scale-separated-moments","0","9.9999999999999997e+199","100","NaN","NaN","NaN","Kurtosis","3.0600000000000001","0","1.9999999999999999e-11","0","R-gamma-and-analytical-moments","finite"
"Gumbel","analytic-scale-separated-moments","0","1","0","NaN","NaN","NaN","Mean","0.57721566490153231","0","1.9999999999999999e-11","0","R-gamma-and-analytical-moments","finite"
"Gumbel","analytic-scale-separated-moments","0","1","0","NaN","NaN","NaN","StandardDeviation","1.2825498301618641","0","1.9999999999999999e-11","0","R-gamma-and-analytical-moments","finite"
"Gumbel","analytic-scale-separated-moments","0","1","0","NaN","NaN","NaN","Skewness","1.1395470994046486","0","1.9999999999999999e-11","0","R-gamma-and-analytical-moments","finite"
"Gumbel","analytic-scale-separated-moments","0","1","0","NaN","NaN","NaN","Kurtosis","5.4000000000000004","0","1.9999999999999999e-11","0","R-gamma-and-analytical-moments","finite"
"Gumbel","analytic-scale-separated-moments","0","9.9999999999999998e-201","0","NaN","NaN","NaN","Mean","5.7721566490153227e-201","0","1.9999999999999999e-11","0","R-gamma-and-analytical-moments","finite"
"Gumbel","analytic-scale-separated-moments","0","9.9999999999999998e-201","0","NaN","NaN","NaN","StandardDeviation","1.2825498301618641e-200","0","1.9999999999999999e-11","0","R-gamma-and-analytical-moments","finite"
"Gumbel","analytic-scale-separated-moments","0","9.9999999999999998e-201","0","NaN","NaN","NaN","Skewness","1.1395470994046486","0","1.9999999999999999e-11","0","R-gamma-and-analytical-moments","finite"
"Gumbel","analytic-scale-separated-moments","0","9.9999999999999998e-201","0","NaN","NaN","NaN","Kurtosis","5.4000000000000004","0","1.9999999999999999e-11","0","R-gamma-and-analytical-moments","finite"
"Gumbel","analytic-scale-separated-moments","0","9.9999999999999997e+199","0","NaN","NaN","NaN","Mean","5.7721566490153228e+199","0","1.9999999999999999e-11","0","R-gamma-and-analytical-moments","finite"
"Gumbel","analytic-scale-separated-moments","0","9.9999999999999997e+199","0","NaN","NaN","NaN","StandardDeviation","1.282549830161864e+200","0","1.9999999999999999e-11","0","R-gamma-and-analytical-moments","finite"
"Gumbel","analytic-scale-separated-moments","0","9.9999999999999997e+199","0","NaN","NaN","NaN","Skewness","1.1395470994046486","0","1.9999999999999999e-11","0","R-gamma-and-analytical-moments","finite"
"Gumbel","analytic-scale-separated-moments","0","9.9999999999999997e+199","0","NaN","NaN","NaN","Kurtosis","5.4000000000000004","0","1.9999999999999999e-11","0","R-gamma-and-analytical-moments","finite"
"Weibull","analytic-scale-separated-moments","0","1","0.5","NaN","NaN","NaN","Mean","2","0","2e-08","0","R-gamma-and-analytical-moments","finite"
"Weibull","analytic-scale-separated-moments","0","1","0.5","NaN","NaN","NaN","StandardDeviation","4.4721359549995796","0","2e-08","0","R-gamma-and-analytical-moments","finite"
"Weibull","analytic-scale-separated-moments","0","1","0.5","NaN","NaN","NaN","Skewness","6.6187612133993774","0","2e-08","0","R-gamma-and-analytical-moments","finite"
"Weibull","analytic-scale-separated-moments","0","1","0.5","NaN","NaN","NaN","Kurtosis","87.719999999999999","0","2e-08","0","R-gamma-and-analytical-moments","finite"
"Weibull","analytic-scale-separated-moments","0","1","1","NaN","NaN","NaN","Mean","1","0","2e-08","0","R-gamma-and-analytical-moments","finite"
"Weibull","analytic-scale-separated-moments","0","1","1","NaN","NaN","NaN","StandardDeviation","1","0","2e-08","0","R-gamma-and-analytical-moments","finite"
"Weibull","analytic-scale-separated-moments","0","1","1","NaN","NaN","NaN","Skewness","2","0","2e-08","0","R-gamma-and-analytical-moments","finite"
"Weibull","analytic-scale-separated-moments","0","1","1","NaN","NaN","NaN","Kurtosis","9","0","2e-08","0","R-gamma-and-analytical-moments","finite"
"Weibull","analytic-scale-separated-moments","0","1","2","NaN","NaN","NaN","Mean","0.88622692545275805","0","2e-08","0","R-gamma-and-analytical-moments","finite"
"Weibull","analytic-scale-separated-moments","0","1","2","NaN","NaN","NaN","StandardDeviation","0.46325137517610415","0","2e-08","0","R-gamma-and-analytical-moments","finite"
"Weibull","analytic-scale-separated-moments","0","1","2","NaN","NaN","NaN","Skewness","0.63111065781893982","0","2e-08","0","R-gamma-and-analytical-moments","finite"
"Weibull","analytic-scale-separated-moments","0","1","2","NaN","NaN","NaN","Kurtosis","3.2450893006876576","0","2e-08","0","R-gamma-and-analytical-moments","finite"
"Weibull","analytic-scale-separated-moments","0","1","10","NaN","NaN","NaN","Mean","0.95135076986687317","0","2e-08","0","R-gamma-and-analytical-moments","finite"
"Weibull","analytic-scale-separated-moments","0","1","10","NaN","NaN","NaN","StandardDeviation","0.11445721940300818","0","2e-08","0","R-gamma-and-analytical-moments","finite"
"Weibull","analytic-scale-separated-moments","0","1","10","NaN","NaN","NaN","Skewness","-0.63763713390328691","0","2e-08","0","R-gamma-and-analytical-moments","finite"
"Weibull","analytic-scale-separated-moments","0","1","10","NaN","NaN","NaN","Kurtosis","3.5701664835660853","0","2e-08","0","R-gamma-and-analytical-moments","finite"
"Weibull","analytic-scale-separated-moments","0","9.9999999999999998e-201","0.5","NaN","NaN","NaN","Mean","2e-200","0","2e-08","0","R-gamma-and-analytical-moments","finite"
"Weibull","analytic-scale-separated-moments","0","9.9999999999999998e-201","0.5","NaN","NaN","NaN","StandardDeviation","4.4721359549995793e-200","0","2e-08","0","R-gamma-and-analytical-moments","finite"
"Weibull","analytic-scale-separated-moments","0","9.9999999999999998e-201","0.5","NaN","NaN","NaN","Skewness","6.6187612133993774","0","2e-08","0","R-gamma-and-analytical-moments","finite"
"Weibull","analytic-scale-separated-moments","0","9.9999999999999998e-201","0.5","NaN","NaN","NaN","Kurtosis","87.719999999999999","0","2e-08","0","R-gamma-and-analytical-moments","finite"
"Weibull","analytic-scale-separated-moments","0","9.9999999999999998e-201","1","NaN","NaN","NaN","Mean","9.9999999999999998e-201","0","2e-08","0","R-gamma-and-analytical-moments","finite"
"Weibull","analytic-scale-separated-moments","0","9.9999999999999998e-201","1","NaN","NaN","NaN","StandardDeviation","9.9999999999999998e-201","0","2e-08","0","R-gamma-and-analytical-moments","finite"
"Weibull","analytic-scale-separated-moments","0","9.9999999999999998e-201","1","NaN","NaN","NaN","Skewness","2","0","2e-08","0","R-gamma-and-analytical-moments","finite"
"Weibull","analytic-scale-separated-moments","0","9.9999999999999998e-201","1","NaN","NaN","NaN","Kurtosis","9","0","2e-08","0","R-gamma-and-analytical-moments","finite"
"Weibull","analytic-scale-separated-moments","0","9.9999999999999998e-201","2","NaN","NaN","NaN","Mean","8.8622692545275799e-201","0","2e-08","0","R-gamma-and-analytical-moments","finite"
"Weibull","analytic-scale-separated-moments","0","9.9999999999999998e-201","2","NaN","NaN","NaN","StandardDeviation","4.6325137517610418e-201","0","2e-08","0","R-gamma-and-analytical-moments","finite"
"Weibull","analytic-scale-separated-moments","0","9.9999999999999998e-201","2","NaN","NaN","NaN","Skewness","0.63111065781893982","0","2e-08","0","R-gamma-and-analytical-moments","finite"
"Weibull","analytic-scale-separated-moments","0","9.9999999999999998e-201","2","NaN","NaN","NaN","Kurtosis","3.2450893006876576","0","2e-08","0","R-gamma-and-analytical-moments","finite"
"Weibull","analytic-scale-separated-moments","0","9.9999999999999998e-201","10","NaN","NaN","NaN","Mean","9.5135076986687315e-201","0","2e-08","0","R-gamma-and-analytical-moments","finite"
"Weibull","analytic-scale-separated-moments","0","9.9999999999999998e-201","10","NaN","NaN","NaN","StandardDeviation","1.1445721940300819e-201","0","2e-08","0","R-gamma-and-analytical-moments","finite"
"Weibull","analytic-scale-separated-moments","0","9.9999999999999998e-201","10","NaN","NaN","NaN","Skewness","-0.63763713390328691","0","2e-08","0","R-gamma-and-analytical-moments","finite"
"Weibull","analytic-scale-separated-moments","0","9.9999999999999998e-201","10","NaN","NaN","NaN","Kurtosis","3.5701664835660853","0","2e-08","0","R-gamma-and-analytical-moments","finite"
"Weibull","analytic-scale-separated-moments","0","9.9999999999999997e+199","0.5","NaN","NaN","NaN","Mean","1.9999999999999999e+200","0","2e-08","0","R-gamma-and-analytical-moments","finite"
"Weibull","analytic-scale-separated-moments","0","9.9999999999999997e+199","0.5","NaN","NaN","NaN","StandardDeviation","4.4721359549995795e+200","0","2e-08","0","R-gamma-and-analytical-moments","finite"
"Weibull","analytic-scale-separated-moments","0","9.9999999999999997e+199","0.5","NaN","NaN","NaN","Skewness","6.6187612133993774","0","2e-08","0","R-gamma-and-analytical-moments","finite"
"Weibull","analytic-scale-separated-moments","0","9.9999999999999997e+199","0.5","NaN","NaN","NaN","Kurtosis","87.719999999999999","0","2e-08","0","R-gamma-and-analytical-moments","finite"
"Weibull","analytic-scale-separated-moments","0","9.9999999999999997e+199","1","NaN","NaN","NaN","Mean","9.9999999999999997e+199","0","2e-08","0","R-gamma-and-analytical-moments","finite"
"Weibull","analytic-scale-separated-moments","0","9.9999999999999997e+199","1","NaN","NaN","NaN","StandardDeviation","9.9999999999999997e+199","0","2e-08","0","R-gamma-and-analytical-moments","finite"
"Weibull","analytic-scale-separated-moments","0","9.9999999999999997e+199","1","NaN","NaN","NaN","Skewness","2","0","2e-08","0","R-gamma-and-analytical-moments","finite"
"Weibull","analytic-scale-separated-moments","0","9.9999999999999997e+199","1","NaN","NaN","NaN","Kurtosis","9","0","2e-08","0","R-gamma-and-analytical-moments","finite"
"Weibull","analytic-scale-separated-moments","0","9.9999999999999997e+199","2","NaN","NaN","NaN","Mean","8.8622692545275797e+199","0","2e-08","0","R-gamma-and-analytical-moments","finite"
"Weibull","analytic-scale-separated-moments","0","9.9999999999999997e+199","2","NaN","NaN","NaN","StandardDeviation","4.6325137517610414e+199","0","2e-08","0","R-gamma-and-analytical-moments","finite"
"Weibull","analytic-scale-separated-moments","0","9.9999999999999997e+199","2","NaN","NaN","NaN","Skewness","0.63111065781893982","0","2e-08","0","R-gamma-and-analytical-moments","finite"
"Weibull","analytic-scale-separated-moments","0","9.9999999999999997e+199","2","NaN","NaN","NaN","Kurtosis","3.2450893006876576","0","2e-08","0","R-gamma-and-analytical-moments","finite"
"Weibull","analytic-scale-separated-moments","0","9.9999999999999997e+199","10","NaN","NaN","NaN","Mean","9.513507698668732e+199","0","2e-08","0","R-gamma-and-analytical-moments","finite"
"Weibull","analytic-scale-separated-moments","0","9.9999999999999997e+199","10","NaN","NaN","NaN","StandardDeviation","1.1445721940300817e+199","0","2e-08","0","R-gamma-and-analytical-moments","finite"
"Weibull","analytic-scale-separated-moments","0","9.9999999999999997e+199","10","NaN","NaN","NaN","Skewness","-0.63763713390328691","0","2e-08","0","R-gamma-and-analytical-moments","finite"
"Weibull","analytic-scale-separated-moments","0","9.9999999999999997e+199","10","NaN","NaN","NaN","Kurtosis","3.5701664835660853","0","2e-08","0","R-gamma-and-analytical-moments","finite"
"Exponential","actual-MLE-order-statistics-covariance","0","1","0","NaN","NaN","2","Covariance11","0.25","9.9999999999999998e-13","2.0000000000000001e-09","0","actual-MLE-order-statistics","finite"
"Exponential","actual-MLE-order-statistics-covariance","0","1","0","NaN","NaN","2","Covariance12","0","9.9999999999999998e-13","2.0000000000000001e-09","0","actual-MLE-order-statistics","finite"
"Exponential","actual-MLE-order-statistics-covariance","0","1","0","NaN","NaN","2","Covariance22","0.25","9.9999999999999998e-13","2.0000000000000001e-09","0","actual-MLE-order-statistics","finite"
"Exponential","actual-MLE-order-statistics-covariance","0","1","0","NaN","NaN","10","Covariance11","0.01","9.9999999999999998e-13","2.0000000000000001e-09","0","actual-MLE-order-statistics","finite"
"Exponential","actual-MLE-order-statistics-covariance","0","1","0","NaN","NaN","10","Covariance12","0","9.9999999999999998e-13","2.0000000000000001e-09","0","actual-MLE-order-statistics","finite"
"Exponential","actual-MLE-order-statistics-covariance","0","1","0","NaN","NaN","10","Covariance22","0.089999999999999997","9.9999999999999998e-13","2.0000000000000001e-09","0","actual-MLE-order-statistics","finite"
"Exponential","actual-MLE-order-statistics-covariance","0","1","0","NaN","NaN","100","Covariance11","0.0001","9.9999999999999998e-13","2.0000000000000001e-09","0","actual-MLE-order-statistics","finite"
"Exponential","actual-MLE-order-statistics-covariance","0","1","0","NaN","NaN","100","Covariance12","0","9.9999999999999998e-13","2.0000000000000001e-09","0","actual-MLE-order-statistics","finite"
"Exponential","actual-MLE-order-statistics-covariance","0","1","0","NaN","NaN","100","Covariance22","0.0099000000000000008","9.9999999999999998e-13","2.0000000000000001e-09","0","actual-MLE-order-statistics","finite"
"Exponential","actual-MLE-order-statistics-covariance","0","1","0","NaN","NaN","50000","Covariance11","4.0000000000000001e-10","9.9999999999999998e-13","2.0000000000000001e-09","0","actual-MLE-order-statistics","finite"
"Exponential","actual-MLE-order-statistics-covariance","0","1","0","NaN","NaN","50000","Covariance12","0","9.9999999999999998e-13","2.0000000000000001e-09","0","actual-MLE-order-statistics","finite"
"Exponential","actual-MLE-order-statistics-covariance","0","1","0","NaN","NaN","50000","Covariance22","1.9999600000000001e-05","9.9999999999999998e-13","2.0000000000000001e-09","0","actual-MLE-order-statistics","finite"
"Gamma","MLE-R-trigamma-covariance","0","1","0.001","NaN","NaN","100","Covariance11","10.010009993551806","9.9999999999999998e-13","2.0000000000000001e-09","0","MLE-R-trigamma","finite"
"Gamma","MLE-R-trigamma-covariance","0","1","0.001","NaN","NaN","100","Covariance12","-1.0009993551805106e-05","9.9999999999999998e-13","2.0000000000000001e-09","0","MLE-R-trigamma","finite"
"Gamma","MLE-R-trigamma-covariance","0","1","0.001","NaN","NaN","100","Covariance22","1.0009993551805107e-08","9.9999999999999998e-13","2.0000000000000001e-09","0","MLE-R-trigamma","finite"
"Gamma","MoM-independent-moment-Jacobian-covariance","0","1","0.001","NaN","NaN","100","Covariance11","30.02","9.9999999999999998e-13","2.0000000000000001e-09","0","MoM-independent-moment-Jacobian","finite"
"Gamma","MoM-independent-moment-Jacobian-covariance","0","1","0.001","NaN","NaN","100","Covariance12","-0.020019999999999996","9.9999999999999998e-13","2.0000000000000001e-09","0","MoM-independent-moment-Jacobian","finite"
"Gamma","MoM-independent-moment-Jacobian-covariance","0","1","0.001","NaN","NaN","100","Covariance22","2.0019999999999995e-05","9.9999999999999998e-13","2.0000000000000001e-09","0","MoM-independent-moment-Jacobian","finite"
"Gamma","MLE-R-trigamma-covariance","0","1","0.10000000000000001","NaN","NaN","100","Covariance11","0.11093693445700553","9.9999999999999998e-13","2.0000000000000001e-09","0","MLE-R-trigamma","finite"
"Gamma","MLE-R-trigamma-covariance","0","1","0.10000000000000001","NaN","NaN","100","Covariance12","-0.0010936934457005533","9.9999999999999998e-13","2.0000000000000001e-09","0","MLE-R-trigamma","finite"
"Gamma","MLE-R-trigamma-covariance","0","1","0.10000000000000001","NaN","NaN","100","Covariance22","0.00010936934457005534","9.9999999999999998e-13","2.0000000000000001e-09","0","MLE-R-trigamma","finite"
"Gamma","MoM-independent-moment-Jacobian-covariance","0","1","0.10000000000000001","NaN","NaN","100","Covariance11","0.32000000000000012","9.9999999999999998e-13","2.0000000000000001e-09","0","MoM-independent-moment-Jacobian","finite"
"Gamma","MoM-independent-moment-Jacobian-covariance","0","1","0.10000000000000001","NaN","NaN","100","Covariance12","-0.022000000000000009","9.9999999999999998e-13","2.0000000000000001e-09","0","MoM-independent-moment-Jacobian","finite"
"Gamma","MoM-independent-moment-Jacobian-covariance","0","1","0.10000000000000001","NaN","NaN","100","Covariance22","0.002200000000000001","9.9999999999999998e-13","2.0000000000000001e-09","0","MoM-independent-moment-Jacobian","finite"
"Gamma","MLE-R-trigamma-covariance","0","1","1","NaN","NaN","100","Covariance11","0.025505460967304303","9.9999999999999998e-13","2.0000000000000001e-09","0","MLE-R-trigamma","finite"
"Gamma","MLE-R-trigamma-covariance","0","1","1","NaN","NaN","100","Covariance12","-0.015505460967304305","9.9999999999999998e-13","2.0000000000000001e-09","0","MLE-R-trigamma","finite"
"Gamma","MLE-R-trigamma-covariance","0","1","1","NaN","NaN","100","Covariance22","0.015505460967304305","9.9999999999999998e-13","2.0000000000000001e-09","0","MLE-R-trigamma","finite"
"Gamma","MoM-independent-moment-Jacobian-covariance","0","1","1","NaN","NaN","100","Covariance11","0.050000000000000003","9.9999999999999998e-13","2.0000000000000001e-09","0","MoM-independent-moment-Jacobian","finite"
"Gamma","MoM-independent-moment-Jacobian-covariance","0","1","1","NaN","NaN","100","Covariance12","-0.040000000000000001","9.9999999999999998e-13","2.0000000000000001e-09","0","MoM-independent-moment-Jacobian","finite"
"Gamma","MoM-independent-moment-Jacobian-covariance","0","1","1","NaN","NaN","100","Covariance22","0.040000000000000001","9.9999999999999998e-13","2.0000000000000001e-09","0","MoM-independent-moment-Jacobian","finite"
"Gamma","MLE-R-trigamma-covariance","0","1","2","NaN","NaN","100","Covariance11","0.022249222728414682","9.9999999999999998e-13","2.0000000000000001e-09","0","MLE-R-trigamma","finite"
"Gamma","MLE-R-trigamma-covariance","0","1","2","NaN","NaN","100","Covariance12","-0.034498445456829362","9.9999999999999998e-13","2.0000000000000001e-09","0","MLE-R-trigamma","finite"
"Gamma","MLE-R-trigamma-covariance","0","1","2","NaN","NaN","100","Covariance22","0.068996890913658723","9.9999999999999998e-13","2.0000000000000001e-09","0","MLE-R-trigamma","finite"
"Gamma","MoM-independent-moment-Jacobian-covariance","0","1","2","NaN","NaN","100","Covariance11","0.035000000000000003","9.9999999999999998e-13","2.0000000000000001e-09","0","MoM-independent-moment-Jacobian","finite"
"Gamma","MoM-independent-moment-Jacobian-covariance","0","1","2","NaN","NaN","100","Covariance12","-0.059999999999999998","9.9999999999999998e-13","2.0000000000000001e-09","0","MoM-independent-moment-Jacobian","finite"
"Gamma","MoM-independent-moment-Jacobian-covariance","0","1","2","NaN","NaN","100","Covariance22","0.12","9.9999999999999998e-13","2.0000000000000001e-09","0","MoM-independent-moment-Jacobian","finite"
"Gamma","MLE-R-trigamma-covariance","0","1","100","NaN","NaN","100","Covariance11","0.020033556141671988","9.9999999999999998e-13","2.0000000000000001e-09","0","MLE-R-trigamma","finite"
"Gamma","MLE-R-trigamma-covariance","0","1","100","NaN","NaN","100","Covariance12","-1.9933556141671986","9.9999999999999998e-13","2.0000000000000001e-09","0","MLE-R-trigamma","finite"
"Gamma","MLE-R-trigamma-covariance","0","1","100","NaN","NaN","100","Covariance22","199.33556141671986","9.9999999999999998e-13","2.0000000000000001e-09","0","MLE-R-trigamma","finite"
"Gamma","MoM-independent-moment-Jacobian-covariance","0","1","100","NaN","NaN","100","Covariance11","0.020300000000000002","9.9999999999999998e-13","2.0000000000000001e-09","0","MoM-independent-moment-Jacobian","finite"
"Gamma","MoM-independent-moment-Jacobian-covariance","0","1","100","NaN","NaN","100","Covariance12","-2.02","9.9999999999999998e-13","2.0000000000000001e-09","0","MoM-independent-moment-Jacobian","finite"
"Gamma","MoM-independent-moment-Jacobian-covariance","0","1","100","NaN","NaN","100","Covariance22","202","9.9999999999999998e-13","2.0000000000000001e-09","0","MoM-independent-moment-Jacobian","finite"
"Gamma","MLE-R-trigamma-covariance","0","1","10000","NaN","NaN","100","Covariance11","0.020000333355901515","9.9999999999999998e-13","2.0000000000000001e-09","0","MLE-R-trigamma","finite"
"Gamma","MLE-R-trigamma-covariance","0","1","10000","NaN","NaN","100","Covariance12","-199.99333355901516","9.9999999999999998e-13","2.0000000000000001e-09","0","MLE-R-trigamma","finite"
"Gamma","MLE-R-trigamma-covariance","0","1","10000","NaN","NaN","100","Covariance22","1999933.3355901514","9.9999999999999998e-13","2.0000000000000001e-09","0","MLE-R-trigamma","finite"
"Gamma","MoM-independent-moment-Jacobian-covariance","0","1","10000","NaN","NaN","100","Covariance11","0.020002999999999996","9.9999999999999998e-13","2.0000000000000001e-09","0","MoM-independent-moment-Jacobian","finite"
"Gamma","MoM-independent-moment-Jacobian-covariance","0","1","10000","NaN","NaN","100","Covariance12","-200.02000000000001","9.9999999999999998e-13","2.0000000000000001e-09","0","MoM-independent-moment-Jacobian","finite"
"Gamma","MoM-independent-moment-Jacobian-covariance","0","1","10000","NaN","NaN","100","Covariance22","2000200","9.9999999999999998e-13","2.0000000000000001e-09","0","MoM-independent-moment-Jacobian","finite"
"Gumbel","MLE-exact-Euler-pi-covariance","0","1","0","NaN","NaN","100","Covariance11","0.011086648988595273","9.9999999999999998e-13","2.0000000000000001e-09","0","MLE-exact-Euler-pi","finite"
"Gumbel","MLE-exact-Euler-pi-covariance","0","1","0","NaN","NaN","100","Covariance12","0.0025702205554569311","9.9999999999999998e-13","2.0000000000000001e-09","0","MLE-exact-Euler-pi","finite"
"Gumbel","MLE-exact-Euler-pi-covariance","0","1","0","NaN","NaN","100","Covariance22","0.0060792710185402664","9.9999999999999998e-13","2.0000000000000001e-09","0","MLE-exact-Euler-pi","finite"
"Weibull","MLE-exact-Euler-pi-covariance","0","1","0.5","NaN","NaN","100","Covariance11","0.044346595954381091","9.9999999999999998e-13","2.0000000000000001e-09","0","MLE-exact-Euler-pi","finite"
"Weibull","MLE-exact-Euler-pi-covariance","0","1","0.5","NaN","NaN","100","Covariance12","0.0025702205554569311","9.9999999999999998e-13","2.0000000000000001e-09","0","MLE-exact-Euler-pi","finite"
"Weibull","MLE-exact-Euler-pi-covariance","0","1","0.5","NaN","NaN","100","Covariance22","0.0015198177546350666","9.9999999999999998e-13","2.0000000000000001e-09","0","MLE-exact-Euler-pi","finite"
"Weibull","MLE-exact-Euler-pi-covariance","0","1","1","NaN","NaN","100","Covariance11","0.011086648988595273","9.9999999999999998e-13","2.0000000000000001e-09","0","MLE-exact-Euler-pi","finite"
"Weibull","MLE-exact-Euler-pi-covariance","0","1","1","NaN","NaN","100","Covariance12","0.0025702205554569311","9.9999999999999998e-13","2.0000000000000001e-09","0","MLE-exact-Euler-pi","finite"
"Weibull","MLE-exact-Euler-pi-covariance","0","1","1","NaN","NaN","100","Covariance22","0.0060792710185402664","9.9999999999999998e-13","2.0000000000000001e-09","0","MLE-exact-Euler-pi","finite"
"Weibull","MLE-exact-Euler-pi-covariance","0","1","2","NaN","NaN","100","Covariance11","0.0027716622471488182","9.9999999999999998e-13","2.0000000000000001e-09","0","MLE-exact-Euler-pi","finite"
"Weibull","MLE-exact-Euler-pi-covariance","0","1","2","NaN","NaN","100","Covariance12","0.0025702205554569311","9.9999999999999998e-13","2.0000000000000001e-09","0","MLE-exact-Euler-pi","finite"
"Weibull","MLE-exact-Euler-pi-covariance","0","1","2","NaN","NaN","100","Covariance22","0.024317084074161065","9.9999999999999998e-13","2.0000000000000001e-09","0","MLE-exact-Euler-pi","finite"
"Weibull","MLE-exact-Euler-pi-covariance","0","1","10","NaN","NaN","100","Covariance11","0.00011086648988595273","9.9999999999999998e-13","2.0000000000000001e-09","0","MLE-exact-Euler-pi","finite"
"Weibull","MLE-exact-Euler-pi-covariance","0","1","10","NaN","NaN","100","Covariance12","0.0025702205554569311","9.9999999999999998e-13","2.0000000000000001e-09","0","MLE-exact-Euler-pi","finite"
"Weibull","MLE-exact-Euler-pi-covariance","0","1","10","NaN","NaN","100","Covariance22","0.60792710185402665","9.9999999999999998e-13","2.0000000000000001e-09","0","MLE-exact-Euler-pi","finite"
"GPA","MLE-Hosking-Wallis-covariance","0","1","-0.20000000000000001","NaN","NaN","100","Covariance11","0.0001008044208915856","9.9999999999999998e-13","2.0000000000000001e-09","0","MLE-Hosking-Wallis","finite"
"GPA","MLE-Hosking-Wallis-covariance","0","1","-0.20000000000000001","NaN","NaN","100","Covariance12","0","9.9999999999999998e-13","2.0000000000000001e-09","0","MLE-Hosking-Wallis","finite"
"GPA","MLE-Hosking-Wallis-covariance","0","1","-0.20000000000000001","NaN","NaN","100","Covariance13","0","9.9999999999999998e-13","2.0000000000000001e-09","0","MLE-Hosking-Wallis","finite"
"GPA","MLE-Hosking-Wallis-covariance","0","1","-0.20000000000000001","NaN","NaN","100","Covariance22","0.024","9.9999999999999998e-13","2.0000000000000001e-09","0","MLE-Hosking-Wallis","finite"
"GPA","MLE-Hosking-Wallis-covariance","0","1","-0.20000000000000001","NaN","NaN","100","Covariance23","0.012","9.9999999999999998e-13","2.0000000000000001e-09","0","MLE-Hosking-Wallis","finite"
"GPA","MLE-Hosking-Wallis-covariance","0","1","-0.20000000000000001","NaN","NaN","100","Covariance33","0.0144","9.9999999999999998e-13","2.0000000000000001e-09","0","MLE-Hosking-Wallis","finite"
"GPA","MLE-Hosking-Wallis-covariance","0","1","0","NaN","NaN","100","Covariance11","9.9999999999999991e-05","9.9999999999999998e-13","2.0000000000000001e-09","0","MLE-Hosking-Wallis","finite"
"GPA","MLE-Hosking-Wallis-covariance","0","1","0","NaN","NaN","100","Covariance12","0","9.9999999999999998e-13","2.0000000000000001e-09","0","MLE-Hosking-Wallis","finite"
"GPA","MLE-Hosking-Wallis-covariance","0","1","0","NaN","NaN","100","Covariance13","0","9.9999999999999998e-13","2.0000000000000001e-09","0","MLE-Hosking-Wallis","finite"
"GPA","MLE-Hosking-Wallis-covariance","0","1","0","NaN","NaN","100","Covariance22","0.02","9.9999999999999998e-13","2.0000000000000001e-09","0","MLE-Hosking-Wallis","finite"
"GPA","MLE-Hosking-Wallis-covariance","0","1","0","NaN","NaN","100","Covariance23","0.01","9.9999999999999998e-13","2.0000000000000001e-09","0","MLE-Hosking-Wallis","finite"
"GPA","MLE-Hosking-Wallis-covariance","0","1","0","NaN","NaN","100","Covariance33","0.01","9.9999999999999998e-13","2.0000000000000001e-09","0","MLE-Hosking-Wallis","finite"
"GPA","MLE-Hosking-Wallis-covariance","0","1","0.20000000000000001","NaN","NaN","100","Covariance11","9.9204379290817566e-05","9.9999999999999998e-13","2.0000000000000001e-09","0","MLE-Hosking-Wallis","finite"
"GPA","MLE-Hosking-Wallis-covariance","0","1","0.20000000000000001","NaN","NaN","100","Covariance12","0","9.9999999999999998e-13","2.0000000000000001e-09","0","MLE-Hosking-Wallis","finite"
"GPA","MLE-Hosking-Wallis-covariance","0","1","0.20000000000000001","NaN","NaN","100","Covariance13","0","9.9999999999999998e-13","2.0000000000000001e-09","0","MLE-Hosking-Wallis","finite"
"GPA","MLE-Hosking-Wallis-covariance","0","1","0.20000000000000001","NaN","NaN","100","Covariance22","0.016","9.9999999999999998e-13","2.0000000000000001e-09","0","MLE-Hosking-Wallis","finite"
"GPA","MLE-Hosking-Wallis-covariance","0","1","0.20000000000000001","NaN","NaN","100","Covariance23","0.0080000000000000002","9.9999999999999998e-13","2.0000000000000001e-09","0","MLE-Hosking-Wallis","finite"
"GPA","MLE-Hosking-Wallis-covariance","0","1","0.20000000000000001","NaN","NaN","100","Covariance33","0.0064000000000000012","9.9999999999999998e-13","2.0000000000000001e-09","0","MLE-Hosking-Wallis","finite"
"GPA","MLE-Hosking-Wallis-covariance","0","1","0.48999999999999999","NaN","NaN","100","Covariance11","9.8066108364978048e-05","9.9999999999999998e-13","2.0000000000000001e-09","0","MLE-Hosking-Wallis","finite"
"GPA","MLE-Hosking-Wallis-covariance","0","1","0.48999999999999999","NaN","NaN","100","Covariance12","0","9.9999999999999998e-13","2.0000000000000001e-09","0","MLE-Hosking-Wallis","finite"
"GPA","MLE-Hosking-Wallis-covariance","0","1","0.48999999999999999","NaN","NaN","100","Covariance13","0","9.9999999999999998e-13","2.0000000000000001e-09","0","MLE-Hosking-Wallis","finite"
"GPA","MLE-Hosking-Wallis-covariance","0","1","0.48999999999999999","NaN","NaN","100","Covariance22","0.010200000000000001","9.9999999999999998e-13","2.0000000000000001e-09","0","MLE-Hosking-Wallis","finite"
"GPA","MLE-Hosking-Wallis-covariance","0","1","0.48999999999999999","NaN","NaN","100","Covariance23","0.0051000000000000004","9.9999999999999998e-13","2.0000000000000001e-09","0","MLE-Hosking-Wallis","finite"
"GPA","MLE-Hosking-Wallis-covariance","0","1","0.48999999999999999","NaN","NaN","100","Covariance33","0.002601","9.9999999999999998e-13","2.0000000000000001e-09","0","MLE-Hosking-Wallis","finite"
"GPA","MoM-Hosking-Wallis-covariance","0","1","-0.20000000000000001","NaN","NaN","100","Covariance11","0.0001008044208915856","9.9999999999999998e-13","2.0000000000000001e-09","0","MoM-Hosking-Wallis","finite"
"GPA","MoM-Hosking-Wallis-covariance","0","1","-0.20000000000000001","NaN","NaN","100","Covariance12","0","9.9999999999999998e-13","2.0000000000000001e-09","0","MoM-Hosking-Wallis","finite"
"GPA","MoM-Hosking-Wallis-covariance","0","1","-0.20000000000000001","NaN","NaN","100","Covariance13","0","9.9999999999999998e-13","2.0000000000000001e-09","0","MoM-Hosking-Wallis","finite"
"GPA","MoM-Hosking-Wallis-covariance","0","1","-0.20000000000000001","NaN","NaN","100","Covariance22","0.074666666666666701","9.9999999999999998e-13","2.0000000000000001e-09","0","MoM-Hosking-Wallis","finite"
"GPA","MoM-Hosking-Wallis-covariance","0","1","-0.20000000000000001","NaN","NaN","100","Covariance23","0.054400000000000046","9.9999999999999998e-13","2.0000000000000001e-09","0","MoM-Hosking-Wallis","finite"
"GPA","MoM-Hosking-Wallis-covariance","0","1","-0.20000000000000001","NaN","NaN","100","Covariance33","0.049920000000000041","9.9999999999999998e-13","2.0000000000000001e-09","0","MoM-Hosking-Wallis","finite"
"GPA","MoM-Hosking-Wallis-covariance","0","1","0","NaN","NaN","100","Covariance11","0.0001","9.9999999999999998e-13","2.0000000000000001e-09","0","MoM-Hosking-Wallis","finite"
"GPA","MoM-Hosking-Wallis-covariance","0","1","0","NaN","NaN","100","Covariance12","0","9.9999999999999998e-13","2.0000000000000001e-09","0","MoM-Hosking-Wallis","finite"
"GPA","MoM-Hosking-Wallis-covariance","0","1","0","NaN","NaN","100","Covariance13","0","9.9999999999999998e-13","2.0000000000000001e-09","0","MoM-Hosking-Wallis","finite"
"GPA","MoM-Hosking-Wallis-covariance","0","1","0","NaN","NaN","100","Covariance22","0.02","9.9999999999999998e-13","2.0000000000000001e-09","0","MoM-Hosking-Wallis","finite"
"GPA","MoM-Hosking-Wallis-covariance","0","1","0","NaN","NaN","100","Covariance23","0.01","9.9999999999999998e-13","2.0000000000000001e-09","0","MoM-Hosking-Wallis","finite"
"GPA","MoM-Hosking-Wallis-covariance","0","1","0","NaN","NaN","100","Covariance33","0.01","9.9999999999999998e-13","2.0000000000000001e-09","0","MoM-Hosking-Wallis","finite"
"GPA","MoM-Hosking-Wallis-covariance","0","1","0.20000000000000001","NaN","NaN","100","Covariance11","9.9204379290817552e-05","9.9999999999999998e-13","2.0000000000000001e-09","0","MoM-Hosking-Wallis","finite"
"GPA","MoM-Hosking-Wallis-covariance","0","1","0.20000000000000001","NaN","NaN","100","Covariance12","0","9.9999999999999998e-13","2.0000000000000001e-09","0","MoM-Hosking-Wallis","finite"
"GPA","MoM-Hosking-Wallis-covariance","0","1","0.20000000000000001","NaN","NaN","100","Covariance13","0","9.9999999999999998e-13","2.0000000000000001e-09","0","MoM-Hosking-Wallis","finite"
"GPA","MoM-Hosking-Wallis-covariance","0","1","0.20000000000000001","NaN","NaN","100","Covariance22","0.019142857142857142","9.9999999999999998e-13","2.0000000000000001e-09","0","MoM-Hosking-Wallis","finite"
"GPA","MoM-Hosking-Wallis-covariance","0","1","0.20000000000000001","NaN","NaN","100","Covariance23","0.011400000000000002","9.9999999999999998e-13","2.0000000000000001e-09","0","MoM-Hosking-Wallis","finite"
"GPA","MoM-Hosking-Wallis-covariance","0","1","0.20000000000000001","NaN","NaN","100","Covariance33","0.010079999999999999","9.9999999999999998e-13","2.0000000000000001e-09","0","MoM-Hosking-Wallis","finite"
"GPA","MoM-Hosking-Wallis-covariance","0","1","1","NaN","NaN","100","Covariance11","9.6107455824207935e-05","9.9999999999999998e-13","2.0000000000000001e-09","0","MoM-Hosking-Wallis","finite"
"GPA","MoM-Hosking-Wallis-covariance","0","1","1","NaN","NaN","100","Covariance12","0","9.9999999999999998e-13","2.0000000000000001e-09","0","MoM-Hosking-Wallis","finite"
"GPA","MoM-Hosking-Wallis-covariance","0","1","1","NaN","NaN","100","Covariance13","0","9.9999999999999998e-13","2.0000000000000001e-09","0","MoM-Hosking-Wallis","finite"
"GPA","MoM-Hosking-Wallis-covariance","0","1","1","NaN","NaN","100","Covariance22","0.025333333333333333","9.9999999999999998e-13","2.0000000000000001e-09","0","MoM-Hosking-Wallis","finite"
"GPA","MoM-Hosking-Wallis-covariance","0","1","1","NaN","NaN","100","Covariance23","0.034000000000000002","9.9999999999999998e-13","2.0000000000000001e-09","0","MoM-Hosking-Wallis","finite"
"GPA","MoM-Hosking-Wallis-covariance","0","1","1","NaN","NaN","100","Covariance33","0.048000000000000001","9.9999999999999998e-13","2.0000000000000001e-09","0","MoM-Hosking-Wallis","finite"
"GPA","MoM-Hosking-Wallis-covariance","0","1","2","NaN","NaN","100","Covariance11","9.2420075119037062e-05","9.9999999999999998e-13","2.0000000000000001e-09","0","MoM-Hosking-Wallis","finite"
"GPA","MoM-Hosking-Wallis-covariance","0","1","2","NaN","NaN","100","Covariance12","0","9.9999999999999998e-13","2.0000000000000001e-09","0","MoM-Hosking-Wallis","finite"
"GPA","MoM-Hosking-Wallis-covariance","0","1","2","NaN","NaN","100","Covariance13","0","9.9999999999999998e-13","2.0000000000000001e-09","0","MoM-Hosking-Wallis","finite"
"GPA","MoM-Hosking-Wallis-covariance","0","1","2","NaN","NaN","100","Covariance22","0.034857142857142857","9.9999999999999998e-13","2.0000000000000001e-09","0","MoM-Hosking-Wallis","finite"
"GPA","MoM-Hosking-Wallis-covariance","0","1","2","NaN","NaN","100","Covariance23","0.081428571428571433","9.9999999999999998e-13","2.0000000000000001e-09","0","MoM-Hosking-Wallis","finite"
"GPA","MoM-Hosking-Wallis-covariance","0","1","2","NaN","NaN","100","Covariance33","0.19285714285714287","9.9999999999999998e-13","2.0000000000000001e-09","0","MoM-Hosking-Wallis","finite"
"GEV","MLE-independent-score-outer-product-integral-covariance","0","1","-0.20000000000000001","NaN","NaN","100","Covariance11","0.012783531950225214","9.9999999999999998e-13","2.0000000000000001e-09","0","MLE-independent-score-outer-product-integral","finite"
"GEV","MLE-independent-score-outer-product-integral-covariance","0","1","-0.20000000000000001","NaN","NaN","100","Covariance12","0.0057130408748802715","9.9999999999999998e-13","2.0000000000000001e-09","0","MLE-independent-score-outer-product-integral","finite"
"GEV","MLE-independent-score-outer-product-integral-covariance","0","1","-0.20000000000000001","NaN","NaN","100","Covariance13","0.0027297786307977456","9.9999999999999998e-13","2.0000000000000001e-09","0","MLE-independent-score-outer-product-integral","finite"
"GEV","MLE-independent-score-outer-product-integral-covariance","0","1","-0.20000000000000001","NaN","NaN","100","Covariance22","0.0080555934872568596","9.9999999999999998e-13","2.0000000000000001e-09","0","MLE-independent-score-outer-product-integral","finite"
"GEV","MLE-independent-score-outer-product-integral-covariance","0","1","-0.20000000000000001","NaN","NaN","100","Covariance23","0.00045053807373202103","9.9999999999999998e-13","2.0000000000000001e-09","0","MLE-independent-score-outer-product-integral","finite"
"GEV","MLE-independent-score-outer-product-integral-covariance","0","1","-0.20000000000000001","NaN","NaN","100","Covariance33","0.0064441795247405396","9.9999999999999998e-13","2.0000000000000001e-09","0","MLE-independent-score-outer-product-integral","finite"
"GEV","MLE-independent-score-outer-product-integral-covariance","0","1","-9.9999999999999995e-07","NaN","NaN","100","Covariance11","0.012487133045870449","9.9999999999999998e-13","2.0000000000000001e-09","0","MLE-independent-score-outer-product-integral","finite"
"GEV","MLE-independent-score-outer-product-integral-covariance","0","1","-9.9999999999999995e-07","NaN","NaN","100","Covariance12","0.0033659515001776396","9.9999999999999998e-13","2.0000000000000001e-09","0","MLE-independent-score-outer-product-integral","finite"
"GEV","MLE-independent-score-outer-product-integral-covariance","0","1","-9.9999999999999995e-07","NaN","NaN","100","Covariance13","0.0025836837304344488","9.9999999999999998e-13","2.0000000000000001e-09","0","MLE-independent-score-outer-product-integral","finite"
"GEV","MLE-independent-score-outer-product-integral-covariance","0","1","-9.9999999999999995e-07","NaN","NaN","100","Covariance22","0.0065313841920975326","9.9999999999999998e-13","2.0000000000000001e-09","0","MLE-independent-score-outer-product-integral","finite"
"GEV","MLE-independent-score-outer-product-integral-covariance","0","1","-9.9999999999999995e-07","NaN","NaN","100","Covariance23","0.0014679795688165851","9.9999999999999998e-13","2.0000000000000001e-09","0","MLE-independent-score-outer-product-integral","finite"
"GEV","MLE-independent-score-outer-product-integral-covariance","0","1","-9.9999999999999995e-07","NaN","NaN","100","Covariance33","0.0047665197368892348","9.9999999999999998e-13","2.0000000000000001e-09","0","MLE-independent-score-outer-product-integral","finite"
"GEV","MLE-independent-score-outer-product-integral-covariance","0","1","0","NaN","NaN","100","Covariance11","0.012487131118084189","9.9999999999999998e-13","2.0000000000000001e-09","0","MLE-independent-score-outer-product-integral","finite"
"GEV","MLE-independent-score-outer-product-integral-covariance","0","1","0","NaN","NaN","100","Covariance12","0.0033659395310777916","9.9999999999999998e-13","2.0000000000000001e-09","0","MLE-independent-score-outer-product-integral","finite"
"GEV","MLE-independent-score-outer-product-integral-covariance","0","1","0","NaN","NaN","100","Covariance13","0.002583682395442025","9.9999999999999998e-13","2.0000000000000001e-09","0","MLE-independent-score-outer-product-integral","finite"
"GEV","MLE-independent-score-outer-product-integral-covariance","0","1","0","NaN","NaN","100","Covariance22","0.0065313786712056978","9.9999999999999998e-13","2.0000000000000001e-09","0","MLE-independent-score-outer-product-integral","finite"
"GEV","MLE-independent-score-outer-product-integral-covariance","0","1","0","NaN","NaN","100","Covariance23","0.0014679838219578351","9.9999999999999998e-13","2.0000000000000001e-09","0","MLE-independent-score-outer-product-integral","finite"
"GEV","MLE-independent-score-outer-product-integral-covariance","0","1","0","NaN","NaN","100","Covariance33","0.0047665118889829135","9.9999999999999998e-13","2.0000000000000001e-09","0","MLE-independent-score-outer-product-integral","finite"
"GEV","MLE-independent-score-outer-product-integral-covariance","0","1","9.9999999999999995e-07","NaN","NaN","100","Covariance11","0.012487129190293505","9.9999999999999998e-13","2.0000000000000001e-09","0","MLE-independent-score-outer-product-integral","finite"
"GEV","MLE-independent-score-outer-product-integral-covariance","0","1","9.9999999999999995e-07","NaN","NaN","100","Covariance12","0.0033659275619754431","9.9999999999999998e-13","2.0000000000000001e-09","0","MLE-independent-score-outer-product-integral","finite"
"GEV","MLE-independent-score-outer-product-integral-covariance","0","1","9.9999999999999995e-07","NaN","NaN","100","Covariance13","0.0025836810604436306","9.9999999999999998e-13","2.0000000000000001e-09","0","MLE-independent-score-outer-product-integral","finite"
"GEV","MLE-independent-score-outer-product-integral-covariance","0","1","9.9999999999999995e-07","NaN","NaN","100","Covariance22","0.0065313731503346874","9.9999999999999998e-13","2.0000000000000001e-09","0","MLE-independent-score-outer-product-integral","finite"
"GEV","MLE-independent-score-outer-product-integral-covariance","0","1","9.9999999999999995e-07","NaN","NaN","100","Covariance23","0.0014679880750904668","9.9999999999999998e-13","2.0000000000000001e-09","0","MLE-independent-score-outer-product-integral","finite"
"GEV","MLE-independent-score-outer-product-integral-covariance","0","1","9.9999999999999995e-07","NaN","NaN","100","Covariance33","0.0047665040410819507","9.9999999999999998e-13","2.0000000000000001e-09","0","MLE-independent-score-outer-product-integral","finite"
"GEV","MLE-independent-score-outer-product-integral-covariance","0","1","0.20000000000000001","NaN","NaN","100","Covariance11","0.012017342064038776","9.9999999999999998e-13","2.0000000000000001e-09","0","MLE-independent-score-outer-product-integral","finite"
"GEV","MLE-independent-score-outer-product-integral-covariance","0","1","0.20000000000000001","NaN","NaN","100","Covariance12","0.00091902118521342794","9.9999999999999998e-13","2.0000000000000001e-09","0","MLE-independent-score-outer-product-integral","finite"
"GEV","MLE-independent-score-outer-product-integral-covariance","0","1","0.20000000000000001","NaN","NaN","100","Covariance13","0.0022018153305384007","9.9999999999999998e-13","2.0000000000000001e-09","0","MLE-independent-score-outer-product-integral","finite"
"GEV","MLE-independent-score-outer-product-integral-covariance","0","1","0.20000000000000001","NaN","NaN","100","Covariance22","0.0058390197084415207","9.9999999999999998e-13","2.0000000000000001e-09","0","MLE-independent-score-outer-product-integral","finite"
"GEV","MLE-independent-score-outer-product-integral-covariance","0","1","0.20000000000000001","NaN","NaN","100","Covariance23","0.0021396981708541657","9.9999999999999998e-13","2.0000000000000001e-09","0","MLE-independent-score-outer-product-integral","finite"
"GEV","MLE-independent-score-outer-product-integral-covariance","0","1","0.20000000000000001","NaN","NaN","100","Covariance33","0.0033038701887370754","9.9999999999999998e-13","2.0000000000000001e-09","0","MLE-independent-score-outer-product-integral","finite"
"GEV","MLE-independent-score-outer-product-integral-covariance","0","1","0.48999999999999999","NaN","NaN","100","Covariance11","0.011119315214864596","9.9999999999999998e-13","2.0000000000000001e-09","0","MLE-independent-score-outer-product-integral","finite"
"GEV","MLE-independent-score-outer-product-integral-covariance","0","1","0.48999999999999999","NaN","NaN","100","Covariance12","-0.0028388200507278799","9.9999999999999998e-13","2.0000000000000001e-09","0","MLE-independent-score-outer-product-integral","finite"
"GEV","MLE-independent-score-outer-product-integral-covariance","0","1","0.48999999999999999","NaN","NaN","100","Covariance13","0.0013196962046728674","9.9999999999999998e-13","2.0000000000000001e-09","0","MLE-independent-score-outer-product-integral","finite"
"GEV","MLE-independent-score-outer-product-integral-covariance","0","1","0.48999999999999999","NaN","NaN","100","Covariance22","0.0062391464983712151","9.9999999999999998e-13","2.0000000000000001e-09","0","MLE-independent-score-outer-product-integral","finite"
"GEV","MLE-independent-score-outer-product-integral-covariance","0","1","0.48999999999999999","NaN","NaN","100","Covariance23","0.0024049515245483373","9.9999999999999998e-13","2.0000000000000001e-09","0","MLE-independent-score-outer-product-integral","finite"
"GEV","MLE-independent-score-outer-product-integral-covariance","0","1","0.48999999999999999","NaN","NaN","100","Covariance33","0.0015708995405816781","9.9999999999999998e-13","2.0000000000000001e-09","0","MLE-independent-score-outer-product-integral","finite"
"GEV","MLE-nonregular-domain","0","1","0.5","NaN","NaN","100","CovarianceDefined","0","0","1.9999999999999999e-11","0","regular-Fisher-domain-kappa-less-than-half","outside-uncertainty-domain"
"GEV","MLE-nonregular-domain","0","1","1","NaN","NaN","100","CovarianceDefined","0","0","1.9999999999999999e-11","0","regular-Fisher-domain-kappa-less-than-half","outside-uncertainty-domain"
"GEV","MLE-nonregular-domain","0","1","2","NaN","NaN","100","CovarianceDefined","0","0","1.9999999999999999e-11","0","regular-Fisher-domain-kappa-less-than-half","outside-uncertainty-domain"
"GPA","MLE-nonregular-domain","0","1","0.5","NaN","NaN","100","CovarianceDefined","0","0","1.9999999999999999e-11","0","regular-Fisher-domain-kappa-less-than-half","outside-uncertainty-domain"
"GPA","MLE-nonregular-domain","0","1","1","NaN","NaN","100","CovarianceDefined","0","0","1.9999999999999999e-11","0","regular-Fisher-domain-kappa-less-than-half","outside-uncertainty-domain"
"GPA","MLE-nonregular-domain","0","1","2","NaN","NaN","100","CovarianceDefined","0","0","1.9999999999999999e-11","0","regular-Fisher-domain-kappa-less-than-half","outside-uncertainty-domain"
"GPA","MoM-missing-fourth-moment","0","1","-1","NaN","NaN","100","CovarianceDefined","0","0","1.9999999999999999e-11","0","Hosking-Wallis-fourth-moment-domain","outside-uncertainty-domain"
"GPA","MoM-missing-fourth-moment","0","1","-0.29999999999999999","NaN","NaN","100","CovarianceDefined","0","0","1.9999999999999999e-11","0","Hosking-Wallis-fourth-moment-domain","outside-uncertainty-domain"
"GPA","MoM-missing-fourth-moment","0","1","-0.25","NaN","NaN","100","CovarianceDefined","0","0","1.9999999999999999e-11","0","Hosking-Wallis-fourth-moment-domain","outside-uncertainty-domain"
