family,kappa,hondo,location,scale,sample_size,quantity,row,column,value,absolute_error_estimate,alternate_coordinate_difference
GNO,0,NA,0,1,1,score_mean,1,0,0,0,0
GNO,0,NA,0,1,1,score_mean,2,0,2.8839777788114418e-17,1.4609176947993383e-14,2.7863995832877464e-16
GNO,0,NA,0,1,1,score_mean,3,0,0,0,0
GNO,0,NA,0,1,1,information,1,1,1.0000000000000002,1.9425164948689757e-12,4.4408920985006262e-16
GNO,0,NA,0,1,1,covariance,1,1,1.1666666666666663,3.6462452288211073e-12,4.4408920985006262e-16
GNO,0,NA,0,1,1,information,1,2,0,0,5.5511151231257827e-17
GNO,0,NA,0,1,1,covariance,1,2,0,3.6462452288211073e-12,3.2381504884900413e-17
GNO,0,NA,0,1,1,information,1,3,-0.5,3.4266786595014829e-13,3.8857805861880479e-16
GNO,0,NA,0,1,1,covariance,1,3,0.3333333333333332,3.6462452288211073e-12,1.1102230246251565e-16
GNO,0,NA,0,1,1,information,2,1,0,0,5.5511151231257827e-17
GNO,0,NA,0,1,1,covariance,2,1,0,3.6462452288211073e-12,3.2381504884900413e-17
GNO,0,NA,0,1,1,information,2,2,2,7.6559392893350515e-13,6.6613381477509392e-16
GNO,0,NA,0,1,1,covariance,2,2,0.5,3.6462452288211073e-12,2.2204460492503131e-16
GNO,0,NA,0,1,1,information,2,3,0,0,0
GNO,0,NA,0,1,1,covariance,2,3,0,3.6462452288211073e-12,9.2518585385429753e-18
GNO,0,NA,0,1,1,information,3,1,-0.5,3.4266786595014829e-13,3.8857805861880479e-16
GNO,0,NA,0,1,1,covariance,3,1,0.3333333333333332,3.6462452288211073e-12,1.6653345369377348e-16
GNO,0,NA,0,1,1,information,3,2,0,0,0
GNO,0,NA,0,1,1,covariance,3,2,0,3.6462452288211073e-12,9.2518585385429753e-18
GNO,0,NA,0,1,1,information,3,3,1.7500000000000002,9.6875384131102392e-13,1.3322676295501878e-15
GNO,0,NA,0,1,1,covariance,3,3,0.66666666666666652,3.6462452288211073e-12,5.5511151231257827e-16
GNO,0,NA,0,1,1,exact_covariance,1,1,1.1666666666666667,0,4.4408920985006262e-16
GNO,0,NA,0,1,1,exact_covariance,1,2,0,0,0
GNO,0,NA,0,1,1,exact_covariance,1,3,0.33333333333333331,0,1.1102230246251565e-16
GNO,0,NA,0,1,1,exact_covariance,2,1,0,0,0
GNO,0,NA,0,1,1,exact_covariance,2,2,0.5,0,0
GNO,0,NA,0,1,1,exact_covariance,2,3,0,0,0
GNO,0,NA,0,1,1,exact_covariance,3,1,0.33333333333333331,0,1.1102230246251565e-16
GNO,0,NA,0,1,1,exact_covariance,3,2,0,0,0
GNO,0,NA,0,1,1,exact_covariance,3,3,0.66666666666666663,0,1.1102230246251565e-16
GNO,-9.9999999999999995e-07,NA,0,1,1,score_mean,1,0,-2.515885765942076e-17,1.3474487407666315e-13,2.515885765942076e-17
GNO,-9.9999999999999995e-07,NA,0,1,1,score_mean,2,0,9.16692936836494e-17,1.4609307233232677e-14,3.6922504983993854e-16
GNO,-9.9999999999999995e-07,NA,0,1,1,score_mean,3,0,-8.2787213554512201e-18,2.869129411614636e-14,4.2973190874987362e-17
GNO,-9.9999999999999995e-07,NA,0,1,1,information,1,1,1.000000000003,1.9425705533691407e-12,2.2204460492503131e-16
GNO,-9.9999999999999995e-07,NA,0,1,1,covariance,1,1,1.1666666666665091,3.6470165689171416e-12,0
GNO,-9.9999999999999995e-07,NA,0,1,1,information,1,2,-2.4999999999601549e-06,1.7344659542721339e-14,5.6223082423425066e-17
GNO,-9.9999999999999995e-07,NA,0,1,1,covariance,1,2,1.0000000000103786e-06,3.6470165689171416e-12,2.5875797747434807e-17
GNO,-9.9999999999999995e-07,NA,0,1,1,information,1,3,-0.50000000000287492,3.425639368956698e-13,4.4408920985006262e-16
GNO,-9.9999999999999995e-07,NA,0,1,1,covariance,1,3,0.33333333333310189,3.6470165689171416e-12,1.1102230246251565e-16
GNO,-9.9999999999999995e-07,NA,0,1,1,information,2,1,-2.4999999999601549e-06,1.7344659542721339e-14,5.6223082423425066e-17
GNO,-9.9999999999999995e-07,NA,0,1,1,covariance,2,1,1.0000000000103782e-06,3.6470165689171416e-12,2.5876221263908435e-17
GNO,-9.9999999999999995e-07,NA,0,1,1,information,2,2,2.0000000000037503,7.6551313149756331e-13,8.8817841970012523e-16
GNO,-9.9999999999999995e-07,NA,0,1,1,covariance,2,2,0.50000000000099998,3.6470165689171416e-12,2.2204460492503131e-16
GNO,-9.9999999999999995e-07,NA,0,1,1,information,2,3,2.74999999978775e-06,2.8805135796265044e-14,4.152790782151021e-17
GNO,-9.9999999999999995e-07,NA,0,1,1,covariance,2,3,-4.9999999993552288e-07,3.6470165689171416e-12,4.4728633570947397e-18
GNO,-9.9999999999999995e-07,NA,0,1,1,information,3,1,-0.50000000000287492,3.425639368956698e-13,4.4408920985006262e-16
GNO,-9.9999999999999995e-07,NA,0,1,1,covariance,3,1,0.33333333333310189,3.6470165689171416e-12,1.1102230246251565e-16
GNO,-9.9999999999999995e-07,NA,0,1,1,information,3,2,2.74999999978775e-06,2.8805135796265044e-14,4.152790782151021e-17
GNO,-9.9999999999999995e-07,NA,0,1,1,covariance,3,2,-4.9999999993552298e-07,3.6470165689171416e-12,4.4728633570947397e-18
GNO,-9.9999999999999995e-07,NA,0,1,1,information,3,3,1.7500000000027913,9.6819962746727422e-13,1.1102230246251565e-15
GNO,-9.9999999999999995e-07,NA,0,1,1,covariance,3,3,0.66666666666687058,3.6470165689171416e-12,2.2204460492503131e-16
GNO,9.9999999999999995e-07,NA,0,1,1,score_mean,1,0,2.515885765942076e-17,1.3474487407666315e-13,2.515885765942076e-17
GNO,9.9999999999999995e-07,NA,0,1,1,score_mean,2,0,9.16692936836494e-17,1.4609307233232677e-14,3.4146947422430962e-16
GNO,9.9999999999999995e-07,NA,0,1,1,score_mean,3,0,8.2787213554512201e-18,2.869129411614636e-14,3.6034296971080134e-17
GNO,9.9999999999999995e-07,NA,0,1,1,information,1,1,1.000000000003,1.9425705533691407e-12,2.2204460492503131e-16
GNO,9.9999999999999995e-07,NA,0,1,1,covariance,1,1,1.1666666666665091,3.6470165689171416e-12,0
GNO,9.9999999999999995e-07,NA,0,1,1,information,1,2,2.4999999999601549e-06,1.7344659542721339e-14,1.6724538488594072e-16
GNO,9.9999999999999995e-07,NA,0,1,1,covariance,1,2,-1.0000000000103786e-06,3.6470165689171416e-12,1.0914252459432155e-16
GNO,9.9999999999999995e-07,NA,0,1,1,information,1,3,-0.50000000000287492,3.425639368956698e-13,5.5511151231257827e-16
GNO,9.9999999999999995e-07,NA,0,1,1,covariance,1,3,0.33333333333310189,3.6470165689171416e-12,1.6653345369377348e-16
GNO,9.9999999999999995e-07,NA,0,1,1,information,2,1,2.4999999999601549e-06,1.7344659542721339e-14,1.6724538488594072e-16
GNO,9.9999999999999995e-07,NA,0,1,1,covariance,2,1,-1.0000000000103782e-06,3.6470165689171416e-12,1.0914294811079518e-16
GNO,9.9999999999999995e-07,NA,0,1,1,information,2,2,2.0000000000037503,7.6551313149756331e-13,8.8817841970012523e-16
GNO,9.9999999999999995e-07,NA,0,1,1,covariance,2,2,0.50000000000099998,3.6470165689171416e-12,2.2204460492503131e-16
GNO,9.9999999999999995e-07,NA,0,1,1,information,2,3,-2.74999999978775e-06,2.8805135796265044e-14,6.9494394641005444e-17
GNO,9.9999999999999995e-07,NA,0,1,1,covariance,2,3,4.9999999993552288e-07,3.6470165689171416e-12,5.1038287874163087e-17
GNO,9.9999999999999995e-07,NA,0,1,1,information,3,1,-0.50000000000287492,3.425639368956698e-13,5.5511151231257827e-16
GNO,9.9999999999999995e-07,NA,0,1,1,covariance,3,1,0.33333333333310189,3.6470165689171416e-12,1.6653345369377348e-16
GNO,9.9999999999999995e-07,NA,0,1,1,information,3,2,-2.74999999978775e-06,2.8805135796265044e-14,6.9494394641005444e-17
GNO,9.9999999999999995e-07,NA,0,1,1,covariance,3,2,4.9999999993552298e-07,3.6470165689171416e-12,5.1038287874163087e-17
GNO,9.9999999999999995e-07,NA,0,1,1,information,3,3,1.7500000000027913,9.6819962746727422e-13,1.1102230246251565e-15
GNO,9.9999999999999995e-07,NA,0,1,1,covariance,3,3,0.66666666666687058,3.6470165689171416e-12,2.2204460492503131e-16
GNO,-0.20000000000000001,NA,0,1,1,score_mean,1,0,9.9882125140227096e-18,6.9397781129274311e-14,1.0103408994849294e-16
GNO,-0.20000000000000001,NA,0,1,1,score_mean,2,0,-5.6974824164113258e-17,1.5200829420078829e-14,1.3731420514528914e-16
GNO,-0.20000000000000001,NA,0,1,1,score_mean,3,0,1.3357370765021415e-16,4.6088561407363565e-14,8.1532003370909933e-17
GNO,-0.20000000000000001,NA,0,1,1,information,1,1,1.126618550381957,3.9328344433275145e-13,4.4408920985006262e-16
GNO,-0.20000000000000001,NA,0,1,1,covariance,1,1,1.1604828547428099,6.4456339311483132e-12,0
GNO,-0.20000000000000001,NA,0,1,1,information,1,2,-0.53208605177600543,4.2598332070351411e-14,3.3306690738754696e-16
GNO,-0.20000000000000001,NA,0,1,1,covariance,1,2,0.20000000000000001,6.4456339311483132e-12,5.5511151231257827e-17
GNO,-0.20000000000000001,NA,0,1,1,information,1,3,-0.62002757882651538,7.5042588626527028e-14,5.5511151231257827e-16
GNO,-0.20000000000000001,NA,0,1,1,covariance,1,3,0.32418606536613409,6.4456339311483132e-12,3.8857805861880479e-16
GNO,-0.20000000000000001,NA,0,1,1,information,2,1,-0.53208605177600543,4.2598332070351411e-14,3.3306690738754696e-16
GNO,-0.20000000000000001,NA,0,1,1,covariance,2,1,0.20000000000000004,6.4456339311483132e-12,5.5511151231257827e-17
GNO,-0.20000000000000001,NA,0,1,1,information,2,2,2.1553967582111317,3.4892354006417827e-12,8.8817841970012523e-16
GNO,-0.20000000000000001,NA,0,1,1,covariance,2,2,0.54000000000000004,6.4456339311483132e-12,1.1102230246251565e-16
GNO,-0.20000000000000001,NA,0,1,1,information,2,3,0.57497039078810097,3.8938198616231853e-13,1.1102230246251565e-16
GNO,-0.20000000000000001,NA,0,1,1,covariance,2,3,-0.09999999999999998,6.4456339311483132e-12,1.5265566588595902e-16
GNO,-0.20000000000000001,NA,0,1,1,information,3,1,-0.62002757882651538,7.5042588626527028e-14,5.5511151231257827e-16
GNO,-0.20000000000000001,NA,0,1,1,covariance,3,1,0.32418606536613409,6.4456339311483132e-12,4.4408920985006262e-16
GNO,-0.20000000000000001,NA,0,1,1,information,3,2,0.57497039078810097,3.8938198616231853e-13,1.1102230246251565e-16
GNO,-0.20000000000000001,NA,0,1,1,covariance,3,2,-0.09999999999999998,6.4456339311483132e-12,1.3877787807814457e-16
GNO,-0.20000000000000001,NA,0,1,1,information,3,3,1.8647849526027149,1.2881022703014334e-12,2.2204460492503131e-16
GNO,-0.20000000000000001,NA,0,1,1,covariance,3,3,0.67487746429986739,6.4456339311483132e-12,2.2204460492503131e-16
GNO,0.20000000000000001,NA,0,1,1,score_mean,1,0,-9.9882125140227096e-18,6.9397781129274311e-14,4.5522938717235117e-17
GNO,0.20000000000000001,NA,0,1,1,score_mean,2,0,-5.6974824164113258e-17,1.5200829420078829e-14,1.7894756856873251e-16
GNO,0.20000000000000001,NA,0,1,1,score_mean,3,0,-1.3357370765021415e-16,4.6088561407363565e-14,3.9898639947466563e-17
GNO,0.20000000000000001,NA,0,1,1,information,1,1,1.126618550381957,3.9328344433275145e-13,4.4408920985006262e-16
GNO,0.20000000000000001,NA,0,1,1,covariance,1,1,1.1604828547428099,6.4456339311483132e-12,0
GNO,0.20000000000000001,NA,0,1,1,information,1,2,0.53208605177600543,4.2598332070351411e-14,3.3306690738754696e-16
GNO,0.20000000000000001,NA,0,1,1,covariance,1,2,-0.20000000000000001,6.4456339311483132e-12,5.5511151231257827e-17
GNO,0.20000000000000001,NA,0,1,1,information,1,3,-0.62002757882651538,7.5042588626527028e-14,5.5511151231257827e-16
GNO,0.20000000000000001,NA,0,1,1,covariance,1,3,0.32418606536613409,6.4456339311483132e-12,3.8857805861880479e-16
GNO,0.20000000000000001,NA,0,1,1,information,2,1,0.53208605177600543,4.2598332070351411e-14,3.3306690738754696e-16
GNO,0.20000000000000001,NA,0,1,1,covariance,2,1,-0.20000000000000004,6.4456339311483132e-12,5.5511151231257827e-17
GNO,0.20000000000000001,NA,0,1,1,information,2,2,2.1553967582111317,3.4892354006417827e-12,8.8817841970012523e-16
GNO,0.20000000000000001,NA,0,1,1,covariance,2,2,0.54000000000000004,6.4456339311483132e-12,1.1102230246251565e-16
GNO,0.20000000000000001,NA,0,1,1,information,2,3,-0.57497039078810097,3.8938198616231853e-13,1.1102230246251565e-16
GNO,0.20000000000000001,NA,0,1,1,covariance,2,3,0.09999999999999998,6.4456339311483132e-12,1.5265566588595902e-16
GNO,0.20000000000000001,NA,0,1,1,information,3,1,-0.62002757882651538,7.5042588626527028e-14,5.5511151231257827e-16
GNO,0.20000000000000001,NA,0,1,1,covariance,3,1,0.32418606536613409,6.4456339311483132e-12,4.4408920985006262e-16
GNO,0.20000000000000001,NA,0,1,1,information,3,2,-0.57497039078810097,3.8938198616231853e-13,1.1102230246251565e-16
GNO,0.20000000000000001,NA,0,1,1,covariance,3,2,0.09999999999999998,6.4456339311483132e-12,1.3877787807814457e-16
GNO,0.20000000000000001,NA,0,1,1,information,3,3,1.8647849526027149,1.2881022703014334e-12,2.2204460492503131e-16
GNO,0.20000000000000001,NA,0,1,1,covariance,3,3,0.67487746429986739,6.4456339311483132e-12,2.2204460492503131e-16
GNO,-1,NA,0,1,1,score_mean,1,0,-4.5102810375396984e-17,1.3458266784668782e-14,6.0021432268797525e-16
GNO,-1,NA,0,1,1,score_mean,2,0,4.5102810375396984e-17,1.3572758091554548e-14,4.891920202254596e-16
GNO,-1,NA,0,1,1,score_mean,3,0,5.4210108624275222e-17,1.1324159398515834e-13,2.0079424234431542e-16
GNO,-1,NA,0,1,1,information,1,1,14.778112197861303,2.1004639009308756e-11,1.2434497875801753e-14
GNO,-1,NA,0,1,1,covariance,1,1,1.0635395349949464,2.7064447157493955e-10,7.5495165674510645e-15
GNO,-1,NA,0,1,1,information,1,2,-13.129390927161172,1.7179570726652612e-11,8.8817841970012523e-15
GNO,-1,NA,0,1,1,covariance,1,2,0.99999999999999234,2.7064447157493955e-10,1.0547118733938987e-14
GNO,-1,NA,0,1,1,information,1,3,-9.8319483857609171,1.5960551777435551e-11,1.0658141036401503e-14
GNO,-1,NA,0,1,1,covariance,1,3,0.16148535219681237,2.7064447157493955e-10,2.6922908347160046e-15
GNO,-1,NA,0,1,1,information,2,1,-13.129390927161172,1.7179570726652612e-11,8.8817841970012523e-15
GNO,-1,NA,0,1,1,covariance,2,1,0.99999999999999234,2.7064447157493955e-10,1.1657341758564144e-14
GNO,-1,NA,0,1,1,information,2,2,12.480669656461046,2.2421136482647423e-11,1.2434497875801753e-14
GNO,-1,NA,0,1,1,covariance,2,2,1.4999999999999902,2.7064447157493955e-10,1.3766765505351941e-14
GNO,-1,NA,0,1,1,information,2,3,9.183227115060788,1.2453265937401457e-11,8.8817841970012523e-15
GNO,-1,NA,0,1,1,covariance,2,3,-0.499999999999998,2.7064447157493955e-10,1.3322676295501878e-15
GNO,-1,NA,0,1,1,information,3,1,-9.8319483857609171,1.5960551777435551e-11,1.0658141036401503e-14
GNO,-1,NA,0,1,1,covariance,3,1,0.16148535219681232,2.7064447157493955e-10,4.4408920985006262e-15
GNO,-1,NA,0,1,1,information,3,2,9.183227115060788,1.2453265937401457e-11,8.8817841970012523e-15
GNO,-1,NA,0,1,1,covariance,3,2,-0.49999999999999806,2.7064447157493955e-10,3.2751579226442118e-15
GNO,-1,NA,0,1,1,information,3,3,7.8857845736605316,5.591886198380185e-12,5.3290705182007514e-15
GNO,-1,NA,0,1,1,covariance,3,3,0.91041406702456473,2.7064447157493955e-10,1.9984014443252818e-15
GNO,1,NA,0,1,1,score_mean,1,0,4.5102810375396984e-17,1.3458266784668782e-14,6.0021432268797525e-16
GNO,1,NA,0,1,1,score_mean,2,0,4.5102810375396984e-17,1.3572758091554548e-14,4.891920202254596e-16
GNO,1,NA,0,1,1,score_mean,3,0,-5.4210108624275222e-17,1.1324159398515834e-13,1.95590071916385e-16
GNO,1,NA,0,1,1,information,1,1,14.778112197861303,2.1004639009308756e-11,1.2434497875801753e-14
GNO,1,NA,0,1,1,covariance,1,1,1.0635395349949464,2.7064447157493955e-10,7.5495165674510645e-15
GNO,1,NA,0,1,1,information,1,2,13.129390927161172,1.7179570726652612e-11,8.8817841970012523e-15
GNO,1,NA,0,1,1,covariance,1,2,-0.99999999999999234,2.7064447157493955e-10,1.0547118733938987e-14
GNO,1,NA,0,1,1,information,1,3,-9.8319483857609171,1.5960551777435551e-11,1.0658141036401503e-14
GNO,1,NA,0,1,1,covariance,1,3,0.16148535219681237,2.7064447157493955e-10,2.6922908347160046e-15
GNO,1,NA,0,1,1,information,2,1,13.129390927161172,1.7179570726652612e-11,8.8817841970012523e-15
GNO,1,NA,0,1,1,covariance,2,1,-0.99999999999999234,2.7064447157493955e-10,1.1657341758564144e-14
GNO,1,NA,0,1,1,information,2,2,12.480669656461046,2.2421136482647423e-11,1.2434497875801753e-14
GNO,1,NA,0,1,1,covariance,2,2,1.4999999999999902,2.7064447157493955e-10,1.3766765505351941e-14
GNO,1,NA,0,1,1,information,2,3,-9.183227115060788,1.2453265937401457e-11,8.8817841970012523e-15
GNO,1,NA,0,1,1,covariance,2,3,0.499999999999998,2.7064447157493955e-10,1.3322676295501878e-15
GNO,1,NA,0,1,1,information,3,1,-9.8319483857609171,1.5960551777435551e-11,1.0658141036401503e-14
GNO,1,NA,0,1,1,covariance,3,1,0.16148535219681232,2.7064447157493955e-10,4.4408920985006262e-15
GNO,1,NA,0,1,1,information,3,2,-9.183227115060788,1.2453265937401457e-11,8.8817841970012523e-15
GNO,1,NA,0,1,1,covariance,3,2,0.49999999999999806,2.7064447157493955e-10,3.2751579226442118e-15
GNO,1,NA,0,1,1,information,3,3,7.8857845736605316,5.591886198380185e-12,5.3290705182007514e-15
GNO,1,NA,0,1,1,covariance,3,3,0.91041406702456473,2.7064447157493955e-10,1.9984014443252818e-15
GNO,-2,NA,0,1,1,score_mean,1,0,1.1102230246251565e-16,1.753589474603726e-13,3.4416913763379853e-15
GNO,-2,NA,0,1,1,score_mean,2,0,-4.163336342344337e-17,1.7276724438607776e-13,1.0824674490095276e-15
GNO,-2,NA,0,1,1,score_mean,3,0,-6.9388939039072284e-18,7.7352099103511779e-14,4.8572257327350599e-16
GNO,-2,NA,0,1,1,information,1,1,14904.789935208642,1.1757743938410821e-08,2.9103830456733704e-11
GNO,-2,NA,0,1,1,covariance,1,1,1.0028320881413928,4.8941978127198323e-07,1.8305357230019581e-11
GNO,-2,NA,0,1,1,information,1,2,-7448.7004395548565,5.8554275653436792e-09,6.3664629124104977e-12
GNO,-2,NA,0,1,1,covariance,1,2,2.0000000000041092,4.8941978127198323e-07,3.6966429917129062e-11
GNO,-2,NA,0,1,1,information,1,3,-3709.5721075795673,2.9023750901131011e-09,4.5474735088646412e-12
GNO,-2,NA,0,1,1,covariance,1,3,0.013101439595815579,4.8941978127198323e-07,6.8230317229467374e-13
GNO,-2,NA,0,1,1,information,2,1,-7448.7004395548565,5.8554275653436792e-09,6.3664629124104977e-12
GNO,-2,NA,0,1,1,covariance,2,1,2.0000000000041092,4.8941978127198323e-07,3.6498359889947096e-11
GNO,-2,NA,0,1,1,information,2,2,3722.7529557526955,2.9177008987441205e-09,3.637978807091713e-12
GNO,-2,NA,0,1,1,covariance,2,2,4.5000000000079581,4.8941978127198323e-07,7.2986949817277491e-11
GNO,-2,NA,0,1,1,information,2,3,1853.9874217774172,1.446962762977124e-09,2.2737367544323206e-12
GNO,-2,NA,0,1,1,covariance,2,3,-0.99999999999946931,4.8941978127198323e-07,8.2600593032111647e-14
GNO,-2,NA,0,1,1,information,3,1,-3709.5721075795673,2.9023750901131011e-09,4.5474735088646412e-12
GNO,-2,NA,0,1,1,covariance,3,1,0.013101439595815527,4.8941978127198323e-07,2.5787878776828421e-13
GNO,-2,NA,0,1,1,information,3,2,1853.9874217774172,1.446962762977124e-09,2.2737367544323206e-12
GNO,-2,NA,0,1,1,covariance,3,2,-0.99999999999946942,4.8941978127198323e-07,1.9637624859569769e-12
GNO,-2,NA,0,1,1,information,3,3,923.79918283924326,7.1960126895214905e-10,7.9580786405131221e-13
GNO,-2,NA,0,1,1,covariance,3,3,2.0606081841506305,4.8941978127198323e-07,2.9065638784686598e-12
GNO,2,NA,0,1,1,score_mean,1,0,-1.1102230246251565e-16,1.753589474603726e-13,3.4416913763379853e-15
GNO,2,NA,0,1,1,score_mean,2,0,-4.163336342344337e-17,1.7276724438607776e-13,1.0824674490095276e-15
GNO,2,NA,0,1,1,score_mean,3,0,6.9388939039072284e-18,7.7352099103511779e-14,5.4123372450476381e-16
GNO,2,NA,0,1,1,information,1,1,14904.789935208642,1.1757743938410821e-08,2.9103830456733704e-11
GNO,2,NA,0,1,1,covariance,1,1,1.0028320881413928,4.8941978127198323e-07,1.8305357230019581e-11
GNO,2,NA,0,1,1,information,1,2,7448.7004395548565,5.8554275653436792e-09,6.3664629124104977e-12
GNO,2,NA,0,1,1,covariance,1,2,-2.0000000000041092,4.8941978127198323e-07,3.6966429917129062e-11
GNO,2,NA,0,1,1,information,1,3,-3709.5721075795673,2.9023750901131011e-09,4.5474735088646412e-12
GNO,2,NA,0,1,1,covariance,1,3,0.013101439595815579,4.8941978127198323e-07,6.8230317229467374e-13
GNO,2,NA,0,1,1,information,2,1,7448.7004395548565,5.8554275653436792e-09,6.3664629124104977e-12
GNO,2,NA,0,1,1,covariance,2,1,-2.0000000000041092,4.8941978127198323e-07,3.6498359889947096e-11
GNO,2,NA,0,1,1,information,2,2,3722.7529557526955,2.9177008987441205e-09,3.637978807091713e-12
GNO,2,NA,0,1,1,covariance,2,2,4.5000000000079581,4.8941978127198323e-07,7.2986949817277491e-11
GNO,2,NA,0,1,1,information,2,3,-1853.9874217774172,1.446962762977124e-09,2.2737367544323206e-12
GNO,2,NA,0,1,1,covariance,2,3,0.99999999999946931,4.8941978127198323e-07,8.2600593032111647e-14
GNO,2,NA,0,1,1,information,3,1,-3709.5721075795673,2.9023750901131011e-09,4.5474735088646412e-12
GNO,2,NA,0,1,1,covariance,3,1,0.013101439595815527,4.8941978127198323e-07,2.5787878776828421e-13
GNO,2,NA,0,1,1,information,3,2,-1853.9874217774172,1.446962762977124e-09,2.2737367544323206e-12
GNO,2,NA,0,1,1,covariance,3,2,0.99999999999946942,4.8941978127198323e-07,1.9637624859569769e-12
GNO,2,NA,0,1,1,information,3,3,923.79918283924326,7.1960126895214905e-10,7.9580786405131221e-13
GNO,2,NA,0,1,1,covariance,3,3,2.0606081841506305,4.8941978127198323e-07,2.9065638784686598e-12
GLO,0,-1,0,1,1,score_mean,1,0,0,5.5595497795500773e-15,2.7755575615628914e-17
GLO,0,-1,0,1,1,score_mean,2,0,-1.1102230246251565e-16,9.9620509752748834e-15,0
GLO,0,-1,0,1,1,score_mean,3,0,-2.0816681711721685e-17,9.7534272794415726e-15,9.0205620750793969e-17
GLO,0,-1,0,1,1,information,1,1,0.33333333333333326,1.3373867036071658e-14,1.1102230246251565e-16
GLO,0,-1,0,1,1,covariance,1,1,3.113972242232403,5.4496748817983322e-13,4.4408920985006262e-16
GLO,0,-1,0,1,1,information,1,2,-2.7755575615628914e-17,5.7876650277494293e-15,5.5511151231257827e-17
GLO,0,-1,0,1,1,covariance,1,2,4.6721938141357549e-17,5.4496748817983322e-13,1.0716441982653002e-16
GLO,0,-1,0,1,1,information,1,3,-0.21497802228274204,7.0378899485062419e-15,1.1102230246251565e-16
GLO,0,-1,0,1,1,covariance,1,3,0.17671921532906712,5.4496748817983322e-13,2.7755575615628914e-17
GLO,0,-1,0,1,1,information,2,1,-2.7755575615628914e-17,5.7876650277494293e-15,5.5511151231257827e-17
GLO,0,-1,0,1,1,covariance,2,1,4.6721938141357555e-17,5.4496748817983322e-13,1.0716441982653002e-16
GLO,0,-1,0,1,1,information,2,2,1.429956044565484,1.5874432157400921e-14,4.4408920985006262e-16
GLO,0,-1,0,1,1,covariance,2,2,0.69932219511255445,5.4496748817983322e-13,2.2204460492503131e-16
GLO,0,-1,0,1,1,information,2,3,1.1102230246251565e-16,2.0912533482946806e-14,1.1102230246251565e-16
GLO,0,-1,0,1,1,covariance,2,3,-1.7844199350928454e-17,5.4496748817983322e-13,1.4414063464974717e-17
GLO,0,-1,0,1,1,information,3,1,-0.21497802228274204,7.0378899485062419e-15,1.1102230246251565e-16
GLO,0,-1,0,1,1,covariance,3,1,0.17671921532906712,5.4496748817983322e-13,0
GLO,0,-1,0,1,1,information,3,2,1.1102230246251565e-16,2.0912533482946806e-14,1.1102230246251565e-16
GLO,0,-1,0,1,1,covariance,3,2,-1.7844199350928454e-17,5.4496748817983322e-13,1.4414063464974717e-17
GLO,0,-1,0,1,1,information,3,3,3.7881313179889826,4.2418187056403696e-14,8.8817841970012523e-16
GLO,0,-1,0,1,1,covariance,3,3,0.27401128954574955,5.4496748817983322e-13,1.1102230246251565e-16
GLO,-9.9999999999999995e-07,-1,0,1,1,score_mean,1,0,-1.1102230246251565e-16,3.5869895496659745e-13,2.7755575615628914e-17
GLO,-9.9999999999999995e-07,-1,0,1,1,score_mean,2,0,4.163336342344337e-17,9.9626612479790534e-15,1.3877787807814457e-17
GLO,-9.9999999999999995e-07,-1,0,1,1,score_mean,3,0,2.0122792321330962e-16,9.7513306157174569e-15,6.9388939039072284e-18
GLO,-9.9999999999999995e-07,-1,0,1,1,information,1,1,0.33333333333519316,1.3408326943639253e-14,1.6653345369377348e-16
GLO,-9.9999999999999995e-07,-1,0,1,1,covariance,1,1,3.113972242231712,5.4493479775322602e-13,1.7763568394002505e-15
GLO,-9.9999999999999995e-07,-1,0,1,1,information,1,2,-1.6449340669577595e-06,5.8069439883685778e-15,2.7755575615628914e-17
GLO,-9.9999999999999995e-07,-1,0,1,1,covariance,1,2,2.8696337923756957e-06,5.4493479775322602e-13,1.0160160202315333e-16
GLO,-9.9999999999999995e-07,-1,0,1,1,information,1,3,-0.21497802228859036,7.0390598142000892e-15,5.5511151231257827e-17
GLO,-9.9999999999999995e-07,-1,0,1,1,covariance,1,3,0.17671921532817111,5.4493479775322602e-13,8.3266726846886741e-17
GLO,-9.9999999999999995e-07,-1,0,1,1,information,2,1,-1.6449340669577595e-06,5.8069439883685778e-15,2.7755575615628914e-17
GLO,-9.9999999999999995e-07,-1,0,1,1,covariance,2,1,2.8696337923756953e-06,5.4493479775322602e-13,1.0160160202315333e-16
GLO,-9.9999999999999995e-07,-1,0,1,1,information,2,2,1.4299560445732262,1.5876522597352676e-14,6.6613381477509392e-16
GLO,-9.9999999999999995e-07,-1,0,1,1,covariance,2,2,0.6993221951157037,5.4493479775322602e-13,3.3306690738754696e-16
GLO,-9.9999999999999995e-07,-1,0,1,1,information,2,3,5.7652408415043155e-06,2.0900237088594147e-14,3.3306690738754696e-16
GLO,-9.9999999999999995e-07,-1,0,1,1,covariance,2,3,-9.0146100982102753e-07,5.4493479775322602e-13,6.7253463099925786e-17
GLO,-9.9999999999999995e-07,-1,0,1,1,information,3,1,-0.21497802228859036,7.0390598142000892e-15,5.5511151231257827e-17
GLO,-9.9999999999999995e-07,-1,0,1,1,covariance,3,1,0.17671921532817109,5.4493479775322602e-13,8.3266726846886741e-17
GLO,-9.9999999999999995e-07,-1,0,1,1,information,3,2,5.7652408415043155e-06,2.0900237088594147e-14,3.3306690738754696e-16
GLO,-9.9999999999999995e-07,-1,0,1,1,covariance,3,2,-9.0146100982102764e-07,5.4493479775322602e-13,6.7253674858162599e-17
GLO,-9.9999999999999995e-07,-1,0,1,1,information,3,3,3.7881313180167835,4.241887543520958e-14,8.8817841970012523e-16
GLO,-9.9999999999999995e-07,-1,0,1,1,covariance,3,3,0.27401128954533249,5.4493479775322602e-13,5.5511151231257827e-17
GLO,9.9999999999999995e-07,-1,0,1,1,score_mean,1,0,-2.7755575615628914e-17,3.5869805634580822e-13,2.7755575615628914e-17
GLO,9.9999999999999995e-07,-1,0,1,1,score_mean,2,0,1.3877787807814457e-17,9.9648521810377463e-15,9.7144514654701197e-17
GLO,9.9999999999999995e-07,-1,0,1,1,score_mean,3,0,2.7755575615628914e-17,9.7549155979408785e-15,4.163336342344337e-17
GLO,9.9999999999999995e-07,-1,0,1,1,information,1,1,0.33333333333519322,1.3409357663622054e-14,0
GLO,9.9999999999999995e-07,-1,0,1,1,covariance,1,1,3.1139722422317115,5.4465616181672512e-13,0
GLO,9.9999999999999995e-07,-1,0,1,1,information,1,2,1.6449340668189816e-06,5.8110543482509412e-15,5.5511151231257827e-17
GLO,9.9999999999999995e-07,-1,0,1,1,covariance,1,2,-2.8696337921695266e-06,5.4465616181672512e-13,1.0716322035482506e-16
GLO,9.9999999999999995e-07,-1,0,1,1,information,1,3,-0.21497802228859036,7.0378403535258295e-15,0
GLO,9.9999999999999995e-07,-1,0,1,1,covariance,1,3,0.17671921532817106,5.4465616181672512e-13,2.7755575615628914e-17
GLO,9.9999999999999995e-07,-1,0,1,1,information,2,1,1.6449340668189816e-06,5.8110543482509412e-15,5.5511151231257827e-17
GLO,9.9999999999999995e-07,-1,0,1,1,covariance,2,1,-2.8696337921695266e-06,5.4465616181672512e-13,1.0716279683835143e-16
GLO,9.9999999999999995e-07,-1,0,1,1,information,2,2,1.4299560445732262,1.5876476613720034e-14,6.6613381477509392e-16
GLO,9.9999999999999995e-07,-1,0,1,1,covariance,2,2,0.6993221951157037,5.4465616181672512e-13,3.3306690738754696e-16
GLO,9.9999999999999995e-07,-1,0,1,1,information,2,3,-5.7652408407271594e-06,2.0864715121887759e-14,1.1102230246251565e-16
GLO,9.9999999999999995e-07,-1,0,1,1,covariance,2,3,9.014610096892579e-07,5.4465616181672512e-13,1.4413430267834395e-17
GLO,9.9999999999999995e-07,-1,0,1,1,information,3,1,-0.21497802228859036,7.0378403535258295e-15,0
GLO,9.9999999999999995e-07,-1,0,1,1,covariance,3,1,0.17671921532817106,5.4465616181672512e-13,5.5511151231257827e-17
GLO,9.9999999999999995e-07,-1,0,1,1,information,3,2,-5.7652408407271594e-06,2.0864715121887759e-14,1.1102230246251565e-16
GLO,9.9999999999999995e-07,-1,0,1,1,covariance,3,2,9.014610096892579e-07,5.4465616181672512e-13,1.4413536146952802e-17
GLO,9.9999999999999995e-07,-1,0,1,1,information,3,3,3.7881313180167835,4.2418871590295571e-14,8.8817841970012523e-16
GLO,9.9999999999999995e-07,-1,0,1,1,covariance,3,3,0.27401128954533249,5.4465616181672512e-13,5.5511151231257827e-17
GLO,-0.20000000000000001,-1,0,1,1,score_mean,1,0,-8.3266726846886741e-17,2.8528975409731289e-13,2.7755575615628914e-17
GLO,-0.20000000000000001,-1,0,1,1,score_mean,2,0,2.7755575615628914e-17,1.0188877802985553e-14,2.4980018054066022e-16
GLO,-0.20000000000000001,-1,0,1,1,score_mean,3,0,6.9388939039072284e-17,9.996703294690542e-15,1.5126788710517758e-15
GLO,-0.20000000000000001,-1,0,1,1,information,1,1,0.42281804789684785,1.0417482564665784e-13,1.6653345369377348e-16
GLO,-0.20000000000000001,-1,0,1,1,covariance,1,1,3.0880088925659779,6.9041230010259968e-12,4.4408920985006262e-16
GLO,-0.20000000000000001,-1,0,1,1,information,1,2,-0.40375530809928734,4.2483583191631484e-14,2.2204460492503131e-16
GLO,-0.20000000000000001,-1,0,1,1,covariance,1,2,0.5788445665366807,6.9041230010259968e-12,3.3306690738754696e-16
GLO,-0.20000000000000001,-1,0,1,1,information,1,3,-0.50632393410685061,1.0223907949742628e-14,1.2212453270876722e-15
GLO,-0.20000000000000001,-1,0,1,1,covariance,1,3,0.14211124675779777,6.9041230010259968e-12,1.3045120539345589e-15
GLO,-0.20000000000000001,-1,0,1,1,information,2,1,-0.40375530809928734,4.2483583191631484e-14,2.2204460492503131e-16
GLO,-0.20000000000000001,-1,0,1,1,covariance,2,1,0.57884456653668082,6.9041230010259968e-12,3.3306690738754696e-16
GLO,-0.20000000000000001,-1,0,1,1,information,2,2,1.8004352169050084,2.0025931659980822e-14,4.4408920985006262e-16
GLO,-0.20000000000000001,-1,0,1,1,covariance,2,2,0.82440750356232795,6.9041230010259968e-12,5.5511151231257827e-16
GLO,-0.20000000000000001,-1,0,1,1,information,2,3,1.4399130525771162,2.8159271575060025e-14,0
GLO,-0.20000000000000001,-1,0,1,1,covariance,2,3,-0.17402490778332608,6.9041230010259968e-12,2.4980018054066022e-16
GLO,-0.20000000000000001,-1,0,1,1,information,3,1,-0.50632393410685061,1.0223907949742628e-14,1.2212453270876722e-15
GLO,-0.20000000000000001,-1,0,1,1,covariance,3,1,0.14211124675779815,6.9041230010259968e-12,9.4368957093138306e-16
GLO,-0.20000000000000001,-1,0,1,1,information,3,2,1.4399130525771162,2.8159271575060025e-14,0
GLO,-0.20000000000000001,-1,0,1,1,covariance,3,2,-0.17402490778332605,6.9041230010259968e-12,1.6653345369377348e-16
GLO,-0.20000000000000001,-1,0,1,1,information,3,3,5.1371512172830531,6.5999860437025368e-13,1.7763568394002505e-15
GLO,-0.20000000000000001,-1,0,1,1,covariance,3,3,0.25744522709016981,6.9041230010259968e-12,1.6653345369377348e-16
GLO,0.20000000000000001,-1,0,1,1,score_mean,1,0,5.5511151231257827e-17,2.8528487499521722e-13,0
GLO,0.20000000000000001,-1,0,1,1,score_mean,2,0,-8.3266726846886741e-17,1.0184268922708439e-14,0
GLO,0.20000000000000001,-1,0,1,1,score_mean,3,0,4.3715031594615539e-16,9.9936553895907295e-15,4.7184478546569153e-16
GLO,0.20000000000000001,-1,0,1,1,information,1,1,0.42281804789684785,1.0417546871124578e-13,5.5511151231257827e-17
GLO,0.20000000000000001,-1,0,1,1,covariance,1,1,3.0880088925659774,6.9033801796252367e-12,0
GLO,0.20000000000000001,-1,0,1,1,information,1,2,0.40375530809928734,4.2483862050215942e-14,5.5511151231257827e-17
GLO,0.20000000000000001,-1,0,1,1,covariance,1,2,-0.5788445665366807,6.9033801796252367e-12,2.2204460492503131e-16
GLO,0.20000000000000001,-1,0,1,1,information,1,3,-0.50632393410685084,1.0213503163508041e-14,0
GLO,0.20000000000000001,-1,0,1,1,covariance,1,3,0.14211124675779771,6.9033801796252367e-12,8.6042284408449632e-16
GLO,0.20000000000000001,-1,0,1,1,information,2,1,0.40375530809928734,4.2483862050215942e-14,5.5511151231257827e-17
GLO,0.20000000000000001,-1,0,1,1,covariance,2,1,-0.57884456653668059,6.9033801796252367e-12,1.1102230246251565e-16
GLO,0.20000000000000001,-1,0,1,1,information,2,2,1.8004352169050089,2.0026902428011473e-14,0
GLO,0.20000000000000001,-1,0,1,1,covariance,2,2,0.82440750356232784,6.9033801796252367e-12,4.4408920985006262e-16
GLO,0.20000000000000001,-1,0,1,1,information,2,3,-1.4399130525771171,2.8130463515225329e-14,1.3322676295501878e-15
GLO,0.20000000000000001,-1,0,1,1,covariance,2,3,0.17402490778332644,6.9033801796252367e-12,7.4940054162198066e-16
GLO,0.20000000000000001,-1,0,1,1,information,3,1,-0.50632393410685084,1.0213503163508041e-14,0
GLO,0.20000000000000001,-1,0,1,1,covariance,3,1,0.14211124675779824,6.9033801796252367e-12,5.5511151231257827e-17
GLO,0.20000000000000001,-1,0,1,1,information,3,2,-1.4399130525771171,2.8130463515225329e-14,1.3322676295501878e-15
GLO,0.20000000000000001,-1,0,1,1,covariance,3,2,0.17402490778332616,6.9033801796252367e-12,4.163336342344337e-16
GLO,0.20000000000000001,-1,0,1,1,information,3,3,5.1371512172830531,6.5993031498592066e-13,1.7763568394002505e-15
GLO,0.20000000000000001,-1,0,1,1,covariance,3,3,0.25744522709016993,6.9033801796252367e-12,2.7755575615628914e-16
GLO,-0.40000000000000002,-1,0,1,1,score_mean,1,0,-5.5511151231257827e-17,5.190518001652141e-14,5.5511151231257827e-17
GLO,-0.40000000000000002,-1,0,1,1,score_mean,2,0,2.7755575615628914e-17,1.2534778573300287e-13,9.7144514654701197e-17
GLO,-0.40000000000000002,-1,0,1,1,score_mean,3,0,6.609296443471635e-16,1.0768726765151763e-14,5.8113236445223038e-16
GLO,-0.40000000000000002,-1,0,1,1,information,1,1,1.1972344519694664,1.4088465383857739e-12,1.5765166949677223e-14
GLO,-0.40000000000000002,-1,0,1,1,covariance,1,1,3.0287141639852071,4.3888007504562228e-10,1.3100631690576847e-13
GLO,-0.40000000000000002,-1,0,1,1,information,1,2,-2.0681716501493113,3.6331552082422525e-12,3.8635761256955448e-14
GLO,-0.40000000000000002,-1,0,1,1,covariance,1,2,1.1838112557185685,4.3888007504562228e-10,1.3500311979441904e-13
GLO,-0.40000000000000002,-1,0,1,1,information,1,3,-3.3618280941867988,6.1357084519940403e-12,2.2204460492503131e-15
GLO,-0.40000000000000002,-1,0,1,1,covariance,1,3,0.052874822598324579,4.3888007504562228e-10,3.5964287103951165e-14
GLO,-0.40000000000000002,-1,0,1,1,information,2,1,-2.0681716501493113,3.6331552082422525e-12,3.8635761256955448e-14
GLO,-0.40000000000000002,-1,0,1,1,covariance,2,1,1.1838112557185685,4.3888007504562228e-10,1.3455903058456897e-13
GLO,-0.40000000000000002,-1,0,1,1,information,2,2,4.94147625927073,5.1285138172511935e-12,2.6645352591003757e-15
GLO,-0.40000000000000002,-1,0,1,1,covariance,2,2,1.1884492392272321,4.3888007504562228e-10,8.5709217501062085e-14
GLO,-0.40000000000000002,-1,0,1,1,information,2,3,7.8321880702106128,1.1100877425892034e-11,7.1054273576010019e-15
GLO,-0.40000000000000002,-1,0,1,1,covariance,2,3,-0.30953914807101085,4.3888007504562228e-10,1.2878587085651816e-14
GLO,-0.40000000000000002,-1,0,1,1,information,3,1,-3.3618280941867988,6.1357084519940403e-12,2.2204460492503131e-15
GLO,-0.40000000000000002,-1,0,1,1,covariance,3,1,0.052874822598324607,4.3888007504562228e-10,3.582550922587302e-14
GLO,-0.40000000000000002,-1,0,1,1,information,3,2,7.8321880702106128,1.1100877425892034e-11,7.1054273576010019e-15
GLO,-0.40000000000000002,-1,0,1,1,covariance,3,2,-0.30953914807101085,4.3888007504562228e-10,1.2712053631958042e-14
GLO,-0.40000000000000002,-1,0,1,1,information,3,3,17.213939009145275,2.7562912710420496e-11,1.7763568394002505e-14
GLO,-0.40000000000000002,-1,0,1,1,covariance,3,3,0.20925628265311105,4.3888007504562228e-10,1.2490009027033011e-15
GLO,0.40000000000000002,-1,0,1,1,score_mean,1,0,-2.7755575615628914e-17,5.1904553785282903e-14,8.3266726846886741e-17
GLO,0.40000000000000002,-1,0,1,1,score_mean,2,0,1.3877787807814457e-17,1.2534684018911071e-13,1.3877787807814457e-17
GLO,0.40000000000000002,-1,0,1,1,score_mean,3,0,-7.9797279894933126e-17,1.0767481159232199e-14,2.0816681711721685e-17
GLO,0.40000000000000002,-1,0,1,1,information,1,1,1.197234451969466,1.408843861815332e-12,1.5543122344752192e-14
GLO,0.40000000000000002,-1,0,1,1,covariance,1,1,3.0287141639852089,4.3885090611965931e-10,1.2789769243681803e-13
GLO,0.40000000000000002,-1,0,1,1,information,1,2,2.0681716501493104,3.6331579107544694e-12,3.8191672047105385e-14
GLO,0.40000000000000002,-1,0,1,1,covariance,1,2,-1.1838112557185709,4.3885090611965931e-10,1.3145040611561853e-13
GLO,0.40000000000000002,-1,0,1,1,information,1,3,-3.3618280941867953,6.1370424512254564e-12,2.6645352591003757e-15
GLO,0.40000000000000002,-1,0,1,1,covariance,1,3,0.052874822598323712,4.3885090611965931e-10,3.4652836156112699e-14
GLO,0.40000000000000002,-1,0,1,1,information,2,1,2.0681716501493104,3.6331579107544694e-12,3.8191672047105385e-14
GLO,0.40000000000000002,-1,0,1,1,covariance,2,1,-1.1838112557185703,4.3885090611965931e-10,1.3167245072054357e-13
GLO,0.40000000000000002,-1,0,1,1,information,2,2,4.9414762592707273,5.1293604436086615e-12,1.7763568394002505e-15
GLO,0.40000000000000002,-1,0,1,1,covariance,2,2,1.1884492392272337,4.3885090611965931e-10,8.1934459217336553e-14
GLO,0.40000000000000002,-1,0,1,1,information,2,3,-7.8321880702106075,1.1100878076473396e-11,4.4408920985006262e-15
GLO,0.40000000000000002,-1,0,1,1,covariance,2,3,0.30953914807101124,4.3885090611965931e-10,1.1324274851176597e-14
GLO,0.40000000000000002,-1,0,1,1,information,3,1,-3.3618280941867953,6.1370424512254564e-12,2.6645352591003757e-15
GLO,0.40000000000000002,-1,0,1,1,covariance,3,1,0.052874822598323871,4.3885090611965931e-10,3.4867941867133823e-14
GLO,0.40000000000000002,-1,0,1,1,information,3,2,-7.8321880702106075,1.1100878076473396e-11,4.4408920985006262e-15
GLO,0.40000000000000002,-1,0,1,1,covariance,3,2,0.30953914807101118,4.3885090611965931e-10,1.1435297153639112e-14
GLO,0.40000000000000002,-1,0,1,1,information,3,3,17.213939009145264,2.7559372411762979e-11,2.1316282072803006e-14
GLO,0.40000000000000002,-1,0,1,1,covariance,3,3,0.20925628265311108,4.3885090611965931e-10,1.7763568394002505e-15
GLO,-0.45000000000000001,-1,0,1,1,score_mean,1,0,8.3266726846886741e-17,6.7546264618825475e-14,1.1102230246251565e-16
GLO,-0.45000000000000001,-1,0,1,1,score_mean,2,0,9.7144514654701197e-17,1.4517802433158482e-13,7.3552275381416621e-16
GLO,-0.45000000000000001,-1,0,1,1,score_mean,3,0,8.6736173798840355e-17,1.4438709221664473e-14,8.0317696937726168e-16
GLO,-0.45000000000000001,-1,0,1,1,information,1,1,2.432312966772852,3.4211379899377135e-14,0
GLO,-0.45000000000000001,-1,0,1,1,covariance,1,1,3.0136420389427045,1.3504057232988909e-10,7.1054273576010019e-15
GLO,-0.45000000000000001,-1,0,1,1,information,1,2,-4.5595897533451648,3.1841311060694368e-13,8.8817841970012523e-16
GLO,-0.45000000000000001,-1,0,1,1,covariance,1,2,1.3408035183197813,1.3504057232988909e-10,6.6613381477509392e-16
GLO,-0.45000000000000001,-1,0,1,1,information,1,3,-8.197036682611996,3.6800242077851579e-13,5.3290705182007514e-15
GLO,-0.45000000000000001,-1,0,1,1,covariance,1,3,0.02642499155964155,1.3504057232988909e-10,1.1761425167122752e-15
GLO,-0.45000000000000001,-1,0,1,1,information,2,1,-4.5595897533451648,3.1841311060694368e-13,8.8817841970012523e-16
GLO,-0.45000000000000001,-1,0,1,1,covariance,2,1,1.3408035183197822,1.3504057232988909e-10,1.7763568394002505e-15
GLO,-0.45000000000000001,-1,0,1,1,information,2,2,9.8995118250426124,1.7926042521125695e-12,1.7763568394002505e-15
GLO,-0.45000000000000001,-1,0,1,1,covariance,2,2,1.3130218017585902,1.3504057232988909e-10,0
GLO,-0.45000000000000001,-1,0,1,1,information,2,3,17.69805963012054,7.8595456239286019e-12,3.5527136788005009e-15
GLO,-0.45000000000000001,-1,0,1,1,covariance,2,3,-0.33250881693564599,1.3504057232988909e-10,3.8857805861880479e-16
GLO,-0.45000000000000001,-1,0,1,1,information,3,1,-8.197036682611996,3.6800242077851579e-13,5.3290705182007514e-15
GLO,-0.45000000000000001,-1,0,1,1,covariance,3,1,0.026424991559641096,1.3504057232988909e-10,9.2287288921966137e-16
GLO,-0.45000000000000001,-1,0,1,1,information,3,2,17.69805963012054,7.8595456239286019e-12,3.5527136788005009e-15
GLO,-0.45000000000000001,-1,0,1,1,covariance,3,2,-0.33250881693564616,1.3504057232988909e-10,3.8857805861880479e-16
GLO,-0.45000000000000001,-1,0,1,1,information,3,3,36.833075983364722,1.5784289365471824e-12,1.4210854715202004e-14
GLO,-0.45000000000000001,-1,0,1,1,covariance,3,3,0.19279865461215484,1.3504057232988909e-10,0
GLO,0.45000000000000001,-1,0,1,1,score_mean,1,0,-1.3877787807814457e-16,6.7404582275598456e-14,1.1102230246251565e-16
GLO,0.45000000000000001,-1,0,1,1,score_mean,2,0,9.7144514654701197e-17,1.4532819874609145e-13,4.0245584642661925e-16
GLO,0.45000000000000001,-1,0,1,1,score_mean,3,0,-4.649058915617843e-16,1.444657859403579e-14,3.4954678040932663e-16
GLO,0.45000000000000001,-1,0,1,1,information,1,1,2.432312966772852,3.4594475833024914e-14,4.4408920985006262e-16
GLO,0.45000000000000001,-1,0,1,1,covariance,1,1,3.0136420389427037,1.3513046486136234e-10,3.1086244689504383e-15
GLO,0.45000000000000001,-1,0,1,1,information,1,2,4.5595897533451648,3.18579600066127e-13,0
GLO,0.45000000000000001,-1,0,1,1,covariance,1,2,-1.3408035183197868,1.3513046486136234e-10,2.886579864025407e-15
GLO,0.45000000000000001,-1,0,1,1,information,1,3,-8.1970366826119943,3.6987052242803902e-13,1.7763568394002505e-15
GLO,0.45000000000000001,-1,0,1,1,covariance,1,3,0.026424991559638414,1.3513046486136234e-10,9.8185348740287282e-16
GLO,0.45000000000000001,-1,0,1,1,information,2,1,4.5595897533451648,3.18579600066127e-13,0
GLO,0.45000000000000001,-1,0,1,1,covariance,2,1,-1.3408035183197851,1.3513046486136234e-10,1.5543122344752192e-15
GLO,0.45000000000000001,-1,0,1,1,information,2,2,9.8995118250426142,1.7949786465325099e-12,0
GLO,0.45000000000000001,-1,0,1,1,covariance,2,2,1.3130218017585955,1.3513046486136234e-10,1.5543122344752192e-15
GLO,0.45000000000000001,-1,0,1,1,information,2,3,-17.698059630120543,7.8610964399154733e-12,3.5527136788005009e-15
GLO,0.45000000000000001,-1,0,1,1,covariance,2,3,0.33250881693564827,1.3513046486136234e-10,5.5511151231257827e-16
GLO,0.45000000000000001,-1,0,1,1,information,3,1,-8.1970366826119943,3.6987052242803902e-13,1.7763568394002505e-15
GLO,0.45000000000000001,-1,0,1,1,covariance,3,1,0.026424991559639444,1.3513046486136234e-10,3.1225022567582528e-17
GLO,0.45000000000000001,-1,0,1,1,information,3,2,-17.698059630120543,7.8610964399154733e-12,3.5527136788005009e-15
GLO,0.45000000000000001,-1,0,1,1,covariance,3,2,0.33250881693564771,1.3513046486136234e-10,0
GLO,0.45000000000000001,-1,0,1,1,information,3,3,36.833075983364722,1.5854963901736008e-12,1.4210854715202004e-14
GLO,0.45000000000000001,-1,0,1,1,covariance,3,3,0.19279865461215528,1.3513046486136234e-10,0
GLO,-0.48999999999999999,-1,0,1,1,score_mean,1,0,0,5.9543543259883161e-14,0
GLO,-0.48999999999999999,-1,0,1,1,score_mean,2,0,2.6367796834847468e-16,1.1765205209262839e-13,3.7470027081099033e-16
GLO,-0.48999999999999999,-1,0,1,1,score_mean,3,0,3.0704605524789486e-16,1.3747792430025079e-14,8.1532003370909933e-17
GLO,-0.48999999999999999,-1,0,1,1,information,1,1,12.419870334201333,5.4034015463242996e-12,1.7763568394002505e-14
GLO,-0.48999999999999999,-1,0,1,1,covariance,1,1,3.0025793179752331,3.1348524272569298e-09,1.5987211554602254e-14
GLO,-0.48999999999999999,-1,0,1,1,information,1,2,-24.550515876228854,1.7850564267558604e-11,3.1974423109204508e-14
GLO,-0.48999999999999999,-1,0,1,1,covariance,1,2,1.4679971070062754,3.1348524272569298e-09,2.2870594307278225e-14
GLO,-0.48999999999999999,-1,0,1,1,information,1,3,-48.043504229631871,3.5323403975430527e-11,7.815970093361102e-14
GLO,-0.48999999999999999,-1,0,1,1,covariance,1,3,0.0052360775847887916,3.1348524272569298e-09,7.5347714179052616e-15
GLO,-0.48999999999999999,-1,0,1,1,information,2,1,-24.550515876228854,1.7850564267558604e-11,3.1974423109204508e-14
GLO,-0.48999999999999999,-1,0,1,1,covariance,2,1,1.4679971070062785,3.1348524272569298e-09,1.4876988529977098e-14
GLO,-0.48999999999999999,-1,0,1,1,information,2,2,49.866591244632588,4.3957965139910082e-11,7.1054273576010019e-14
GLO,-0.48999999999999999,-1,0,1,1,covariance,2,2,1.4211774823560701,3.1348524272569298e-09,1.4432899320127035e-14
GLO,-0.48999999999999999,-1,0,1,1,information,2,3,97.565309896546083,7.1029353480233606e-11,1.4210854715202004e-13
GLO,-0.48999999999999999,-1,0,1,1,covariance,2,3,-0.34673379660026171,3.1348524272569298e-09,3.5527136788005009e-15
GLO,-0.48999999999999999,-1,0,1,1,information,3,1,-48.043504229631871,3.5323403975430527e-11,7.815970093361102e-14
GLO,-0.48999999999999999,-1,0,1,1,covariance,3,1,0.0052360775847871558,3.1348524272569298e-09,3.6420519378133065e-15
GLO,-0.48999999999999999,-1,0,1,1,information,3,2,97.565309896546083,7.1029353480233606e-11,1.4210854715202004e-13
GLO,-0.48999999999999999,-1,0,1,1,covariance,3,2,-0.34673379660026254,3.1348524272569298e-09,1.7208456881689926e-15
GLO,-0.48999999999999999,-1,0,1,1,information,3,3,196.49049770324064,1.6730342729324121e-10,3.1263880373444408e-13
GLO,-0.48999999999999999,-1,0,1,1,covariance,3,3,0.17853662259782357,3.1348524272569298e-09,2.7755575615628914e-17
GLO,0.48999999999999999,-1,0,1,1,score_mean,1,0,-1.3877787807814457e-16,5.965648938959653e-14,2.7755575615628914e-17
GLO,0.48999999999999999,-1,0,1,1,score_mean,2,0,5.5511151231257827e-17,1.1752172248109395e-13,3.3306690738754696e-16
GLO,0.48999999999999999,-1,0,1,1,score_mean,3,0,-7.2858385991025898e-17,1.3904134242279754e-14,2.6020852139652106e-16
GLO,0.48999999999999999,-1,0,1,1,information,1,1,12.419870334201326,5.4034315245053878e-12,1.2434497875801753e-14
GLO,0.48999999999999999,-1,0,1,1,covariance,1,1,3.0025793179753268,3.1348561450869112e-09,6.2616578588858829e-14
GLO,0.48999999999999999,-1,0,1,1,information,1,2,24.55051587622885,1.7850587199533048e-11,2.8421709430404007e-14
GLO,0.48999999999999999,-1,0,1,1,covariance,1,2,-1.4679971070063733,3.1348561450869112e-09,6.7501559897209518e-14
GLO,0.48999999999999999,-1,0,1,1,information,1,3,-48.043504229631829,3.5323410692640026e-11,4.9737991503207013e-14
GLO,0.48999999999999999,-1,0,1,1,covariance,1,3,0.0052360775847626181,3.1348561450869112e-09,1.8493019615650752e-14
GLO,0.48999999999999999,-1,0,1,1,information,2,1,24.55051587622885,1.7850587199533048e-11,2.8421709430404007e-14
GLO,0.48999999999999999,-1,0,1,1,covariance,2,1,-1.4679971070063678,3.1348561450869112e-09,5.2180482157382357e-14
GLO,0.48999999999999999,-1,0,1,1,information,2,2,49.866591244632559,4.3958187108551871e-11,4.2632564145606011e-14
GLO,0.48999999999999999,-1,0,1,1,covariance,2,2,1.4211774823561463,3.1348561450869112e-09,5.773159728050814e-14
GLO,0.48999999999999999,-1,0,1,1,information,2,3,-97.565309896546054,7.1029383024202696e-11,1.2789769243681803e-13
GLO,0.48999999999999999,-1,0,1,1,covariance,2,3,0.34673379660027792,3.1348561450869112e-09,1.5931700403370996e-14
GLO,0.48999999999999999,-1,0,1,1,information,3,1,-48.043504229631829,3.5323410692640026e-11,4.9737991503207013e-14
GLO,0.48999999999999999,-1,0,1,1,covariance,3,1,0.005236077584765352,3.1348561450869112e-09,1.0796051552741659e-14
GLO,0.48999999999999999,-1,0,1,1,information,3,2,-97.565309896546054,7.1029383024202696e-11,1.2789769243681803e-13
GLO,0.48999999999999999,-1,0,1,1,covariance,3,2,0.34673379660027664,3.1348561450869112e-09,1.2212453270876722e-14
GLO,0.48999999999999999,-1,0,1,1,information,3,3,196.49049770324055,1.6730365389119047e-10,2.2737367544323206e-13
GLO,0.48999999999999999,-1,0,1,1,covariance,3,3,0.17853662259782524,3.1348561450869112e-09,3.4139358007223564e-15
GEV,0,0,0,1,1,score_mean,1,0,-1.1102230246251565e-16,8.1992980705031805e-15,2.2204460492503131e-16
GEV,0,0,0,1,1,score_mean,2,0,-2.7755575615628914e-17,1.0272011586195206e-14,5.5511151231257827e-17
GEV,0,0,0,1,1,score_mean,3,0,-6.9388939039072284e-17,7.3410829239256472e-15,8.3266726846886741e-17
GEV,0,0,0,1,1,information,1,1,0.99999999999999989,1.1107376730841375e-14,1.1102230246251565e-16
GEV,0,0,0,1,1,covariance,1,1,1.2487131118084192,2.4286653449002156e-12,6.6613381477509392e-16
GEV,0,0,0,1,1,information,1,2,-0.4227843350984673,1.0822720263083792e-12,1.1102230246251565e-16
GEV,0,0,0,1,1,covariance,1,2,0.33659395310777923,2.4286653449002156e-12,2.2204460492503131e-16
GEV,0,0,0,1,1,information,1,3,-0.41184033042643975,9.22299688317805e-15,0
GEV,0,0,0,1,1,covariance,1,3,0.25836823954420185,2.4286653449002156e-12,0
GEV,0,0,0,1,1,information,2,1,-0.4227843350984673,1.0822720263083792e-12,1.1102230246251565e-16
GEV,0,0,0,1,1,covariance,2,1,0.33659395310777929,2.4286653449002156e-12,2.2204460492503131e-16
GEV,0,0,0,1,1,information,2,2,1.8236806608528791,2.0242195852506291e-14,4.4408920985006262e-16
GEV,0,0,0,1,1,covariance,2,2,0.65313786712056976,2.4286653449002156e-12,2.2204460492503131e-16
GEV,0,0,0,1,1,information,2,3,-0.33248490716027401,1.7947278991890011e-14,0
GEV,0,0,0,1,1,covariance,2,3,0.14679838219578298,2.4286653449002156e-12,0
GEV,0,0,0,1,1,information,3,1,-0.41184033042643975,9.22299688317805e-15,0
GEV,0,0,0,1,1,covariance,3,1,0.25836823954420185,2.4286653449002156e-12,5.5511151231257827e-17
GEV,0,0,0,1,1,information,3,2,-0.33248490716027401,1.7947278991890011e-14,0
GEV,0,0,0,1,1,covariance,3,2,0.14679838219578295,2.4286653449002156e-12,0
GEV,0,0,0,1,1,information,3,3,2.4236060551770287,2.6912457224640438e-14,4.4408920985006262e-16
GEV,0,0,0,1,1,covariance,3,3,0.47665118889828978,2.4286653449002156e-12,1.1102230246251565e-16
GEV,-9.9999999999999995e-07,0,0,1,1,score_mean,1,0,-1.6653345369377348e-16,4.6601516220076469e-14,5.5511151231257827e-17
GEV,-9.9999999999999995e-07,0,0,1,1,score_mean,2,0,-2.7755575615628914e-17,1.0269748638530053e-14,2.7755575615628914e-17
GEV,-9.9999999999999995e-07,0,0,1,1,score_mean,3,0,1.6653345369377348e-16,7.3414593428170816e-15,1.0408340855860843e-16
GEV,-9.9999999999999995e-07,0,0,1,1,information,1,1,1.0000008455713174,1.2807263853438268e-13,4.4408920985006262e-16
GEV,-9.9999999999999995e-07,0,0,1,1,covariance,1,1,1.2487133045870449,2.5608633941894185e-12,4.4408920985006262e-16
GEV,-9.9999999999999995e-07,0,0,1,1,information,1,2,-0.42278657061887526,1.0822615806298708e-12,1.1102230246251565e-16
GEV,-9.9999999999999995e-07,0,0,1,1,covariance,1,2,0.33659515001776391,2.5608633941894185e-12,1.1102230246251565e-16
GEV,-9.9999999999999995e-07,0,0,1,1,information,1,3,-0.41184007952223556,9.2225145000778598e-15,5.5511151231257827e-17
GEV,-9.9999999999999995e-07,0,0,1,1,covariance,1,3,0.25836837304344429,2.5608633941894185e-12,1.1102230246251565e-16
GEV,-9.9999999999999995e-07,0,0,1,1,information,2,1,-0.42278657061887526,1.0822615806298708e-12,1.1102230246251565e-16
GEV,-9.9999999999999995e-07,0,0,1,1,covariance,2,1,0.33659515001776397,2.5608633941894185e-12,2.2204460492503131e-16
GEV,-9.9999999999999995e-07,0,0,1,1,information,2,2,1.8236799958880612,2.0244210948719223e-14,0
GEV,-9.9999999999999995e-07,0,0,1,1,covariance,2,2,0.6531384192097528,2.5608633941894185e-12,0
GEV,-9.9999999999999995e-07,0,0,1,1,information,2,3,-0.33248119750853922,1.7943060827347878e-14,3.3306690738754696e-16
GEV,-9.9999999999999995e-07,0,0,1,1,covariance,2,3,0.14679795688165789,2.5608633941894185e-12,2.7755575615628914e-17
GEV,-9.9999999999999995e-07,0,0,1,1,information,3,1,-0.41184007952223556,9.2225145000778598e-15,5.5511151231257827e-17
GEV,-9.9999999999999995e-07,0,0,1,1,covariance,3,1,0.25836837304344434,2.5608633941894185e-12,1.6653345369377348e-16
GEV,-9.9999999999999995e-07,0,0,1,1,information,3,2,-0.33248119750853922,1.7943060827347878e-14,3.3306690738754696e-16
GEV,-9.9999999999999995e-07,0,0,1,1,covariance,3,2,0.14679795688165787,2.5608633941894185e-12,5.5511151231257827e-17
GEV,-9.9999999999999995e-07,0,0,1,1,information,3,3,2.4236006049772314,2.6910403566762171e-14,8.8817841970012523e-16
GEV,-9.9999999999999995e-07,0,0,1,1,covariance,3,3,0.47665197368892215,2.5608633941894185e-12,1.1102230246251565e-16
GEV,9.9999999999999995e-07,0,0,1,1,score_mean,1,0,0,4.6600150079112787e-14,5.5511151231257827e-17
GEV,9.9999999999999995e-07,0,0,1,1,score_mean,2,0,2.7755575615628914e-17,1.0270712468057341e-14,2.7755575615628914e-17
GEV,9.9999999999999995e-07,0,0,1,1,score_mean,3,0,7.2858385991025898e-17,7.3419729901003273e-15,3.1225022567582528e-17
GEV,9.9999999999999995e-07,0,0,1,1,information,1,1,0.99999915443397724,1.2807655571808149e-13,1.1102230246251565e-16
GEV,9.9999999999999995e-07,0,0,1,1,covariance,1,1,1.2487129190293502,2.5609061113448702e-12,2.2204460492503131e-16
GEV,9.9999999999999995e-07,0,0,1,1,information,1,2,-0.42278209957689267,1.0822786358935621e-12,5.5511151231257827e-17
GEV,9.9999999999999995e-07,0,0,1,1,covariance,1,2,0.33659275619754397,2.5609061113448702e-12,5.5511151231257827e-17
GEV,9.9999999999999995e-07,0,0,1,1,information,1,3,-0.41184058133821144,9.2225167982485383e-15,5.5511151231257827e-17
GEV,9.9999999999999995e-07,0,0,1,1,covariance,1,3,0.25836810604436239,2.5609061113448702e-12,5.5511151231257827e-17
GEV,9.9999999999999995e-07,0,0,1,1,information,2,1,-0.42278209957689267,1.0822786358935621e-12,5.5511151231257827e-17
GEV,9.9999999999999995e-07,0,0,1,1,covariance,2,1,0.33659275619754392,2.5609061113448702e-12,1.6653345369377348e-16
GEV,9.9999999999999995e-07,0,0,1,1,information,2,2,1.8236813258276898,2.0251744323642118e-14,2.2204460492503131e-16
GEV,9.9999999999999995e-07,0,0,1,1,covariance,2,2,0.65313731503346817,2.5609061113448702e-12,0
GEV,9.9999999999999995e-07,0,0,1,1,information,2,3,-0.33248861682472641,1.7947150070624897e-14,1.1102230246251565e-16
GEV,9.9999999999999995e-07,0,0,1,1,covariance,2,3,0.14679880750904611,2.5609061113448702e-12,5.5511151231257827e-17
GEV,9.9999999999999995e-07,0,0,1,1,information,3,1,-0.41184058133821144,9.2225167982485383e-15,5.5511151231257827e-17
GEV,9.9999999999999995e-07,0,0,1,1,covariance,3,1,0.25836810604436239,2.5609061113448702e-12,1.1102230246251565e-16
GEV,9.9999999999999995e-07,0,0,1,1,information,3,2,-0.33248861682472641,1.7947150070624897e-14,1.1102230246251565e-16
GEV,9.9999999999999995e-07,0,0,1,1,covariance,3,2,0.14679880750904611,2.5609061113448702e-12,5.5511151231257827e-17
GEV,9.9999999999999995e-07,0,0,1,1,information,3,3,2.4236115054054275,2.6909787345218485e-14,4.4408920985006262e-16
GEV,9.9999999999999995e-07,0,0,1,1,covariance,3,3,0.47665040410819376,2.5609061113448702e-12,1.1102230246251565e-16
GEV,-0.20000000000000001,0,0,1,1,score_mean,1,0,-1.1102230246251565e-16,3.9506599426877489e-14,1.6653345369377348e-16
GEV,-0.20000000000000001,0,0,1,1,score_mean,2,0,0,9.9284251751004523e-15,5.5511151231257827e-17
GEV,-0.20000000000000001,0,0,1,1,score_mean,3,0,-5.5511151231257827e-17,6.7929399126963119e-15,1.1449174941446927e-16
GEV,-0.20000000000000001,0,0,1,1,information,1,1,1.2776598972044284,6.1852981623062584e-14,2.2204460492503131e-16
GEV,-0.20000000000000001,0,0,1,1,covariance,1,1,1.2783531950225215,2.2805301806513338e-12,1.1102230246251565e-15
GEV,-0.20000000000000001,0,0,1,1,information,1,2,-0.87928703162357846,3.7111469322083312e-14,3.3306690738754696e-16
GEV,-0.20000000000000001,0,0,1,1,covariance,1,2,0.57130408748802741,2.2805301806513338e-12,4.4408920985006262e-16
GEV,-0.20000000000000001,0,0,1,1,information,1,3,-0.47974709386376579,4.6124748457772765e-14,7.7715611723760958e-16
GEV,-0.20000000000000001,0,0,1,1,covariance,1,3,0.27297786307977395,2.2805301806513338e-12,3.3306690738754696e-16
GEV,-0.20000000000000001,0,0,1,1,information,2,1,-0.87928703162357846,3.7111469322083312e-14,3.3306690738754696e-16
GEV,-0.20000000000000001,0,0,1,1,covariance,2,1,0.57130408748802752,2.2805301806513338e-12,5.5511151231257827e-16
GEV,-0.20000000000000001,0,0,1,1,information,2,2,1.8513728861250733,5.6846040267354388e-13,0
GEV,-0.20000000000000001,0,0,1,1,covariance,2,2,0.80555934872568602,2.2805301806513338e-12,3.3306690738754696e-16
GEV,-0.20000000000000001,0,0,1,1,information,2,3,0.24303248681641954,1.5499275013352091e-14,9.9920072216264089e-16
GEV,-0.20000000000000001,0,0,1,1,covariance,2,3,0.045053807373201742,2.2805301806513338e-12,1.2490009027033011e-16
GEV,-0.20000000000000001,0,0,1,1,information,3,1,-0.47974709386376579,4.6124748457772765e-14,7.7715611723760958e-16
GEV,-0.20000000000000001,0,0,1,1,covariance,3,1,0.2729778630797739,2.2805301806513338e-12,2.7755575615628914e-16
GEV,-0.20000000000000001,0,0,1,1,information,3,2,0.24303248681641954,1.5499275013352091e-14,9.9920072216264089e-16
GEV,-0.20000000000000001,0,0,1,1,covariance,3,2,0.045053807373201742,2.2805301806513338e-12,1.3183898417423734e-16
GEV,-0.20000000000000001,0,0,1,1,information,3,3,1.7380192363593427,7.6641184761493055e-13,1.1102230246251565e-15
GEV,-0.20000000000000001,0,0,1,1,covariance,3,3,0.64441795247405331,2.2805301806513338e-12,1.1102230246251565e-16
GEV,0.20000000000000001,0,0,1,1,score_mean,1,0,0,8.8949739207761014e-13,5.5511151231257827e-17
GEV,0.20000000000000001,0,0,1,1,score_mean,2,0,-1.1102230246251565e-16,1.0880391461646311e-14,1.9428902930940239e-16
GEV,0.20000000000000001,0,0,1,1,score_mean,3,0,6.3837823915946501e-16,8.1343804234415818e-15,9.783840404509192e-16
GEV,0.20000000000000001,0,0,1,1,information,1,1,0.95308303924020288,7.5014627842652083e-13,1.1102230246251565e-16
GEV,0.20000000000000001,0,0,1,1,covariance,1,1,1.2017342064038075,5.4711688852156218e-12,2.2204460492503131e-16
GEV,0.20000000000000001,0,0,1,1,information,1,2,0.10849634129980151,1.2926845080028899e-14,1.6653345369377348e-16
GEV,0.20000000000000001,0,0,1,1,covariance,1,2,0.091902118521309875,5.4711688852156218e-12,1.2490009027033011e-16
GEV,0.20000000000000001,0,0,1,1,information,1,3,-0.70543397196520785,1.2709753290491671e-14,1.1102230246251565e-16
GEV,0.20000000000000001,0,0,1,1,covariance,1,3,0.22018153305378035,5.4711688852156218e-12,8.3266726846886741e-17
GEV,0.20000000000000001,0,0,1,1,information,2,1,0.10849634129980151,1.2926845080028899e-14,1.6653345369377348e-16
GEV,0.20000000000000001,0,0,1,1,covariance,2,1,0.091902118521309847,5.4711688852156218e-12,1.5265566588595902e-16
GEV,0.20000000000000001,0,0,1,1,information,2,2,2.257887431992939,2.5068849872758534e-14,0
GEV,0.20000000000000001,0,0,1,1,covariance,2,2,0.5839019708442017,5.4711688852156218e-12,1.1102230246251565e-16
GEV,0.20000000000000001,0,0,1,1,information,2,3,-1.5345901098340244,1.1902282550015246e-12,0
GEV,0.20000000000000001,0,0,1,1,covariance,2,3,0.2139698170854282,5.4711688852156218e-12,8.3266726846886741e-17
GEV,0.20000000000000001,0,0,1,1,information,3,1,-0.70543397196520785,1.2709753290491671e-14,1.1102230246251565e-16
GEV,0.20000000000000001,0,0,1,1,covariance,3,1,0.22018153305378033,5.4711688852156218e-12,8.3266726846886741e-17
GEV,0.20000000000000001,0,0,1,1,information,3,2,-1.5345901098340244,1.1902282550015246e-12,0
GEV,0.20000000000000001,0,0,1,1,covariance,3,2,0.2139698170854282,5.4711688852156218e-12,5.5511151231257827e-17
GEV,0.20000000000000001,0,0,1,1,information,3,3,4.4907318198387607,2.8925059140306939e-12,0
GEV,0.20000000000000001,0,0,1,1,covariance,3,3,0.3303870188737037,5.4711688852156218e-12,5.5511151231257827e-17
GEV,-1,0,0,1,1,score_mean,1,0,3.3306690738754696e-16,1.3555590424041487e-14,3.3306690738754696e-16
GEV,-1,0,0,1,1,score_mean,2,0,-3.4694469519536142e-16,1.0319679935790172e-14,4.0245584642661925e-16
GEV,-1,0,0,1,1,score_mean,3,0,-4.8572257327350599e-17,6.0108009833815836e-15,2.7755575615628914e-17
GEV,-1,0,0,1,1,information,1,1,7.9999999999999991,8.8856996335618939e-14,8.8817841970012523e-16
GEV,-1,0,0,1,1,covariance,1,1,1.259244757274687,1.7140160203412078e-11,4.4408920985006262e-15
GEV,-1,0,0,1,1,information,1,2,-6,6.913739260033866e-14,8.8817841970012523e-16
GEV,-1,0,0,1,1,covariance,1,2,1.44938153336493,1.7140160203412078e-11,5.773159728050814e-15
GEV,-1,0,0,1,1,information,1,3,-3.1544313298030651,1.1433650255023266e-13,8.8817841970012523e-16
GEV,-1,0,0,1,1,covariance,1,3,0.11972644781951571,1.7140160203412078e-11,6.8001160258290838e-16
GEV,-1,0,0,1,1,information,2,1,-6,6.913739260033866e-14,8.8817841970012523e-16
GEV,-1,0,0,1,1,covariance,2,1,1.4493815333649303,1.7140160203412078e-11,5.773159728050814e-15
GEV,-1,0,0,1,1,information,2,2,5,5.5534631964557947e-14,8.8817841970012523e-16
GEV,-1,0,0,1,1,covariance,2,2,2.2771548336377814,1.7140160203412078e-11,7.5495165674510645e-15
GEV,-1,0,0,1,1,information,2,3,2.5772156649015328,1.4104075934904837e-12,8.8817841970012523e-16
GEV,-1,0,0,1,1,covariance,2,3,-0.65554660054569969,1.7140160203412078e-11,8.8817841970012523e-16
GEV,-1,0,0,1,1,information,3,1,-3.1544313298030651,1.1433650255023266e-13,8.8817841970012523e-16
GEV,-1,0,0,1,1,covariance,3,1,0.11972644781951575,1.7140160203412078e-11,7.0776717819853729e-16
GEV,-1,0,0,1,1,information,3,2,2.5772156649015328,1.4104075934904837e-12,8.8817841970012523e-16
GEV,-1,0,0,1,1,covariance,3,2,-0.65554660054569969,1.7140160203412078e-11,7.7715611723760958e-16
GEV,-1,0,0,1,1,information,3,3,1.9781119906559448,2.1970070604326075e-14,6.6613381477509392e-16
GEV,-1,0,0,1,1,covariance,3,3,1.5505460967304305,1.7140160203412078e-11,2.2204460492503131e-16
GEV,0.45000000000000001,0,0,1,1,score_mean,1,0,-5.5511151231257827e-17,3.128364882497438e-13,1.1102230246251565e-16
GEV,0.45000000000000001,0,0,1,1,score_mean,2,0,-1.3877787807814457e-16,1.3597179743047622e-14,8.3266726846886741e-17
GEV,0.45000000000000001,0,0,1,1,score_mean,3,0,-1.0408340855860843e-16,1.3191337385632013e-14,1.3530843112619095e-16
GEV,0.45000000000000001,0,0,1,1,information,1,1,2.8778360788472912,1.6849291271394385e-12,4.4408920985006262e-16
GEV,0.45000000000000001,0,0,1,1,covariance,1,1,1.125015304617716,1.3326304215898122e-11,4.4408920985006262e-16
GEV,0.45000000000000001,0,0,1,1,information,1,2,4.4199282912084987,5.5001792460461854e-12,2.6645352591003757e-15
GEV,0.45000000000000001,0,0,1,1,covariance,1,2,-0.23048355027862258,1.3326304215898122e-11,1.1657341758564144e-15
GEV,0.45000000000000001,0,0,1,1,information,1,3,-8.3683497956433612,2.3723402038782016e-12,3.5527136788005009e-15
GEV,0.45000000000000001,0,0,1,1,covariance,1,3,0.14565462703102378,1.3326304215898122e-11,3.8857805861880479e-16
GEV,0.45000000000000001,0,0,1,1,information,2,1,4.4199282912084987,5.5001792460461854e-12,2.6645352591003757e-15
GEV,0.45000000000000001,0,0,1,1,covariance,2,1,-0.23048355027862347,1.3326304215898122e-11,1.3877787807814457e-16
GEV,0.45000000000000001,0,0,1,1,information,2,2,10.37086115180424,3.6565686737239326e-12,3.5527136788005009e-15
GEV,0.45000000000000001,0,0,1,1,covariance,2,2,0.60905139657083696,1.3326304215898122e-11,2.9976021664879227e-15
GEV,0.45000000000000001,0,0,1,1,information,2,3,-17.728060740960263,7.3200935681782239e-13,1.4210854715202004e-14
GEV,0.45000000000000001,0,0,1,1,covariance,2,3,0.24242170457394094,1.3326304215898122e-11,1.3877787807814457e-15
GEV,0.45000000000000001,0,0,1,1,information,3,1,-8.3683497956433612,2.3723402038782016e-12,3.5527136788005009e-15
GEV,0.45000000000000001,0,0,1,1,covariance,3,1,0.14565462703102339,1.3326304215898122e-11,0
GEV,0.45000000000000001,0,0,1,1,information,3,2,-17.728060740960263,7.3200935681782239e-13,1.4210854715202004e-14
GEV,0.45000000000000001,0,0,1,1,covariance,3,2,0.24242170457394108,1.3326304215898122e-11,1.2490009027033011e-15
GEV,0.45000000000000001,0,0,1,1,information,3,3,36.58308235018707,3.1460165460258491e-12,1.4210854715202004e-14
GEV,0.45000000000000001,0,0,1,1,covariance,3,3,0.17813030377223543,1.3326304215898122e-11,6.106226635438361e-16
GEV,0.48999999999999999,0,0,1,1,score_mean,1,0,-2.2204460492503131e-16,2.4397179154253146e-13,2.7755575615628914e-16
GEV,0.48999999999999999,0,0,1,1,score_mean,2,0,-2.2204460492503131e-16,1.3675102076643387e-14,5.5511151231257827e-17
GEV,0.48999999999999999,0,0,1,1,score_mean,3,0,8.3266726846886741e-17,1.2513674933284547e-14,1.1796119636642288e-16
GEV,0.48999999999999999,0,0,1,1,information,1,1,12.859918863447181,1.1364735601510808e-11,1.0658141036401503e-14
GEV,0.48999999999999999,0,0,1,1,covariance,1,1,1.1119315214865486,2.8211438315203013e-10,4.4408920985006262e-16
GEV,0.48999999999999999,0,0,1,1,information,1,2,24.435361588837971,1.7637219117836273e-11,1.4210854715202004e-14
GEV,0.48999999999999999,0,0,1,1,covariance,1,2,-0.28388200507263223,2.8211438315203013e-10,5.8286708792820718e-15
GEV,0.48999999999999999,0,0,1,1,information,1,3,-48.212533179820738,4.0454953485587916e-11,6.3948846218409017e-14
GEV,0.48999999999999999,0,0,1,1,covariance,1,3,0.13196962046738797,2.8211438315203013e-10,3.1641356201816961e-15
GEV,0.48999999999999999,0,0,1,1,information,2,1,24.435361588837971,1.7637219117836273e-11,1.4210854715202004e-14
GEV,0.48999999999999999,0,0,1,1,covariance,2,1,-0.28388200507263328,2.8211438315203013e-10,3.8302694349567901e-15
GEV,0.48999999999999999,0,0,1,1,information,2,2,50.340422713927673,3.4593499818908952e-11,2.1316282072803006e-14
GEV,0.48999999999999999,0,0,1,1,covariance,2,2,0.62391464983791078,2.8211438315203013e-10,1.4654943925052066e-14
GEV,0.48999999999999999,0,0,1,1,information,2,3,-97.596011928364376,7.173288641432764e-11,1.2789769243681803e-13
GEV,0.48999999999999999,0,0,1,1,covariance,2,3,0.24049515245527123,2.8211438315203013e-10,8.2434059578417873e-15
GEV,0.48999999999999999,0,0,1,1,information,3,1,-48.212533179820738,4.0454953485587916e-11,6.3948846218409017e-14
GEV,0.48999999999999999,0,0,1,1,covariance,3,1,0.13196962046738739,2.8211438315203013e-10,2.1094237467877974e-15
GEV,0.48999999999999999,0,0,1,1,information,3,2,-97.596011928364376,7.173288641432764e-11,1.2789769243681803e-13
GEV,0.48999999999999999,0,0,1,1,covariance,3,2,0.24049515245527153,2.8211438315203013e-10,8.7707618945387367e-15
GEV,0.48999999999999999,0,0,1,1,information,3,3,196.28217258110058,1.3376504933912893e-10,1.9895196601282805e-13
GEV,0.48999999999999999,0,0,1,1,covariance,3,3,0.15708995405841386,2.8211438315203013e-10,4.9127368839663177e-15
K4,0,0,0,1,1,score_mean,1,0,-1.1102230246251565e-16,8.1992980705031805e-15,2.2204460492503131e-16
K4,0,0,0,1,1,score_mean,2,0,-2.7755575615628914e-17,1.0272011586195206e-14,5.5511151231257827e-17
K4,0,0,0,1,1,score_mean,3,0,-6.9388939039072284e-17,7.3410829239256472e-15,8.3266726846886741e-17
K4,0,0,0,1,1,score_mean,4,0,1.2490009027033011e-16,6.776507721941321e-15,1.3877787807814457e-16
K4,0,0,0,1,1,information,1,1,0.99999999999999989,1.1107376730841375e-14,1.1102230246251565e-16
K4,0,0,0,1,1,covariance,1,1,3.4816596168698939,2.2672214054662958e-10,4.4408920985006262e-16
K4,0,0,0,1,1,information,1,2,-0.4227843350984673,1.0822720263083792e-12,1.1102230246251565e-16
K4,0,0,0,1,1,covariance,1,2,-2.5451965889656565,2.2672214054662958e-10,8.8817841970012523e-16
K4,0,0,0,1,1,information,1,3,-0.41184033042643975,9.22299688317805e-15,0
K4,0,0,0,1,1,covariance,1,3,-1.1451270207333315,2.2672214054662958e-10,4.4408920985006262e-16
K4,0,0,0,1,1,information,1,4,0.99999999999999978,1.2407214692483362e-14,1.1102230246251565e-16
K4,0,0,0,1,1,covariance,1,4,-4.0293383550296857,2.2672214054662958e-10,0
K4,0,0,0,1,1,information,2,1,-0.4227843350984673,1.0822720263083792e-12,1.1102230246251565e-16
K4,0,0,0,1,1,covariance,2,1,-2.5451965889656569,2.2672214054662958e-10,4.4408920985006262e-16
K4,0,0,0,1,1,information,2,2,1.8236806608528791,2.0242195852506291e-14,4.4408920985006262e-16
K4,0,0,0,1,1,covariance,2,2,4.3723119313264966,2.2672214054662958e-10,8.8817841970012523e-16
K4,0,0,0,1,1,information,2,3,-0.33248490716027401,1.7947278991890011e-14,0
K4,0,0,0,1,1,covariance,2,3,1.9581178015122518,2.2672214054662958e-10,1.7763568394002505e-15
K4,0,0,0,1,1,information,2,4,-1.4227843350984668,4.0168601256209287e-14,2.2204460492503131e-16
K4,0,0,0,1,1,covariance,2,4,5.200173464083325,2.2672214054662958e-10,8.8817841970012523e-16
K4,0,0,0,1,1,information,3,1,-0.41184033042643975,9.22299688317805e-15,0
K4,0,0,0,1,1,covariance,3,1,-1.1451270207333313,2.2672214054662958e-10,1.1102230246251565e-15
K4,0,0,0,1,1,information,3,2,-0.33248490716027401,1.7947278991890011e-14,0
K4,0,0,0,1,1,covariance,3,2,1.9581178015122516,2.2672214054662958e-10,1.9984014443252818e-15
K4,0,0,0,1,1,information,3,3,2.4236060551770287,2.6912457224640438e-14,4.4408920985006262e-16
K4,0,0,0,1,1,covariance,3,3,1.358803511471405,2.2672214054662958e-10,1.1102230246251565e-15
K4,0,0,0,1,1,information,3,4,-0.83462466552490655,6.4074256166995558e-14,3.3306690738754696e-16
K4,0,0,0,1,1,covariance,3,4,2.5325986406391516,2.2672214054662958e-10,1.7763568394002505e-15
K4,0,0,0,1,1,information,4,1,0.99999999999999978,1.2407214692483362e-14,1.1102230246251565e-16
K4,0,0,0,1,1,covariance,4,1,-4.0293383550296866,2.2672214054662958e-10,0
K4,0,0,0,1,1,information,4,2,-1.4227843350984668,4.0168601256209287e-14,2.2204460492503131e-16
K4,0,0,0,1,1,covariance,4,2,5.200173464083325,2.2672214054662958e-10,8.8817841970012523e-16
K4,0,0,0,1,1,information,4,3,-0.83462466552490655,6.4074256166995558e-14,3.3306690738754696e-16
K4,0,0,0,1,1,covariance,4,3,2.5325986406391516,2.2672214054662958e-10,1.7763568394002505e-15
K4,0,0,0,1,1,information,4,4,1.9999999999999996,2.2214811222614338e-14,4.4408920985006262e-16
K4,0,0,0,1,1,covariance,4,4,7.2709164964372297,2.2672214054662958e-10,0
K4,9.9999999999999995e-07,0,0,1,1,score_mean,1,0,0,4.6600150079112787e-14,5.5511151231257827e-17
K4,9.9999999999999995e-07,0,0,1,1,score_mean,2,0,2.7755575615628914e-17,1.0270712468057341e-14,2.7755575615628914e-17
K4,9.9999999999999995e-07,0,0,1,1,score_mean,3,0,7.2858385991025898e-17,7.3419729901003273e-15,3.1225022567582528e-17
K4,9.9999999999999995e-07,0,0,1,1,score_mean,4,0,1.2490009027033011e-16,6.776507721941321e-15,1.3877787807814457e-16
K4,9.9999999999999995e-07,0,0,1,1,information,1,1,0.99999915443397724,1.2807655571808149e-13,1.1102230246251565e-16
K4,9.9999999999999995e-07,0,0,1,1,covariance,1,1,3.4816560636371459,2.3905169698684535e-10,1.4033219031261979e-13
K4,9.9999999999999995e-07,0,0,1,1,information,1,2,-0.42278209957689267,1.0822786358935621e-12,5.5511151231257827e-17
K4,9.9999999999999995e-07,0,0,1,1,covariance,1,2,-2.5451946608011395,2.3905169698684535e-10,1.425526363618701e-13
K4,9.9999999999999995e-07,0,0,1,1,information,1,3,-0.41184058133821144,9.2225167982485383e-15,5.5511151231257827e-17
K4,9.9999999999999995e-07,0,0,1,1,covariance,1,3,-1.1451247772257798,2.3905169698684535e-10,6.7279515292284486e-14
K4,9.9999999999999995e-07,0,0,1,1,information,1,4,0.99999857721649443,1.4741748605785035e-14,5.2180482157382357e-15
K4,9.9999999999999995e-07,0,0,1,1,covariance,1,4,-4.0293304490148341,2.3905169698684535e-10,2.0961010704922955e-13
K4,9.9999999999999995e-07,0,0,1,1,information,2,1,-0.42278209957689267,1.0822786358935621e-12,5.5511151231257827e-17
K4,9.9999999999999995e-07,0,0,1,1,covariance,2,1,-2.5451946608011391,2.3905169698684535e-10,1.4388490399142029e-13
K4,9.9999999999999995e-07,0,0,1,1,information,2,2,1.8236813258276898,2.0251744323642118e-14,2.2204460492503131e-16
K4,9.9999999999999995e-07,0,0,1,1,covariance,2,2,4.3723089100767538,2.3905169698684535e-10,1.3233858453531866e-13
K4,9.9999999999999995e-07,0,0,1,1,information,2,3,-0.33248861682472641,1.7947150070624897e-14,1.1102230246251565e-16
K4,9.9999999999999995e-07,0,0,1,1,covariance,2,3,1.9581159208095305,2.3905169698684535e-10,6.1728400169158704e-14
K4,9.9999999999999995e-07,0,0,1,1,information,2,4,-1.4227835004742948,4.017592039532222e-14,4.4408920985006262e-16
K4,9.9999999999999995e-07,0,0,1,1,covariance,2,4,5.2001654475354462,2.3905169698684535e-10,1.9806378759312793e-13
K4,9.9999999999999995e-07,0,0,1,1,information,3,1,-0.41184058133821144,9.2225167982485383e-15,5.5511151231257827e-17
K4,9.9999999999999995e-07,0,0,1,1,covariance,3,1,-1.1451247772257798,2.3905169698684535e-10,6.7723604502134549e-14
K4,9.9999999999999995e-07,0,0,1,1,information,3,2,-0.33248861682472641,1.7947150070624897e-14,1.1102230246251565e-16
K4,9.9999999999999995e-07,0,0,1,1,covariance,3,2,1.9581159208095305,2.3905169698684535e-10,6.1728400169158704e-14
K4,9.9999999999999995e-07,0,0,1,1,information,3,3,2.4236115054054275,2.6909787345218485e-14,4.4408920985006262e-16
K4,9.9999999999999995e-07,0,0,1,1,covariance,3,3,1.3588010661824494,2.3905169698684535e-10,2.8643754035329039e-14
K4,9.9999999999999995e-07,0,0,1,1,information,3,4,-0.83462417210781292,6.4074131721116831e-14,0
K4,9.9999999999999995e-07,0,0,1,1,covariance,3,4,2.5325931935133537,2.3905169698684535e-10,9.2370555648813024e-14
K4,9.9999999999999995e-07,0,0,1,1,information,4,1,0.99999857721649443,1.4741748605785035e-14,5.2180482157382357e-15
K4,9.9999999999999995e-07,0,0,1,1,covariance,4,1,-4.0293304490148341,2.3905169698684535e-10,2.0961010704922955e-13
K4,9.9999999999999995e-07,0,0,1,1,information,4,2,-1.4227835004742948,4.017592039532222e-14,4.4408920985006262e-16
K4,9.9999999999999995e-07,0,0,1,1,covariance,4,2,5.2001654475354471,2.3905169698684535e-10,1.971756091734278e-13
K4,9.9999999999999995e-07,0,0,1,1,information,4,3,-0.83462417210781292,6.4074131721116831e-14,0
K4,9.9999999999999995e-07,0,0,1,1,covariance,4,3,2.5325931935133537,2.3905169698684535e-10,9.2370555648813024e-14
K4,9.9999999999999995e-07,0,0,1,1,information,4,4,1.9999999999999996,2.2214811222614338e-14,4.4408920985006262e-16
K4,9.9999999999999995e-07,0,0,1,1,covariance,4,4,7.2708989060309301,2.3905169698684535e-10,2.9398705692074145e-13
K4,-9.9999999999999995e-07,0,0,1,1,score_mean,1,0,-1.6653345369377348e-16,4.6601516220076469e-14,5.5511151231257827e-17
K4,-9.9999999999999995e-07,0,0,1,1,score_mean,2,0,-2.7755575615628914e-17,1.0269748638530053e-14,2.7755575615628914e-17
K4,-9.9999999999999995e-07,0,0,1,1,score_mean,3,0,1.6653345369377348e-16,7.3414593428170816e-15,1.0408340855860843e-16
K4,-9.9999999999999995e-07,0,0,1,1,score_mean,4,0,1.2490009027033011e-16,6.776507721941321e-15,1.3877787807814457e-16
K4,-9.9999999999999995e-07,0,0,1,1,information,1,1,1.0000008455713174,1.2807263853438268e-13,4.4408920985006262e-16
K4,-9.9999999999999995e-07,0,0,1,1,covariance,1,1,3.4816631701143752,2.3902494117763445e-10,5.773159728050814e-15
K4,-9.9999999999999995e-07,0,0,1,1,information,1,2,-0.42278657061887526,1.0822615806298708e-12,1.1102230246251565e-16
K4,-9.9999999999999995e-07,0,0,1,1,covariance,1,2,-2.5451985171376728,2.3902494117763445e-10,8.8817841970012523e-15
K4,-9.9999999999999995e-07,0,0,1,1,information,1,3,-0.41184007952223556,9.2225145000778598e-15,5.5511151231257827e-17
K4,-9.9999999999999995e-07,0,0,1,1,covariance,1,3,-1.1451292642463633,2.3902494117763445e-10,4.2188474935755949e-15
K4,-9.9999999999999995e-07,0,0,1,1,information,1,4,1.0000014227851695,1.2407257521707167e-14,2.2204460492503131e-16
K4,-9.9999999999999995e-07,0,0,1,1,covariance,1,4,-4.0293462610701303,2.3902494117763445e-10,9.7699626167013776e-15
K4,-9.9999999999999995e-07,0,0,1,1,information,2,1,-0.42278657061887526,1.0822615806298708e-12,1.1102230246251565e-16
K4,-9.9999999999999995e-07,0,0,1,1,covariance,2,1,-2.5451985171376728,2.3902494117763445e-10,7.5495165674510645e-15
K4,-9.9999999999999995e-07,0,0,1,1,information,2,2,1.8236799958880612,2.0244210948719223e-14,0
K4,-9.9999999999999995e-07,0,0,1,1,covariance,2,2,4.3723149525780673,2.3902494117763445e-10,1.0658141036401503e-14
K4,-9.9999999999999995e-07,0,0,1,1,information,2,3,-0.33248119750853922,1.7943060827347878e-14,3.3306690738754696e-16
K4,-9.9999999999999995e-07,0,0,1,1,covariance,2,3,1.9581196822148064,2.3902494117763445e-10,5.1070259132757201e-15
K4,-9.9999999999999995e-07,0,0,1,1,information,2,4,-1.4227851697236265,4.0177333832911257e-14,0
K4,-9.9999999999999995e-07,0,0,1,1,covariance,2,4,5.2001814806469584,2.3902494117763445e-10,1.5099033134902129e-14
K4,-9.9999999999999995e-07,0,0,1,1,information,3,1,-0.41184007952223556,9.2225145000778598e-15,5.5511151231257827e-17
K4,-9.9999999999999995e-07,0,0,1,1,covariance,3,1,-1.1451292642463633,2.3902494117763445e-10,3.7747582837255322e-15
K4,-9.9999999999999995e-07,0,0,1,1,information,3,2,-0.33248119750853922,1.7943060827347878e-14,3.3306690738754696e-16
K4,-9.9999999999999995e-07,0,0,1,1,covariance,3,2,1.9581196822148061,2.3902494117763445e-10,5.1070259132757201e-15
K4,-9.9999999999999995e-07,0,0,1,1,information,3,3,2.4236006049772314,2.6910403566762171e-14,8.8817841970012523e-16
K4,-9.9999999999999995e-07,0,0,1,1,covariance,3,3,1.3588059567622888,2.3902494117763445e-10,2.886579864025407e-15
K4,-9.9999999999999995e-07,0,0,1,1,information,3,4,-0.83462515894231226,6.4074365755335618e-14,0
K4,-9.9999999999999995e-07,0,0,1,1,covariance,3,4,2.5326040877764759,2.3902494117763445e-10,7.5495165674510645e-15
K4,-9.9999999999999995e-07,0,0,1,1,information,4,1,1.0000014227851695,1.2407257521707167e-14,2.2204460492503131e-16
K4,-9.9999999999999995e-07,0,0,1,1,covariance,4,1,-4.0293462610701303,2.3902494117763445e-10,1.0658141036401503e-14
K4,-9.9999999999999995e-07,0,0,1,1,information,4,2,-1.4227851697236265,4.0177333832911257e-14,0
K4,-9.9999999999999995e-07,0,0,1,1,covariance,4,2,5.2001814806469575,2.3902494117763445e-10,1.4210854715202004e-14
K4,-9.9999999999999995e-07,0,0,1,1,information,4,3,-0.83462515894231226,6.4074365755335618e-14,0
K4,-9.9999999999999995e-07,0,0,1,1,covariance,4,3,2.5326040877764755,2.3902494117763445e-10,7.1054273576010019e-15
K4,-9.9999999999999995e-07,0,0,1,1,information,4,4,1.9999999999999996,2.2214811222614338e-14,4.4408920985006262e-16
K4,-9.9999999999999995e-07,0,0,1,1,covariance,4,4,7.2709340868992847,2.3902494117763445e-10,2.042810365310288e-14
K4,0,9.9999999999999995e-07,0,1,1,score_mean,1,0,0,8.2009625178179644e-15,4.4408920985006262e-16
K4,0,9.9999999999999995e-07,0,1,1,score_mean,2,0,-3.0531133177191805e-16,1.0272859979820439e-14,8.3266726846886741e-17
K4,0,9.9999999999999995e-07,0,1,1,score_mean,3,0,-2.0469737016526324e-16,7.3419314200639225e-15,1.0408340855860843e-16
K4,0,9.9999999999999995e-07,0,1,1,score_mean,4,0,1.8041124150158794e-16,6.7771971977641381e-15,5.6898930012039273e-16
K4,0,9.9999999999999995e-07,0,1,1,information,1,1,1.0000020000039997,1.1107179254533529e-14,4.4408920985006262e-16
K4,0,9.9999999999999995e-07,0,1,1,covariance,1,1,3.4816527353009668,2.2672112758109345e-10,1.2878587085651816e-14
K4,0,9.9999999999999995e-07,0,1,1,information,1,2,-0.42278568066991046,1.0822708169197872e-12,5.5511151231257827e-17
K4,0,9.9999999999999995e-07,0,1,1,covariance,1,2,-2.5451908058400905,2.2672112758109345e-10,9.7699626167013776e-15
K4,0,9.9999999999999995e-07,0,1,1,information,1,3,-0.41184086550024745,9.2230457944099784e-15,3.3306690738754696e-16
K4,0,9.9999999999999995e-07,0,1,1,covariance,1,3,-1.1451243898394223,2.2672112758109345e-10,5.9952043329758453e-15
K4,0,9.9999999999999995e-07,0,1,1,information,1,4,1.0000030000069997,1.2409415766020068e-14,2.2204460492503131e-16
K4,0,9.9999999999999995e-07,0,1,1,covariance,1,4,-4.0293268577103962,2.2672112758109345e-10,1.7763568394002505e-14
K4,0,9.9999999999999995e-07,0,1,1,information,2,1,-0.42278568066991046,1.0822708169197872e-12,5.5511151231257827e-17
K4,0,9.9999999999999995e-07,0,1,1,covariance,2,1,-2.5451908058400869,2.2672112758109345e-10,1.1546319456101628e-14
K4,0,9.9999999999999995e-07,0,1,1,information,2,2,1.8236817310004945,2.0245991569368889e-14,8.8817841970012523e-16
K4,0,9.9999999999999995e-07,0,1,1,covariance,2,2,4.37230646132946,2.2672112758109345e-10,9.7699626167013776e-15
K4,0,9.9999999999999995e-07,0,1,1,information,2,3,-0.3324849341140439,1.7945562833862093e-14,0
K4,0,9.9999999999999995e-07,0,1,1,covariance,2,3,1.9581154555638731,2.2672112758109345e-10,4.4408920985006262e-15
K4,0,9.9999999999999995e-07,0,1,1,information,2,4,-1.4227871034570136,4.0169490444441405e-14,4.4408920985006262e-16
K4,0,9.9999999999999995e-07,0,1,1,covariance,2,4,5.2001608230324701,2.2672112758109345e-10,1.7763568394002505e-14
K4,0,9.9999999999999995e-07,0,1,1,information,3,1,-0.41184086550024745,9.2230457944099784e-15,3.3306690738754696e-16
K4,0,9.9999999999999995e-07,0,1,1,covariance,3,1,-1.1451243898394219,2.2672112758109345e-10,5.3290705182007514e-15
K4,0,9.9999999999999995e-07,0,1,1,information,3,2,-0.3324849341140439,1.7945562833862093e-14,0
K4,0,9.9999999999999995e-07,0,1,1,covariance,3,2,1.9581154555638729,2.2672112758109345e-10,4.8849813083506888e-15
K4,0,9.9999999999999995e-07,0,1,1,information,3,3,2.4236055325913131,2.6911176697343724e-14,8.8817841970012523e-16
K4,0,9.9999999999999995e-07,0,1,1,covariance,3,3,1.3588025540627315,2.2672112758109345e-10,1.9984014443252818e-15
K4,0,9.9999999999999995e-07,0,1,1,information,3,4,-0.83462553522433269,6.4073702595330329e-14,3.3306690738754696e-16
K4,0,9.9999999999999995e-07,0,1,1,covariance,3,4,2.5325926779170067,2.2672112758109345e-10,7.9936057773011271e-15
K4,0,9.9999999999999995e-07,0,1,1,information,4,1,1.0000030000069997,1.2409415766020068e-14,2.2204460492503131e-16
K4,0,9.9999999999999995e-07,0,1,1,covariance,4,1,-4.0293268577103953,2.2672112758109345e-10,1.7763568394002505e-14
K4,0,9.9999999999999995e-07,0,1,1,information,4,2,-1.4227871034570136,4.0169490444441405e-14,4.4408920985006262e-16
K4,0,9.9999999999999995e-07,0,1,1,covariance,4,2,5.2001608230324718,2.2672112758109345e-10,1.5987211554602254e-14
K4,0,9.9999999999999995e-07,0,1,1,information,4,3,-0.83462553522433269,6.4073702595330329e-14,3.3306690738754696e-16
K4,0,9.9999999999999995e-07,0,1,1,covariance,4,3,2.5325926779170072,2.2672112758109345e-10,7.5495165674510645e-15
K4,0,9.9999999999999995e-07,0,1,1,information,4,4,2.0000060000140003,2.2211836414002342e-14,0
K4,0,9.9999999999999995e-07,0,1,1,covariance,4,4,7.2708917972456559,2.2672112758109345e-10,2.6645352591003757e-14
K4,0,-9.9999999999999995e-07,0,1,1,score_mean,1,0,2.2204460492503131e-16,8.1993166341007363e-15,6.106226635438361e-16
K4,0,-9.9999999999999995e-07,0,1,1,score_mean,2,0,-3.3306690738754696e-16,1.0270030087812889e-14,0
K4,0,-9.9999999999999995e-07,0,1,1,score_mean,3,0,-2.9143354396410359e-16,7.3409958486899094e-15,2.7755575615628914e-16
K4,0,-9.9999999999999995e-07,0,1,1,score_mean,4,0,-2.7755575615628914e-17,6.7767857269795062e-15,5.8286708792820718e-16
K4,0,-9.9999999999999995e-07,0,1,1,information,1,1,0.99999800000399897,1.1105392283509823e-14,4.4408920985006262e-16
K4,0,-9.9999999999999995e-07,0,1,1,covariance,1,1,3.4816664984534484,2.2672255963061596e-10,8.8817841970012523e-16
K4,0,-9.9999999999999995e-07,0,1,1,information,1,2,-0.42278298953257004,1.0822680719086492e-12,2.7755575615628914e-16
K4,0,-9.9999999999999995e-07,0,1,1,covariance,1,2,-2.545202372104542,2.2672255963061596e-10,8.4376949871511897e-15
K4,0,-9.9999999999999995e-07,0,1,1,information,1,3,-0.41183979535459081,9.2186618657530761e-15,2.2204460492503131e-16
K4,0,-9.9999999999999995e-07,0,1,1,covariance,1,3,-1.1451296516330634,2.2672255963061596e-10,4.4408920985006262e-15
K4,0,-9.9999999999999995e-07,0,1,1,information,1,4,0.99999700000699943,1.2408131807835051e-14,6.6613381477509392e-16
K4,0,-9.9999999999999995e-07,0,1,1,covariance,1,4,-4.0293498523825102,2.2672255963061596e-10,8.8817841970012523e-15
K4,0,-9.9999999999999995e-07,0,1,1,information,2,1,-0.42278298953257004,1.0822680719086492e-12,2.7755575615628914e-16
K4,0,-9.9999999999999995e-07,0,1,1,covariance,2,1,-2.5452023721045411,2.2672255963061596e-10,8.8817841970012523e-15
K4,0,-9.9999999999999995e-07,0,1,1,information,2,2,1.8236795907091814,2.0244929363791663e-14,6.6613381477509392e-16
K4,0,-9.9999999999999995e-07,0,1,1,covariance,2,2,4.3723174013353789,2.2672255963061596e-10,1.9539925233402755e-14
K4,0,-9.9999999999999995e-07,0,1,1,information,2,3,-0.33248488020506095,1.794886435986521e-14,8.8817841970012523e-16
K4,0,-9.9999999999999995e-07,0,1,1,covariance,2,3,1.9581201474656549,2.2672255963061596e-10,1.021405182655144e-14
K4,0,-9.9999999999999995e-07,0,1,1,information,2,4,-1.4227815667510029,4.0168989464809864e-14,6.6613381477509392e-16
K4,0,-9.9999999999999995e-07,0,1,1,covariance,2,4,5.200186105165697,2.2672255963061596e-10,2.3980817331903381e-14
K4,0,-9.9999999999999995e-07,0,1,1,information,3,1,-0.41183979535459081,9.2186618657530761e-15,2.2204460492503131e-16
K4,0,-9.9999999999999995e-07,0,1,1,covariance,3,1,-1.1451296516330631,2.2672255963061596e-10,4.2188474935755949e-15
K4,0,-9.9999999999999995e-07,0,1,1,information,3,2,-0.33248488020506095,1.794886435986521e-14,8.8817841970012523e-16
K4,0,-9.9999999999999995e-07,0,1,1,covariance,3,2,1.9581201474656549,2.2672255963061596e-10,9.5479180117763462e-15
K4,0,-9.9999999999999995e-07,0,1,1,information,3,3,2.4236065777641933,2.6900795600488727e-14,8.8817841970012523e-16
K4,0,-9.9999999999999995e-07,0,1,1,covariance,3,3,1.358804468882127,2.2672255963061596e-10,4.8849813083506888e-15
K4,0,-9.9999999999999995e-07,0,1,1,information,3,4,-0.83462379582934454,6.4073406097452927e-14,3.3306690738754696e-16
K4,0,-9.9999999999999995e-07,0,1,1,covariance,3,4,2.5326046033752276,2.2672255963061596e-10,1.1990408665951691e-14
K4,0,-9.9999999999999995e-07,0,1,1,information,4,1,0.99999700000699943,1.2408131807835051e-14,6.6613381477509392e-16
K4,0,-9.9999999999999995e-07,0,1,1,covariance,4,1,-4.0293498523825093,2.2672255963061596e-10,8.8817841970012523e-15
K4,0,-9.9999999999999995e-07,0,1,1,information,4,2,-1.4227815667510029,4.0168989464809864e-14,6.6613381477509392e-16
K4,0,-9.9999999999999995e-07,0,1,1,covariance,4,2,5.2001861051656988,2.2672255963061596e-10,2.3980817331903381e-14
K4,0,-9.9999999999999995e-07,0,1,1,information,4,3,-0.83462379582934454,6.4073406097452927e-14,3.3306690738754696e-16
K4,0,-9.9999999999999995e-07,0,1,1,covariance,4,3,2.5326046033752281,2.2672255963061596e-10,1.2434497875801753e-14
K4,0,-9.9999999999999995e-07,0,1,1,information,4,4,1.9999940000139993,2.22125277494123e-14,1.5543122344752192e-15
K4,0,-9.9999999999999995e-07,0,1,1,covariance,4,4,7.2709411957074463,2.2672255963061596e-10,2.9309887850104133e-14
K4,0,-1,0,1,1,score_mean,1,0,0,5.5595497795500773e-15,2.7755575615628914e-17
K4,0,-1,0,1,1,score_mean,2,0,-1.1102230246251565e-16,9.9620509752748834e-15,0
K4,0,-1,0,1,1,score_mean,3,0,-2.0816681711721685e-17,9.7534272794415726e-15,9.0205620750793969e-17
K4,0,-1,0,1,1,score_mean,4,0,1.3877787807814457e-17,4.3186164064484242e-15,5.5511151231257827e-17
K4,0,-1,0,1,1,information,1,1,0.33333333333333326,1.3373867036071658e-14,1.1102230246251565e-16
K4,0,-1,0,1,1,covariance,1,1,28.531288367844851,5.6296128748179335e-09,4.4408920985006262e-13
K4,0,-1,0,1,1,information,1,2,-2.7755575615628914e-17,5.7876650277494293e-15,5.5511151231257827e-17
K4,0,-1,0,1,1,covariance,1,2,-21.590317225656708,5.6296128748179335e-09,3.5882408155885059e-13
K4,0,-1,0,1,1,information,1,3,-0.21497802228274204,7.0378899485062419e-15,1.1102230246251565e-16
K4,0,-1,0,1,1,covariance,1,3,-8.2828873952574007,5.6296128748179335e-09,1.4566126083082054e-13
K4,0,-1,0,1,1,information,1,4,0.16666666666666666,7.9653211246202002e-15,0
K4,0,-1,0,1,1,covariance,1,4,-61.746409241828225,5.6296128748179335e-09,1.0516032489249483e-12
K4,0,-1,0,1,1,information,2,1,-2.7755575615628914e-17,5.7876650277494293e-15,5.5511151231257827e-17
K4,0,-1,0,1,1,covariance,2,1,-21.590317225656715,5.6296128748179335e-09,3.730349362740526e-13
K4,0,-1,0,1,1,information,2,2,1.429956044565484,1.5874432157400921e-14,4.4408920985006262e-16
K4,0,-1,0,1,1,covariance,2,2,19.038858737870054,5.6296128748179335e-09,3.0908609005564358e-13
K4,0,-1,0,1,1,information,2,3,1.1102230246251565e-16,2.0912533482946806e-14,1.1102230246251565e-16
K4,0,-1,0,1,1,covariance,2,3,7.1858723959756174,5.6296128748179335e-09,1.2256862191861728e-13
K4,0,-1,0,1,1,information,2,4,-0.49999999999999989,5.7186857192667309e-14,1.1102230246251565e-16
K4,0,-1,0,1,1,covariance,2,4,52.449462267691345,5.6296128748179335e-09,8.8107299234252423e-13
K4,0,-1,0,1,1,information,3,1,-0.21497802228274204,7.0378899485062419e-15,1.1102230246251565e-16
K4,0,-1,0,1,1,covariance,3,1,-8.2828873952574007,5.6296128748179335e-09,1.4566126083082054e-13
K4,0,-1,0,1,1,information,3,2,1.1102230246251565e-16,2.0912533482946806e-14,1.1102230246251565e-16
K4,0,-1,0,1,1,covariance,3,2,7.1858723959756174,5.6296128748179335e-09,1.2168044349891716e-13
K4,0,-1,0,1,1,information,3,3,3.7881313179889826,4.2418187056403696e-14,8.8817841970012523e-16
K4,0,-1,0,1,1,covariance,3,3,3.0896092721259758,5.6296128748179335e-09,4.8405723873656825e-14
K4,0,-1,0,1,1,information,3,4,-0.60748901114137099,9.5203240047186868e-14,0
K4,0,-1,0,1,1,covariance,3,4,20.550963336203186,5.6296128748179335e-09,3.4816594052244909e-13
K4,0,-1,0,1,1,information,4,1,0.16666666666666666,7.9653211246202002e-15,0
K4,0,-1,0,1,1,covariance,4,1,-61.746409241828232,5.6296128748179335e-09,1.0587086762825493e-12
K4,0,-1,0,1,1,information,4,2,-0.49999999999999989,5.7186857192667309e-14,1.1102230246251565e-16
K4,0,-1,0,1,1,covariance,4,2,52.449462267691345,5.6296128748179335e-09,8.8107299234252423e-13
K4,0,-1,0,1,1,information,4,3,-0.60748901114137099,9.5203240047186868e-14,0
K4,0,-1,0,1,1,covariance,4,3,20.550963336203186,5.6296128748179335e-09,3.4816594052244909e-13
K4,0,-1,0,1,1,information,4,4,0.33333333333333331,6.9369225327983265e-15,5.5511151231257827e-17
K4,0,-1,0,1,1,covariance,4,4,150.00085120778905,5.6296128748179335e-09,2.5011104298755527e-12
K4,0.20000000000000001,-1,0,1,1,score_mean,1,0,5.5511151231257827e-17,2.8528487499521722e-13,0
K4,0.20000000000000001,-1,0,1,1,score_mean,2,0,-8.3266726846886741e-17,1.0184268922708439e-14,0
K4,0.20000000000000001,-1,0,1,1,score_mean,3,0,4.3715031594615539e-16,9.9936553895907295e-15,4.7184478546569153e-16
K4,0.20000000000000001,-1,0,1,1,score_mean,4,0,1.3877787807814457e-17,4.3186164064484242e-15,5.5511151231257827e-17
K4,0.20000000000000001,-1,0,1,1,information,1,1,0.42281804789684785,1.0417546871124578e-13,5.5511151231257827e-17
K4,0.20000000000000001,-1,0,1,1,covariance,1,1,11.34963081600711,2.7701362136325322e-09,2.1316282072803006e-14
K4,0.20000000000000001,-1,0,1,1,information,1,2,0.40375530809928734,4.2483862050215942e-14,5.5511151231257827e-17
K4,0.20000000000000001,-1,0,1,1,covariance,1,2,-9.4915182051452316,2.7701362136325322e-09,2.4868995751603507e-14
K4,0.20000000000000001,-1,0,1,1,information,1,3,-0.50632393410685084,1.0213503163508041e-14,0
K4,0.20000000000000001,-1,0,1,1,covariance,1,3,-3.2962301835545347,2.7701362136325322e-09,1.2434497875801753e-14
K4,0.20000000000000001,-1,0,1,1,information,1,4,0.085516746569247584,7.9632786278445004e-15,4.163336342344337e-17
K4,0.20000000000000001,-1,0,1,1,covariance,1,4,-19.12535484099967,2.7701362136325322e-09,5.6843418860808015e-14
K4,0.20000000000000001,-1,0,1,1,information,2,1,0.40375530809928734,4.2483862050215942e-14,5.5511151231257827e-17
K4,0.20000000000000001,-1,0,1,1,covariance,2,1,-9.4915182051452351,2.7701362136325322e-09,2.6645352591003757e-14
K4,0.20000000000000001,-1,0,1,1,information,2,2,1.8004352169050089,2.0026902428011473e-14,0
K4,0.20000000000000001,-1,0,1,1,covariance,2,2,10.439438562168469,2.7701362136325322e-09,3.3750779948604759e-14
K4,0.20000000000000001,-1,0,1,1,information,2,3,-1.4399130525771171,2.8130463515225329e-14,1.3322676295501878e-15
K4,0.20000000000000001,-1,0,1,1,covariance,2,3,3.8833225869146162,2.7701362136325322e-09,1.8207657603852567e-14
K4,0.20000000000000001,-1,0,1,1,information,2,4,-0.4057496004870953,7.3781004667445251e-14,0
K4,0.20000000000000001,-1,0,1,1,covariance,2,4,20.632515927261547,2.7701362136325322e-09,6.7501559897209518e-14
K4,0.20000000000000001,-1,0,1,1,information,3,1,-0.50632393410685084,1.0213503163508041e-14,0
K4,0.20000000000000001,-1,0,1,1,covariance,3,1,-3.2962301835545316,2.7701362136325322e-09,1.0658141036401503e-14
K4,0.20000000000000001,-1,0,1,1,information,3,2,-1.4399130525771171,2.8130463515225329e-14,1.3322676295501878e-15
K4,0.20000000000000001,-1,0,1,1,covariance,3,2,3.883322586914614,2.7701362136325322e-09,1.4210854715202004e-14
K4,0.20000000000000001,-1,0,1,1,information,3,3,5.1371512172830531,6.5993031498592066e-13,1.7763568394002505e-15
K4,0.20000000000000001,-1,0,1,1,covariance,3,3,1.6884223283126956,2.7701362136325322e-09,7.7715611723760958e-15
K4,0.20000000000000001,-1,0,1,1,information,3,4,-0.47125199756452318,7.0976029169501514e-14,5.5511151231257827e-16
K4,0.20000000000000001,-1,0,1,1,covariance,3,4,7.9596355931818676,2.7701362136325322e-09,2.5757174171303632e-14
K4,0.20000000000000001,-1,0,1,1,information,4,1,0.085516746569247584,7.9632786278445004e-15,4.163336342344337e-17
K4,0.20000000000000001,-1,0,1,1,covariance,4,1,-19.125354840999663,2.7701362136325322e-09,4.2632564145606011e-14
K4,0.20000000000000001,-1,0,1,1,information,4,2,-0.4057496004870953,7.3781004667445251e-14,0
K4,0.20000000000000001,-1,0,1,1,covariance,4,2,20.632515927261547,2.7701362136325322e-09,6.0396132539608516e-14
K4,0.20000000000000001,-1,0,1,1,information,4,3,-0.47125199756452318,7.0976029169501514e-14,5.5511151231257827e-16
K4,0.20000000000000001,-1,0,1,1,covariance,4,3,7.9596355931818747,2.7701362136325322e-09,3.4638958368304884e-14
K4,0.20000000000000001,-1,0,1,1,information,4,4,0.33333333333333331,6.9369225327983265e-15,5.5511151231257827e-17
K4,0.20000000000000001,-1,0,1,1,covariance,4,4,44.274502172062014,2.7701362136325322e-09,1.0658141036401503e-13
K4,-0.20000000000000001,-1,0,1,1,score_mean,1,0,-8.3266726846886741e-17,2.8528975409731289e-13,2.7755575615628914e-17
K4,-0.20000000000000001,-1,0,1,1,score_mean,2,0,2.7755575615628914e-17,1.0188877802985553e-14,2.4980018054066022e-16
K4,-0.20000000000000001,-1,0,1,1,score_mean,3,0,6.9388939039072284e-17,9.996703294690542e-15,1.5126788710517758e-15
K4,-0.20000000000000001,-1,0,1,1,score_mean,4,0,1.3877787807814457e-17,4.3186164064484242e-15,5.5511151231257827e-17
K4,-0.20000000000000001,-1,0,1,1,information,1,1,0.42281804789684785,1.0417482564665784e-13,1.6653345369377348e-16
K4,-0.20000000000000001,-1,0,1,1,covariance,1,1,20.689242350775078,9.9586013860920271e-09,1.1368683772161603e-13
K4,-0.20000000000000001,-1,0,1,1,information,1,2,-0.40375530809928734,4.2483583191631484e-14,2.2204460492503131e-16
K4,-0.20000000000000001,-1,0,1,1,covariance,1,2,-9.0216949341289112,9.9586013860920271e-09,4.9737991503207013e-14
K4,-0.20000000000000001,-1,0,1,1,information,1,3,-0.50632393410685061,1.0223907949742628e-14,1.2212453270876722e-15
K4,-0.20000000000000001,-1,0,1,1,covariance,1,3,-2.0201935693717292,9.9586013860920271e-09,1.1546319456101628e-14
K4,-0.20000000000000001,-1,0,1,1,information,1,4,0.29930861299236661,6.8646317418092408e-15,5.5511151231257827e-17
K4,-0.20000000000000001,-1,0,1,1,covariance,1,4,-41.472961678335487,9.9586013860920271e-09,2.5579538487363607e-13
K4,-0.20000000000000001,-1,0,1,1,information,2,1,-0.40375530809928734,4.2483583191631484e-14,2.2204460492503131e-16
K4,-0.20000000000000001,-1,0,1,1,covariance,2,1,-9.0216949341289183,9.9586013860920271e-09,6.3948846218409017e-14
K4,-0.20000000000000001,-1,0,1,1,information,2,2,1.8004352169050084,2.0025931659980822e-14,4.4408920985006262e-16
K4,-0.20000000000000001,-1,0,1,1,covariance,2,2,6.0609927078141812,9.9586013860920271e-09,3.2862601528904634e-14
K4,-0.20000000000000001,-1,0,1,1,information,2,3,1.4399130525771162,2.8159271575060025e-14,0
K4,-0.20000000000000001,-1,0,1,1,covariance,2,3,1.0053977076271283,9.9586013860920271e-09,4.6629367034256575e-15
K4,-0.20000000000000001,-1,0,1,1,information,2,4,-0.66320973162849983,3.8845932198325267e-14,1.1102230246251565e-16
K4,-0.20000000000000001,-1,0,1,1,covariance,2,4,22.621301384804362,9.9586013860920271e-09,1.2434497875801753e-13
K4,-0.20000000000000001,-1,0,1,1,information,3,1,-0.50632393410685061,1.0223907949742628e-14,1.2212453270876722e-15
K4,-0.20000000000000001,-1,0,1,1,covariance,3,1,-2.0201935693717274,9.9586013860920271e-09,1.1546319456101628e-14
K4,-0.20000000000000001,-1,0,1,1,information,3,2,1.4399130525771162,2.8159271575060025e-14,0
K4,-0.20000000000000001,-1,0,1,1,covariance,3,2,1.0053977076271283,9.9586013860920271e-09,4.8849813083506888e-15
K4,-0.20000000000000001,-1,0,1,1,information,3,3,5.1371512172830531,6.5999860437025368e-13,1.7763568394002505e-15
K4,-0.20000000000000001,-1,0,1,1,covariance,3,3,0.52308354891336539,9.9586013860920271e-09,7.7715611723760958e-16
K4,-0.20000000000000001,-1,0,1,1,information,3,4,-0.81604865814249883,1.0245770603461905e-13,5.5511151231257827e-16
K4,-0.20000000000000001,-1,0,1,1,covariance,3,4,5.0949375218016453,9.9586013860920271e-09,2.2204460492503131e-14
K4,-0.20000000000000001,-1,0,1,1,information,4,1,0.29930861299236661,6.8646317418092408e-15,5.5511151231257827e-17
K4,-0.20000000000000001,-1,0,1,1,covariance,4,1,-41.47296167833548,9.9586013860920271e-09,2.5579538487363607e-13
K4,-0.20000000000000001,-1,0,1,1,information,4,2,-0.66320973162849983,3.8845932198325267e-14,1.1102230246251565e-16
K4,-0.20000000000000001,-1,0,1,1,covariance,4,2,22.621301384804362,9.9586013860920271e-09,1.2434497875801753e-13
K4,-0.20000000000000001,-1,0,1,1,information,4,3,-0.81604865814249883,1.0245770603461905e-13,5.5511151231257827e-16
K4,-0.20000000000000001,-1,0,1,1,covariance,4,3,5.0949375218016479,9.9586013860920271e-09,2.2204460492503131e-14
K4,-0.20000000000000001,-1,0,1,1,information,4,4,0.33333333333333331,6.9369225327983265e-15,5.5511151231257827e-17
K4,-0.20000000000000001,-1,0,1,1,covariance,4,4,97.720796355353357,9.9586013860920271e-09,5.2580162446247414e-13
K4,0.20000000000000001,0.20000000000000001,0,1,1,score_mean,1,0,5.5511151231257827e-17,1.6383944337259331e-13,0
K4,0.20000000000000001,0.20000000000000001,0,1,1,score_mean,2,0,0,1.0986773300057703e-14,0
K4,0.20000000000000001,0.20000000000000001,0,1,1,score_mean,3,0,2.9143354396410359e-16,7.7972415573222655e-15,2.4980018054066022e-16
K4,0.20000000000000001,0.20000000000000001,0,1,1,score_mean,4,0,8.3266726846886741e-17,7.7432824570250645e-15,4.9960036108132044e-16
K4,0.20000000000000001,0.20000000000000001,0,1,1,information,1,1,1.4640623212952995,6.4161459293543203e-13,4.4408920985006262e-16
K4,0.20000000000000001,0.20000000000000001,0,1,1,covariance,1,1,2.1351445566107987,1.4223404387054416e-10,1.7763568394002505e-15
K4,0.20000000000000001,0.20000000000000001,0,1,1,information,1,2,-0.24839833167821807,1.7409407631857603e-14,2.7755575615628914e-16
K4,0.20000000000000001,0.20000000000000001,0,1,1,covariance,1,2,-1.5997159347447083,1.4223404387054416e-10,8.8817841970012523e-16
K4,0.20000000000000001,0.20000000000000001,0,1,1,information,1,3,-0.85705081652806958,1.2352772520377106e-13,1.8873791418627661e-15
K4,0.20000000000000001,0.20000000000000001,0,1,1,covariance,1,3,-0.54135636065459947,1.4223404387054416e-10,1.1102230246251565e-16
K4,0.20000000000000001,0.20000000000000001,0,1,1,information,1,4,1.655655298971344,2.1773945240129797e-14,4.4408920985006262e-16
K4,0.20000000000000001,0.20000000000000001,0,1,1,covariance,1,4,-1.8043136019858628,1.4223404387054416e-10,3.1086244689504383e-15
K4,0.20000000000000001,0.20000000000000001,0,1,1,information,2,1,-0.24839833167821807,1.7409407631857603e-14,2.7755575615628914e-16
K4,0.20000000000000001,0.20000000000000001,0,1,1,covariance,2,1,-1.5997159347447076,1.4223404387054416e-10,1.3322676295501878e-15
K4,0.20000000000000001,0.20000000000000001,0,1,1,information,2,2,2.5811253175020012,1.2731249312094471e-13,4.4408920985006262e-16
K4,0.20000000000000001,0.20000000000000001,0,1,1,covariance,2,2,3.1294117124955343,1.4223404387054416e-10,3.1086244689504383e-15
K4,0.20000000000000001,0.20000000000000001,0,1,1,information,2,3,-1.4798148329071803,1.8668920789260843e-12,1.3322676295501878e-15
K4,0.20000000000000001,0.20000000000000001,0,1,1,covariance,2,3,1.3321037052816882,1.4223404387054416e-10,1.7763568394002505e-15
K4,0.20000000000000001,0.20000000000000001,0,1,1,information,2,4,-2.1383901718099465,4.853323869156725e-14,4.4408920985006262e-16
K4,0.20000000000000001,0.20000000000000001,0,1,1,covariance,2,4,2.5736667797413739,1.4223404387054416e-10,1.3322676295501878e-15
K4,0.20000000000000001,0.20000000000000001,0,1,1,information,3,1,-0.85705081652806958,1.2352772520377106e-13,1.8873791418627661e-15
K4,0.20000000000000001,0.20000000000000001,0,1,1,covariance,3,1,-0.54135636065459936,1.4223404387054416e-10,3.3306690738754696e-16
K4,0.20000000000000001,0.20000000000000001,0,1,1,information,3,2,-1.4798148329071803,1.8668920789260843e-12,1.3322676295501878e-15
K4,0.20000000000000001,0.20000000000000001,0,1,1,covariance,3,2,1.3321037052816882,1.4223404387054416e-10,1.9984014443252818e-15
K4,0.20000000000000001,0.20000000000000001,0,1,1,information,3,3,4.4532295274345364,1.4098521730390255e-12,8.8817841970012523e-16
K4,0.20000000000000001,0.20000000000000001,0,1,1,covariance,3,3,0.82024017966704421,1.4223404387054416e-10,1.3322676295501878e-15
K4,0.20000000000000001,0.20000000000000001,0,1,1,information,3,4,-1.03830517324992,4.2996277718053686e-14,2.886579864025407e-15
K4,0.20000000000000001,0.20000000000000001,0,1,1,covariance,3,4,1.1031639888507221,1.4223404387054416e-10,1.3322676295501878e-15
K4,0.20000000000000001,0.20000000000000001,0,1,1,information,4,1,1.655655298971344,2.1773945240129797e-14,4.4408920985006262e-16
K4,0.20000000000000001,0.20000000000000001,0,1,1,covariance,4,1,-1.8043136019858617,1.4223404387054416e-10,1.7763568394002505e-15
K4,0.20000000000000001,0.20000000000000001,0,1,1,information,4,2,-2.1383901718099465,4.853323869156725e-14,4.4408920985006262e-16
K4,0.20000000000000001,0.20000000000000001,0,1,1,covariance,4,2,2.5736667797413739,1.4223404387054416e-10,1.3322676295501878e-15
K4,0.20000000000000001,0.20000000000000001,0,1,1,information,4,3,-1.03830517324992,4.2996277718053686e-14,2.886579864025407e-15
K4,0.20000000000000001,0.20000000000000001,0,1,1,covariance,4,3,1.1031639888507223,1.4223404387054416e-10,1.1102230246251565e-15
K4,0.20000000000000001,0.20000000000000001,0,1,1,information,4,4,4.1666666666666652,5.023558147542987e-13,2.6645352591003757e-15
K4,0.20000000000000001,0.20000000000000001,0,1,1,covariance,4,4,2.5526990400032159,1.4223404387054416e-10,4.4408920985006262e-16
K4,-0.20000000000000001,-0.20000000000000001,0,1,1,score_mean,1,0,1.1102230246251565e-16,4.2392312095439115e-14,1.1102230246251565e-16
K4,-0.20000000000000001,-0.20000000000000001,0,1,1,score_mean,2,0,-1.5265566588595902e-16,9.9838225751155517e-15,2.2204460492503131e-16
K4,-0.20000000000000001,-0.20000000000000001,0,1,1,score_mean,3,0,2.9490299091605721e-17,7.3031245470008441e-15,7.7889084071358639e-16
K4,-0.20000000000000001,-0.20000000000000001,0,1,1,score_mean,4,0,1.3877787807814457e-17,9.764210803268642e-15,4.9960036108132044e-16
K4,-0.20000000000000001,-0.20000000000000001,0,1,1,information,1,1,0.90406282888283718,6.3464850113610699e-14,2.2204460492503131e-16
K4,-0.20000000000000001,-0.20000000000000001,0,1,1,covariance,1,1,8.6744398092647845,6.8764011681871096e-10,5.6843418860808015e-14
K4,-0.20000000000000001,-0.20000000000000001,0,1,1,information,1,2,-0.64646673385812081,3.5843284986717385e-14,0
K4,-0.20000000000000001,-0.20000000000000001,0,1,1,covariance,1,2,-6.3692755780025916,6.8764011681871096e-10,6.0396132539608516e-14
K4,-0.20000000000000001,-0.20000000000000001,0,1,1,information,1,3,-0.41369970625051533,8.9669886173885182e-15,4.4408920985006262e-16
K4,-0.20000000000000001,-0.20000000000000001,0,1,1,covariance,1,3,-3.3688695627086336,6.8764011681871096e-10,3.2418512319054571e-14
K4,-0.20000000000000001,-0.20000000000000001,0,1,1,information,1,4,0.83395326199470887,1.1136118018352561e-14,2.2204460492503131e-16
K4,-0.20000000000000001,-0.20000000000000001,0,1,1,covariance,1,4,-14.813136760005488,6.8764011681871096e-10,1.2612133559741778e-13
K4,-0.20000000000000001,-0.20000000000000001,0,1,1,information,2,1,-0.64646673385812081,3.5843284986717385e-14,0
K4,-0.20000000000000001,-0.20000000000000001,0,1,1,covariance,2,1,-6.3692755780025907,6.8764011681871096e-10,5.8619775700208265e-14
K4,-0.20000000000000001,-0.20000000000000001,0,1,1,information,2,2,1.720239473653129,1.9159196195462778e-14,4.4408920985006262e-16
K4,-0.20000000000000001,-0.20000000000000001,0,1,1,covariance,2,2,7.6052055432666963,6.8764011681871096e-10,5.9507954119908391e-14
K4,-0.20000000000000001,-0.20000000000000001,0,1,1,information,2,3,0.33132360843604525,1.6307734239994232e-14,0
K4,-0.20000000000000001,-0.20000000000000001,0,1,1,covariance,2,3,3.5369067567418297,6.8764011681871096e-10,3.3306690738754696e-14
K4,-0.20000000000000001,-0.20000000000000001,0,1,1,information,2,4,-1.1935758337830673,3.2015584750660031e-14,4.4408920985006262e-16
K4,-0.20000000000000001,-0.20000000000000001,0,1,1,covariance,2,4,14.554718500801616,6.8764011681871096e-10,1.2612133559741778e-13
K4,-0.20000000000000001,-0.20000000000000001,0,1,1,information,3,1,-0.41369970625051533,8.9669886173885182e-15,4.4408920985006262e-16
K4,-0.20000000000000001,-0.20000000000000001,0,1,1,covariance,3,1,-3.3688695627086327,6.8764011681871096e-10,3.2418512319054571e-14
K4,-0.20000000000000001,-0.20000000000000001,0,1,1,information,3,2,0.33132360843604525,1.6307734239994232e-14,0
K4,-0.20000000000000001,-0.20000000000000001,0,1,1,covariance,3,2,3.5369067567418293,6.8764011681871096e-10,3.3750779948604759e-14
K4,-0.20000000000000001,-0.20000000000000001,0,1,1,information,3,3,1.9608424411720398,2.8706600224446818e-13,1.3322676295501878e-15
K4,-0.20000000000000001,-0.20000000000000001,0,1,1,covariance,3,3,2.4184050035980649,6.8764011681871096e-10,1.865174681370263e-14
K4,-0.20000000000000001,-0.20000000000000001,0,1,1,information,3,4,-0.83066315968686366,7.9310751676972196e-14,8.8817841970012523e-16
K4,-0.20000000000000001,-0.20000000000000001,0,1,1,covariance,3,4,7.5935379525078668,6.8764011681871096e-10,7.1942451995710144e-14
K4,-0.20000000000000001,-0.20000000000000001,0,1,1,information,4,1,0.83395326199470887,1.1136118018352561e-14,2.2204460492503131e-16
K4,-0.20000000000000001,-0.20000000000000001,0,1,1,covariance,4,1,-14.81313676000549,6.8764011681871096e-10,1.2434497875801753e-13
K4,-0.20000000000000001,-0.20000000000000001,0,1,1,information,4,2,-1.1935758337830673,3.2015584750660031e-14,4.4408920985006262e-16
K4,-0.20000000000000001,-0.20000000000000001,0,1,1,covariance,4,2,14.554718500801613,6.8764011681871096e-10,1.2789769243681803e-13
K4,-0.20000000000000001,-0.20000000000000001,0,1,1,information,4,3,-0.83066315968686366,7.9310751676972196e-14,8.8817841970012523e-16
K4,-0.20000000000000001,-0.20000000000000001,0,1,1,covariance,4,3,7.5935379525078677,6.8764011681871096e-10,7.1054273576010019e-14
K4,-0.20000000000000001,-0.20000000000000001,0,1,1,information,4,4,1.1904761904761902,1.3241288466645756e-14,4.4408920985006262e-16
K4,-0.20000000000000001,-0.20000000000000001,0,1,1,covariance,4,4,31.107968825039183,6.8764011681871096e-10,2.6645352591003757e-13
K4,0.40000000000000002,-1,0,1,1,score_mean,1,0,-2.7755575615628914e-17,5.1904553785282903e-14,8.3266726846886741e-17
K4,0.40000000000000002,-1,0,1,1,score_mean,2,0,1.3877787807814457e-17,1.2534684018911071e-13,1.3877787807814457e-17
K4,0.40000000000000002,-1,0,1,1,score_mean,3,0,-7.9797279894933126e-17,1.0767481159232199e-14,2.0816681711721685e-17
K4,0.40000000000000002,-1,0,1,1,score_mean,4,0,1.3877787807814457e-17,4.3186164064484242e-15,5.5511151231257827e-17
K4,0.40000000000000002,-1,0,1,1,information,1,1,1.197234451969466,1.408843861815332e-12,1.5543122344752192e-14
K4,0.40000000000000002,-1,0,1,1,covariance,1,1,7.2142625065116253,3.1195006684206068e-08,2.4691360067663481e-12
K4,0.40000000000000002,-1,0,1,1,information,1,2,2.0681716501493104,3.6331579107544694e-12,3.8191672047105385e-14
K4,0.40000000000000002,-1,0,1,1,covariance,1,2,-6.1462921936683603,3.1195006684206068e-08,2.5668356329333619e-12
K4,0.40000000000000002,-1,0,1,1,information,1,3,-3.3618280941867953,6.1370424512254564e-12,2.6645352591003757e-15
K4,0.40000000000000002,-1,0,1,1,covariance,1,3,-1.5786406285843446,3.1195006684206068e-08,7.6982864527508355e-13
K4,0.40000000000000002,-1,0,1,1,information,1,4,0.026426127993552973,1.0010749776634642e-13,3.4694469519536142e-18
K4,0.40000000000000002,-1,0,1,1,covariance,1,4,-8.8054809136141188,3.1195006684206068e-08,3.7534420016527292e-12
K4,0.40000000000000002,-1,0,1,1,information,2,1,2.0681716501493104,3.6331579107544694e-12,3.8191672047105385e-14
K4,0.40000000000000002,-1,0,1,1,covariance,2,1,-6.1462921936683532,3.1195006684206068e-08,2.5774937739697634e-12
K4,0.40000000000000002,-1,0,1,1,information,2,2,4.9414762592707273,5.1293604436086615e-12,1.7763568394002505e-15
K4,0.40000000000000002,-1,0,1,1,covariance,2,2,7.0720790636173341,3.1195006684206068e-08,2.5854873797470646e-12
K4,0.40000000000000002,-1,0,1,1,information,2,3,-7.8321880702106075,1.1100878076473396e-11,4.4408920985006262e-15
K4,0.40000000000000002,-1,0,1,1,covariance,2,3,2.2439008287624178,3.1195006684206068e-08,7.5361938911555626e-13
K4,0.40000000000000002,-1,0,1,1,information,2,4,-0.3506013466827842,7.7076321912584926e-14,0
K4,0.40000000000000002,-1,0,1,1,covariance,2,4,10.439977658199723,3.1195006684206068e-08,3.7676528563679312e-12
K4,0.40000000000000002,-1,0,1,1,information,3,1,-3.3618280941867953,6.1370424512254564e-12,2.6645352591003757e-15
K4,0.40000000000000002,-1,0,1,1,covariance,3,1,-1.5786406285843426,3.1195006684206068e-08,7.7071682369478367e-13
K4,0.40000000000000002,-1,0,1,1,information,3,2,-7.8321880702106075,1.1100878076473396e-11,4.4408920985006262e-15
K4,0.40000000000000002,-1,0,1,1,covariance,3,2,2.2439008287624169,3.1195006684206068e-08,7.5450756753525638e-13
K4,0.40000000000000002,-1,0,1,1,information,3,3,17.213939009145264,2.7559372411762979e-11,2.1316282072803006e-14
K4,0.40000000000000002,-1,0,1,1,covariance,3,3,0.84521660364681916,3.1195006684206068e-08,2.156053113822054e-13
K4,0.40000000000000002,-1,0,1,1,information,3,4,-0.37349663329303939,3.3419834578102404e-14,5.5511151231257827e-17
K4,0.40000000000000002,-1,0,1,1,covariance,3,4,3.432352702676928,3.1195006684206068e-08,1.0964562591198046e-12
K4,0.40000000000000002,-1,0,1,1,information,4,1,0.026426127993552973,1.0010749776634642e-13,3.4694469519536142e-18
K4,0.40000000000000002,-1,0,1,1,covariance,4,1,-8.8054809136141063,3.1195006684206068e-08,3.765876499528531e-12
K4,0.40000000000000002,-1,0,1,1,information,4,2,-0.3506013466827842,7.7076321912584926e-14,0
K4,0.40000000000000002,-1,0,1,1,covariance,4,2,10.439977658199723,3.1195006684206068e-08,3.7676528563679312e-12
K4,0.40000000000000002,-1,0,1,1,information,4,3,-0.37349663329303939,3.3419834578102404e-14,5.5511151231257827e-17
K4,0.40000000000000002,-1,0,1,1,covariance,4,3,3.4323527026769307,3.1195006684206068e-08,1.0933476346508542e-12
K4,0.40000000000000002,-1,0,1,1,information,4,4,0.33333333333333331,6.9369225327983265e-15,5.5511151231257827e-17
K4,0.40000000000000002,-1,0,1,1,covariance,4,4,18.524811512085165,3.1195006684206068e-08,5.4853899200679734e-12
K4,-0.40000000000000002,-1,0,1,1,score_mean,1,0,-5.5511151231257827e-17,5.190518001652141e-14,5.5511151231257827e-17
K4,-0.40000000000000002,-1,0,1,1,score_mean,2,0,2.7755575615628914e-17,1.2534778573300287e-13,9.7144514654701197e-17
K4,-0.40000000000000002,-1,0,1,1,score_mean,3,0,6.609296443471635e-16,1.0768726765151763e-14,5.8113236445223038e-16
K4,-0.40000000000000002,-1,0,1,1,score_mean,4,0,1.3877787807814457e-17,4.3186164064484242e-15,5.5511151231257827e-17
K4,-0.40000000000000002,-1,0,1,1,information,1,1,1.1972344519694664,1.4088465383857739e-12,1.5765166949677223e-14
K4,-0.40000000000000002,-1,0,1,1,covariance,1,1,8.199126910996311,2.9700470505900323e-08,1.1830536550405668e-12
K4,-0.40000000000000002,-1,0,1,1,information,1,2,-2.0681716501493113,3.6331552082422525e-12,3.8635761256955448e-14
K4,-0.40000000000000002,-1,0,1,1,covariance,1,2,-0.27475514805134665,2.9700470505900323e-08,5.2646775827724923e-13
K4,-0.40000000000000002,-1,0,1,1,information,1,3,-3.3618280941867988,6.1357084519940403e-12,2.2204460492503131e-15
K4,-0.40000000000000002,-1,0,1,1,covariance,1,3,0.97332749686261189,2.9700470505900323e-08,3.028688411177427e-13
K4,-0.40000000000000002,-1,0,1,1,information,1,4,0.55494868786461293,1.0664211207074178e-14,1.1102230246251565e-16
K4,-0.40000000000000002,-1,0,1,1,covariance,1,4,-11.014276511887333,2.9700470505900323e-08,2.4265034426207421e-12
K4,-0.40000000000000002,-1,0,1,1,information,2,1,-2.0681716501493113,3.6331552082422525e-12,3.8635761256955448e-14
K4,-0.40000000000000002,-1,0,1,1,covariance,2,1,-0.27475514805135037,2.9700470505900323e-08,5.28355137419112e-13
K4,-0.40000000000000002,-1,0,1,1,information,2,2,4.94147625927073,5.1285138172511935e-12,2.6645352591003757e-15
K4,-0.40000000000000002,-1,0,1,1,covariance,2,2,1.5999088379674133,2.9700470505900323e-08,3.1086244689504383e-14
K4,-0.40000000000000002,-1,0,1,1,information,2,3,7.8321880702106128,1.1100877425892034e-11,7.1054273576010019e-15
K4,-0.40000000000000002,-1,0,1,1,covariance,2,3,-0.56919759559401706,2.9700470505900323e-08,6.6946448384896939e-14
K4,-0.40000000000000002,-1,0,1,1,information,2,4,-0.97070505299486576,2.6314420704079338e-14,1.1102230246251565e-16
K4,-0.40000000000000002,-1,0,1,1,covariance,2,4,3.10711242373403,2.9700470505900323e-08,7.3541173151170369e-13
K4,-0.40000000000000002,-1,0,1,1,information,3,1,-3.3618280941867988,6.1357084519940403e-12,2.2204460492503131e-15
K4,-0.40000000000000002,-1,0,1,1,covariance,3,1,0.97332749686261388,2.9700470505900323e-08,3.0508928716699302e-13
K4,-0.40000000000000002,-1,0,1,1,information,3,2,7.8321880702106128,1.1100877425892034e-11,7.1054273576010019e-15
K4,-0.40000000000000002,-1,0,1,1,covariance,3,2,-0.56919759559401706,2.9700470505900323e-08,6.6946448384896939e-14
K4,-0.40000000000000002,-1,0,1,1,information,3,3,17.213939009145275,2.7562912710420496e-11,1.7763568394002505e-14
K4,-0.40000000000000002,-1,0,1,1,covariance,3,3,0.37311807996320889,2.9700470505900323e-08,5.517808432387028e-14
K4,-0.40000000000000002,-1,0,1,1,information,3,4,-1.1767626324871641,9.5388695796624078e-14,0
K4,-0.40000000000000002,-1,0,1,1,covariance,3,4,-1.960795156308103,2.9700470505900323e-08,5.078160114635466e-13
K4,-0.40000000000000002,-1,0,1,1,information,4,1,0.55494868786461293,1.0664211207074178e-14,1.1102230246251565e-16
K4,-0.40000000000000002,-1,0,1,1,covariance,4,1,-11.014276511887338,2.9700470505900323e-08,2.4282797994601424e-12
K4,-0.40000000000000002,-1,0,1,1,information,4,2,-0.97070505299486576,2.6314420704079338e-14,1.1102230246251565e-16
K4,-0.40000000000000002,-1,0,1,1,covariance,4,2,3.107112423734022,2.9700470505900323e-08,7.2875039336395275e-13
K4,-0.40000000000000002,-1,0,1,1,information,4,3,-1.1767626324871641,9.5388695796624078e-14,0
K4,-0.40000000000000002,-1,0,1,1,covariance,4,3,-1.9607951563080994,2.9700470505900323e-08,5.042632977847461e-13
K4,-0.40000000000000002,-1,0,1,1,information,4,4,0.33333333333333331,6.9369225327983265e-15,5.5511151231257827e-17
K4,-0.40000000000000002,-1,0,1,1,covariance,4,4,23.463172674259337,2.9700470505900323e-08,4.3876013933186186e-12
K4,-1,-0.20000000000000001,0,1,1,score_mean,1,0,6.3837823915946501e-16,1.3739022842921464e-14,6.3837823915946501e-16
K4,-1,-0.20000000000000001,0,1,1,score_mean,2,0,-7.2164496600635175e-16,1.1243981938446503e-14,7.7715611723760958e-16
K4,-1,-0.20000000000000001,0,1,1,score_mean,3,0,-7.9797279894933126e-17,7.1670599667775286e-15,5.8980598183211441e-17
K4,-1,-0.20000000000000001,0,1,1,score_mean,4,0,1.3877787807814457e-17,9.764210803268642e-15,4.9960036108132044e-16
K4,-1,-0.20000000000000001,0,1,1,information,1,1,9.5238095238095202,1.0577752789541867e-13,1.7763568394002505e-15
K4,-1,-0.20000000000000001,0,1,1,covariance,1,1,13.427531025528127,1.2949625521018466e-08,8.2955864399991697e-13
K4,-1,-0.20000000000000001,0,1,1,information,1,2,-8.0952380952380931,9.2137688695930224e-14,1.7763568394002505e-15
K4,-1,-0.20000000000000001,0,1,1,covariance,1,2,4.1066619504401825,1.2949625521018466e-08,2.3003821070233244e-13
K4,-1,-0.20000000000000001,0,1,1,information,1,3,-5.3793744108084249,1.3285191603528277e-13,8.8817841970012523e-16
K4,-1,-0.20000000000000001,0,1,1,covariance,1,3,3.5755431719299575,1.2949625521018466e-08,2.1582735598713043e-13
K4,-1,-0.20000000000000001,0,1,1,information,1,4,3.2738095238095228,3.6359757386463079e-14,2.2204460492503131e-15
K4,-1,-0.20000000000000001,0,1,1,covariance,1,4,-22.726629515789927,1.2949625521018466e-08,1.4814816040598089e-12
K4,-1,-0.20000000000000001,0,1,1,information,2,1,-8.0952380952380931,9.2137688695930224e-14,1.7763568394002505e-15
K4,-1,-0.20000000000000001,0,1,1,covariance,2,1,4.1066619504401913,1.2949625521018466e-08,2.2026824808563106e-13
K4,-1,-0.20000000000000001,0,1,1,information,2,2,7.3809523809523796,8.19691914471793e-14,1.7763568394002505e-15
K4,-1,-0.20000000000000001,0,1,1,covariance,2,2,3.001548101904048,1.2949625521018466e-08,6.2172489379008766e-14
K4,-1,-0.20000000000000001,0,1,1,information,2,3,4.8980205387375442,1.3042624521509811e-12,0
K4,-1,-0.20000000000000001,0,1,1,covariance,2,3,-0.059303844664920558,1.2949625521018466e-08,5.7183424662099469e-14
K4,-1,-0.20000000000000001,0,1,1,information,2,4,-2.6785714285714275,3.1065045272097907e-14,1.3322676295501878e-15
K4,-1,-0.20000000000000001,0,1,1,covariance,2,4,-4.6220884660052883,1.2949625521018466e-08,3.9257486150745535e-13
K4,-1,-0.20000000000000001,0,1,1,information,3,1,-5.3793744108084249,1.3285191603528277e-13,8.8817841970012523e-16
K4,-1,-0.20000000000000001,0,1,1,covariance,3,1,3.5755431719299584,1.2949625521018466e-08,2.1538326677728037e-13
K4,-1,-0.20000000000000001,0,1,1,information,3,2,4.8980205387375442,1.3042624521509811e-12,0
K4,-1,-0.20000000000000001,0,1,1,covariance,3,2,-0.059303844664921307,1.2949625521018466e-08,5.7863436264682377e-14
K4,-1,-0.20000000000000001,0,1,1,information,3,3,4.0812324244483049,3.4738982050257007e-12,8.8817841970012523e-16
K4,-1,-0.20000000000000001,0,1,1,covariance,3,3,2.2717793853718038,1.2949625521018466e-08,5.595524044110789e-14
K4,-1,-0.20000000000000001,0,1,1,information,3,4,-1.6511282267257334,5.7689160051905108e-14,4.4408920985006262e-16
K4,-1,-0.20000000000000001,0,1,1,covariance,3,4,-6.8153381561154003,1.2949625521018466e-08,3.8546943414985435e-13
K4,-1,-0.20000000000000001,0,1,1,information,4,1,3.2738095238095228,3.6359757386463079e-14,2.2204460492503131e-15
K4,-1,-0.20000000000000001,0,1,1,covariance,4,1,-22.726629515789899,1.2949625521018466e-08,1.5099033134902129e-12
K4,-1,-0.20000000000000001,0,1,1,information,4,2,-2.6785714285714275,3.1065045272097907e-14,1.3322676295501878e-15
K4,-1,-0.20000000000000001,0,1,1,covariance,4,2,-4.6220884660052661,1.2949625521018466e-08,4.1477932199995848e-13
K4,-1,-0.20000000000000001,0,1,1,information,4,3,-1.6511282267257334,5.7689160051905108e-14,4.4408920985006262e-16
K4,-1,-0.20000000000000001,0,1,1,covariance,4,3,-6.8153381561153941,1.2949625521018466e-08,3.9168668308775523e-13
K4,-1,-0.20000000000000001,0,1,1,information,4,4,1.1904761904761902,1.3241288466645756e-14,4.4408920985006262e-16
K4,-1,-0.20000000000000001,0,1,1,covariance,4,4,43.486014468346227,1.2949625521018466e-08,2.6787461138155777e-12
K4,-0.20000000000000001,-2,0,1,1,score_mean,1,0,-1.6653345369377348e-16,3.4358142817886565e-13,8.3266726846886741e-17
K4,-0.20000000000000001,-2,0,1,1,score_mean,2,0,4.8572257327350599e-16,1.0663611673064595e-14,4.8572257327350599e-16
K4,-0.20000000000000001,-2,0,1,1,score_mean,3,0,1.8457457784393227e-15,1.5417130123815516e-14,2.491062911502695e-15
K4,-0.20000000000000001,-2,0,1,1,score_mean,4,0,0,3.2872037882233381e-15,1.3877787807814457e-17
K4,-0.20000000000000001,-2,0,1,1,information,1,1,0.34647965940153425,4.9529811070279577e-13,2.9976021664879227e-15
K4,-0.20000000000000001,-2,0,1,1,covariance,1,1,13.26304664768459,3.3750176920554732e-07,1.4974688156144111e-12
K4,-0.20000000000000001,-2,0,1,1,information,1,2,-0.76105424038544844,1.3828139224643833e-12,1.4765966227514582e-14
K4,-0.20000000000000001,-2,0,1,1,covariance,1,2,-2.4911561074733952,3.3750176920554732e-07,6.2305716141963785e-13
K4,-0.20000000000000001,-2,0,1,1,information,1,3,-2.4364278694253434,3.8370193559462248e-12,4.4408920985006262e-16
K4,-0.20000000000000001,-2,0,1,1,covariance,1,3,0.79116806652395766,3.3750176920554732e-07,1.517674874662589e-13
K4,-0.20000000000000001,-2,0,1,1,information,1,4,0.17268338784395076,1.0122810417400717e-14,2.7755575615628914e-17
K4,-0.20000000000000001,-2,0,1,1,covariance,1,4,-20.636940947169716,3.3750176920554732e-07,3.1867841698840493e-12
K4,-0.20000000000000001,-2,0,1,1,information,2,1,-0.76105424038544844,1.3828139224643833e-12,1.4765966227514582e-14
K4,-0.20000000000000001,-2,0,1,1,covariance,2,1,-2.4911561074733961,3.3750176920554732e-07,6.2350125062948791e-13
K4,-0.20000000000000001,-2,0,1,1,information,2,2,3.9485509188161263,6.5769553461614248e-12,7.5495165674510645e-15
K4,-0.20000000000000001,-2,0,1,1,covariance,2,2,2.1845233699196749,3.3750176920554732e-07,1.936228954946273e-13
K4,-0.20000000000000001,-2,0,1,1,information,2,3,11.364273834370861,1.583522780810359e-11,1.5987211554602254e-14
K4,-0.20000000000000001,-2,0,1,1,covariance,2,3,-0.45520806019782922,3.3750176920554732e-07,5.0626169922907138e-14
K4,-0.20000000000000001,-2,0,1,1,information,2,4,-0.53008360588642045,7.1542018679312883e-14,1.1102230246251565e-16
K4,-0.20000000000000001,-2,0,1,1,covariance,2,4,8.2034184467066904,3.3750176920554732e-07,1.1617373729677638e-12
K4,-0.20000000000000001,-2,0,1,1,information,3,1,-2.4364278694253434,3.8370193559462248e-12,4.4408920985006262e-16
K4,-0.20000000000000001,-2,0,1,1,covariance,3,1,0.79116806652395766,3.3750176920554732e-07,1.5065726444163374e-13
K4,-0.20000000000000001,-2,0,1,1,information,3,2,11.364273834370861,1.583522780810359e-11,1.5987211554602254e-14
K4,-0.20000000000000001,-2,0,1,1,covariance,3,2,-0.45520806019782922,3.3750176920554732e-07,5.0737192225369654e-14
K4,-0.20000000000000001,-2,0,1,1,information,3,3,48.29843997426142,8.3423592489562697e-11,7.1054273576010019e-14
K4,-0.20000000000000001,-2,0,1,1,covariance,3,3,0.12730469189665913,3.3750176920554732e-07,1.3045120539345589e-14
K4,-0.20000000000000001,-2,0,1,1,information,3,4,-1.0860356359121204,1.5704537874472214e-13,2.2204460492503131e-16
K4,-0.20000000000000001,-2,0,1,1,covariance,3,4,-1.7974686003071136,3.3750176920554732e-07,2.9021229863701592e-13
K4,-0.20000000000000001,-2,0,1,1,information,4,1,0.17268338784395076,1.0122810417400717e-14,2.7755575615628914e-17
K4,-0.20000000000000001,-2,0,1,1,covariance,4,1,-20.63694094716973,3.3750176920554732e-07,3.1974423109204508e-12
K4,-0.20000000000000001,-2,0,1,1,information,4,2,-0.53008360588642045,7.1542018679312883e-14,1.1102230246251565e-16
K4,-0.20000000000000001,-2,0,1,1,covariance,4,2,8.2034184467066922,3.3750176920554732e-07,1.1652900866465643e-12
K4,-0.20000000000000001,-2,0,1,1,information,4,3,-1.0860356359121204,1.5704537874472214e-13,2.2204460492503131e-16
K4,-0.20000000000000001,-2,0,1,1,covariance,4,3,-1.7974686003071141,3.3750176920554732e-07,2.9132252166164108e-13
K4,-0.20000000000000001,-2,0,1,1,information,4,4,0.13333333333333333,1.48786142441661e-15,2.7755575615628914e-17
K4,-0.20000000000000001,-2,0,1,1,covariance,4,4,52.200296654637555,3.3750176920554732e-07,6.3877791944833007e-12
K4,0.48999999999999999,0.20000000000000001,0,1,1,score_mean,1,0,-1.1102230246251565e-16,1.1159224236908398e-14,1.1102230246251565e-16
K4,0.48999999999999999,0.20000000000000001,0,1,1,score_mean,2,0,-8.3266726846886741e-17,1.4142326847634426e-14,3.0531133177191805e-16
K4,0.48999999999999999,0.20000000000000001,0,1,1,score_mean,3,0,4.8572257327350599e-17,1.2361837259136265e-14,2.9143354396410359e-16
K4,0.48999999999999999,0.20000000000000001,0,1,1,score_mean,4,0,1.6653345369377348e-16,9.2325991635400996e-15,1.0547118733938987e-15
K4,0.48999999999999999,0.20000000000000001,0,1,1,information,1,1,13.222838166695656,1.0385507366180522e-11,1.2434497875801753e-14
K4,0.48999999999999999,0.20000000000000001,0,1,1,covariance,1,1,1.9243354543059943,5.8348926560404255e-09,3.0420110874729289e-14
K4,0.48999999999999999,0.20000000000000001,0,1,1,information,1,2,24.196626047070747,1.7481662157673191e-11,3.5527136788005009e-14
K4,0.48999999999999999,0.20000000000000001,0,1,1,covariance,1,2,-1.6289888131230887,5.8348926560404255e-09,7.4384942649885488e-14
K4,0.48999999999999999,0.20000000000000001,0,1,1,information,1,3,-48.334463213020975,3.2333717953031121e-11,7.815970093361102e-14
K4,0.48999999999999999,0.20000000000000001,0,1,1,covariance,1,3,-0.3418856296911521,5.8348926560404255e-09,2.9032332093947844e-14
K4,0.48999999999999999,0.20000000000000001,0,1,1,information,1,4,1.1513674797777786,6.077305051870333e-14,0
K4,0.48999999999999999,0.20000000000000001,0,1,1,covariance,1,4,-1.3497007370655871,5.8348926560404255e-09,4.7295500849031669e-14
K4,0.48999999999999999,0.20000000000000001,0,1,1,information,2,1,24.196626047070747,1.7481662157673191e-11,3.5527136788005009e-14
K4,0.48999999999999999,0.20000000000000001,0,1,1,covariance,2,1,-1.6289888131230852,5.8348926560404255e-09,8.1712414612411521e-14
K4,0.48999999999999999,0.20000000000000001,0,1,1,information,2,2,50.631078825907302,9.3389331268131353e-11,8.5265128291212022e-14
K4,0.48999999999999999,0.20000000000000001,0,1,1,covariance,2,2,2.5860366515579134,5.8348926560404255e-09,1.389999226830696e-13
K4,0.48999999999999999,0.20000000000000001,0,1,1,information,2,3,-97.541226933928129,7.3819858670575579e-11,1.1368683772161603e-13
K4,0.48999999999999999,0.20000000000000001,0,1,1,covariance,2,3,0.8924151271693056,5.8348926560404255e-09,4.9182879990894435e-14
K4,0.48999999999999999,0.20000000000000001,0,1,1,information,2,4,-1.9019711297052149,2.8290602632934809e-13,6.6613381477509392e-16
K4,0.48999999999999999,0.20000000000000001,0,1,1,covariance,2,4,1.8246996040152887,5.8348926560404255e-09,9.5923269327613525e-14
K4,0.48999999999999999,0.20000000000000001,0,1,1,information,3,1,-48.334463213020975,3.2333717953031121e-11,7.815970093361102e-14
K4,0.48999999999999999,0.20000000000000001,0,1,1,covariance,3,1,-0.34188562969114988,5.8348926560404255e-09,3.3584246494910985e-14
K4,0.48999999999999999,0.20000000000000001,0,1,1,information,3,2,-97.541226933928129,7.3819858670575579e-11,1.1368683772161603e-13
K4,0.48999999999999999,0.20000000000000001,0,1,1,covariance,3,2,0.89241512716930449,5.8348926560404255e-09,5.1514348342607263e-14
K4,0.48999999999999999,0.20000000000000001,0,1,1,information,3,3,196.27926753343951,1.2371031377604526e-10,2.2737367544323206e-13
K4,0.48999999999999999,0.20000000000000001,0,1,1,covariance,3,3,0.36707684895767956,5.8348926560404255e-09,1.7486012637846216e-14
K4,0.48999999999999999,0.20000000000000001,0,1,1,information,3,4,-0.90628587092799384,8.3495112609148868e-14,5.5511151231257827e-16
K4,0.48999999999999999,0.20000000000000001,0,1,1,covariance,3,4,0.58167848764153873,5.8348926560404255e-09,3.6415315207705135e-14
K4,0.48999999999999999,0.20000000000000001,0,1,1,information,4,1,1.1513674797777786,6.077305051870333e-14,0
K4,0.48999999999999999,0.20000000000000001,0,1,1,covariance,4,1,-1.3497007370655842,5.8348926560404255e-09,5.2846615972157451e-14
K4,0.48999999999999999,0.20000000000000001,0,1,1,information,4,2,-1.9019711297052149,2.8290602632934809e-13,6.6613381477509392e-16
K4,0.48999999999999999,0.20000000000000001,0,1,1,covariance,4,2,1.8246996040152894,5.8348926560404255e-09,9.4591001698063337e-14
K4,0.48999999999999999,0.20000000000000001,0,1,1,information,4,3,-0.90628587092799384,8.3495112609148868e-14,5.5511151231257827e-16
K4,0.48999999999999999,0.20000000000000001,0,1,1,covariance,4,3,0.58167848764153973,5.8348926560404255e-09,3.4305891460917337e-14
K4,0.48999999999999999,0.20000000000000001,0,1,1,information,4,4,4.1666666666666652,1.5601449106967037e-12,8.8817841970012523e-16
K4,0.48999999999999999,0.20000000000000001,0,1,1,covariance,4,4,1.5724066795399976,5.8348926560404255e-09,6.4614980033184111e-14
K4,0.20000000000000001,0.48999999999999999,0,1,1,score_mean,1,0,2.7755575615628914e-16,1.8821765381060019e-13,1.6653345369377348e-16
K4,0.20000000000000001,0.48999999999999999,0,1,1,score_mean,2,0,1.6653345369377348e-16,1.2040819003428354e-14,1.9428902930940239e-16
K4,0.20000000000000001,0.48999999999999999,0,1,1,score_mean,3,0,-8.0491169285323849e-16,1.6556651006400608e-13,5.5511151231257827e-16
K4,0.20000000000000001,0.48999999999999999,0,1,1,score_mean,4,0,1.1102230246251565e-16,1.1105032248234636e-14,9.1593399531575415e-16
K4,0.20000000000000001,0.48999999999999999,0,1,1,information,1,1,38.102398931266848,2.9181114951645697e-11,4.9737991503207013e-14
K4,0.20000000000000001,0.48999999999999999,0,1,1,covariance,1,1,1.2031658024879486,2.8481035925015792e-09,1.1990408665951691e-14
K4,0.20000000000000001,0.48999999999999999,0,1,1,information,1,2,-27.454161448922427,2.1048198185639183e-11,2.8421709430404007e-14
K4,0.20000000000000001,0.48999999999999999,0,1,1,covariance,1,2,-0.86010733445184973,2.8481035925015792e-09,3.1197266991966899e-14
K4,0.20000000000000001,0.48999999999999999,0,1,1,information,1,3,-10.543905746860107,9.6623303546081762e-12,1.2079226507921703e-13
K4,0.20000000000000001,0.48999999999999999,0,1,1,covariance,1,3,-0.28226305820386954,2.8481035925015792e-09,1.4543921622589551e-14
K4,0.20000000000000001,0.48999999999999999,0,1,1,information,1,4,85.097868867666833,1.2498553914762231e-10,1.1368683772161603e-13
K4,0.20000000000000001,0.48999999999999999,0,1,1,covariance,1,4,-0.83942388972046722,2.8481035925015792e-09,1.6653345369377348e-14
K4,0.20000000000000001,0.48999999999999999,0,1,1,information,2,1,-27.454161448922427,2.1048198185639183e-11,2.8421709430404007e-14
K4,0.20000000000000001,0.48999999999999999,0,1,1,covariance,2,1,-0.86010733445185528,2.8481035925015792e-09,2.2426505097428162e-14
K4,0.20000000000000001,0.48999999999999999,0,1,1,information,2,2,22.898412229102597,1.8249592259459305e-11,1.0658141036401503e-14
K4,0.20000000000000001,0.48999999999999999,0,1,1,covariance,2,2,2.4031486918435516,2.8481035925015792e-09,1.6431300764452317e-14
K4,0.20000000000000001,0.48999999999999999,0,1,1,information,2,3,5.6308393196041102,1.1270584945520772e-11,8.1712414612411521e-14
K4,0.20000000000000001,0.48999999999999999,0,1,1,covariance,2,3,1.0707338417388244,2.8481035925015792e-09,5.5511151231257827e-15
K4,0.20000000000000001,0.48999999999999999,0,1,1,information,2,4,-64.70673409303761,6.5711808361914868e-11,2.8421709430404007e-14
K4,0.20000000000000001,0.48999999999999999,0,1,1,covariance,2,4,1.2930794052083445,2.8481035925015792e-09,1.4654943925052066e-14
K4,0.20000000000000001,0.48999999999999999,0,1,1,information,3,1,-10.543905746860107,9.6623303546081762e-12,1.2079226507921703e-13
K4,0.20000000000000001,0.48999999999999999,0,1,1,covariance,3,1,-0.28226305820387271,2.8481035925015792e-09,9.6034291630076041e-15
K4,0.20000000000000001,0.48999999999999999,0,1,1,information,3,2,5.6308393196041102,1.1270584945520772e-11,8.1712414612411521e-14
K4,0.20000000000000001,0.48999999999999999,0,1,1,covariance,3,2,1.0707338417388259,2.8481035925015792e-09,3.5527136788005009e-15
K4,0.20000000000000001,0.48999999999999999,0,1,1,information,3,3,6.9221607763030395,2.6215357914900961e-12,6.2172489379008766e-14
K4,0.20000000000000001,0.48999999999999999,0,1,1,covariance,3,3,0.72799003388453176,2.8481035925015792e-09,7.7715611723760958e-16
K4,0.20000000000000001,0.48999999999999999,0,1,1,information,3,4,-23.210041465195534,1.2723280895350207e-11,2.7000623958883807e-13
K4,0.20000000000000001,0.48999999999999999,0,1,1,covariance,3,4,0.56202180319547312,2.8481035925015792e-09,4.6629367034256575e-15
K4,0.20000000000000001,0.48999999999999999,0,1,1,information,4,1,85.097868867666833,1.2498553914762231e-10,1.1368683772161603e-13
K4,0.20000000000000001,0.48999999999999999,0,1,1,covariance,4,1,-0.83942388972046922,2.8481035925015792e-09,1.3433698597964394e-14
K4,0.20000000000000001,0.48999999999999999,0,1,1,information,4,2,-64.70673409303761,6.5711808361914868e-11,2.8421709430404007e-14
K4,0.20000000000000001,0.48999999999999999,0,1,1,covariance,4,2,1.2930794052083423,2.8481035925015792e-09,1.865174681370263e-14
K4,0.20000000000000001,0.48999999999999999,0,1,1,information,4,3,-23.210041465195534,1.2723280895350207e-11,2.7000623958883807e-13
K4,0.20000000000000001,0.48999999999999999,0,1,1,covariance,4,3,0.56202180319547124,2.8481035925015792e-09,7.5495165674510645e-15
K4,0.20000000000000001,0.48999999999999999,0,1,1,information,4,4,196.07843137254875,4.837389185630795e-13,2.2737367544323206e-13
K4,0.20000000000000001,0.48999999999999999,0,1,1,covariance,4,4,0.86265826127988221,2.8481035925015792e-09,1.2323475573339238e-14
K4,-0.48999999999999999,-1,0,1,1,score_mean,1,0,0,5.9543543259883161e-14,0
K4,-0.48999999999999999,-1,0,1,1,score_mean,2,0,2.6367796834847468e-16,1.1765205209262839e-13,3.7470027081099033e-16
K4,-0.48999999999999999,-1,0,1,1,score_mean,3,0,3.0704605524789486e-16,1.3747792430025079e-14,8.1532003370909933e-17
K4,-0.48999999999999999,-1,0,1,1,score_mean,4,0,-2.0816681711721685e-16,3.6672298267353278e-15,3.4694469519536142e-16
K4,-0.48999999999999999,-1,0,1,1,information,1,1,12.419870334201333,5.4034015463242996e-12,1.7763568394002505e-14
K4,-0.48999999999999999,-1,0,1,1,covariance,1,1,6.4658365601111871,7.175680824531357e-08,8.2600593032111647e-14
K4,-0.48999999999999999,-1,0,1,1,information,1,2,-24.550515876228854,1.7850564267558604e-11,3.1974423109204508e-14
K4,-0.48999999999999999,-1,0,1,1,covariance,1,2,0.75559312027406689,7.175680824531357e-08,5.773159728050814e-14
K4,-0.48999999999999999,-1,0,1,1,information,1,3,-48.043504229631871,3.5323403975430527e-11,7.815970093361102e-14
K4,-0.48999999999999999,-1,0,1,1,covariance,1,3,1.1546998215767283,7.175680824531357e-08,4.75175454539567e-14
K4,-0.48999999999999999,-1,0,1,1,information,1,4,0.75728701823666444,1.678212092273131e-14,1.1102230246251565e-16
K4,-0.48999999999999999,-1,0,1,1,covariance,1,4,-6.9707058149187864,7.175680824531357e-08,1.9095836023552692e-13
K4,-0.48999999999999999,-1,0,1,1,information,2,1,-24.550515876228854,1.7850564267558604e-11,3.1974423109204508e-14
K4,-0.48999999999999999,-1,0,1,1,covariance,2,1,0.75559312027408243,7.175680824531357e-08,1.9872992140790302e-14
K4,-0.48999999999999999,-1,0,1,1,information,2,2,49.866591244632588,4.3957965139910082e-11,7.1054273576010019e-14
K4,-0.48999999999999999,-1,0,1,1,covariance,2,2,1.5677214451137789,7.175680824531357e-08,1.0436096431476471e-14
K4,-0.48999999999999999,-1,0,1,1,information,2,3,97.565309896546083,7.1029353480233606e-11,1.4210854715202004e-13
K4,-0.48999999999999999,-1,0,1,1,covariance,2,3,-0.58318246228440029,7.175680824531357e-08,3.3306690738754696e-16
K4,-0.48999999999999999,-1,0,1,1,information,2,4,-1.2053476562653018,3.2033855317782616e-14,2.2204460492503131e-16
K4,-0.48999999999999999,-1,0,1,1,covariance,2,4,1.433898282942075,7.175680824531357e-08,9.1038288019262836e-15
K4,-0.48999999999999999,-1,0,1,1,information,3,1,-48.043504229631871,3.5323403975430527e-11,7.815970093361102e-14
K4,-0.48999999999999999,-1,0,1,1,covariance,3,1,1.154699821576721,7.175680824531357e-08,2.9309887850104133e-14
K4,-0.48999999999999999,-1,0,1,1,information,3,2,97.565309896546083,7.1029353480233606e-11,1.4210854715202004e-13
K4,-0.48999999999999999,-1,0,1,1,covariance,3,2,-0.58318246228440362,7.175680824531357e-08,8.4376949871511897e-15
K4,-0.48999999999999999,-1,0,1,1,information,3,3,196.49049770324064,1.6730342729324121e-10,3.1263880373444408e-13
K4,-0.48999999999999999,-1,0,1,1,covariance,3,3,0.56004651527246463,7.175680824531357e-08,1.099120794378905e-14
K4,-0.48999999999999999,-1,0,1,1,information,3,4,-1.439485012786331,1.3747366269439988e-13,8.8817841970012523e-16
K4,-0.48999999999999999,-1,0,1,1,covariance,3,4,-2.3135947011955604,7.175680824531357e-08,4.929390229335695e-14
K4,-0.48999999999999999,-1,0,1,1,information,4,1,0.75728701823666444,1.678212092273131e-14,1.1102230246251565e-16
K4,-0.48999999999999999,-1,0,1,1,covariance,4,1,-6.9707058149187624,7.175680824531357e-08,1.3233858453531866e-13
K4,-0.48999999999999999,-1,0,1,1,information,4,2,-1.2053476562653018,3.2033855317782616e-14,2.2204460492503131e-16
K4,-0.48999999999999999,-1,0,1,1,covariance,4,2,1.4338982829420941,7.175680824531357e-08,5.7287508070658077e-14
K4,-0.48999999999999999,-1,0,1,1,information,4,3,-1.439485012786331,1.3747366269439988e-13,8.8817841970012523e-16
K4,-0.48999999999999999,-1,0,1,1,covariance,4,3,-2.3135947011955644,7.175680824531357e-08,5.9063864910058328e-14
K4,-0.48999999999999999,-1,0,1,1,information,4,4,0.33333333333333331,3.5380106544752541e-13,5.5511151231257827e-17
K4,-0.48999999999999999,-1,0,1,1,covariance,4,4,14.030358174657051,7.175680824531357e-08,2.5224267119483557e-13
K4,-0.20000000000000001,-2.4500000000000002,0,1,1,score_mean,1,0,2.2204460492503131e-16,1.7443717096975477e-13,2.2204460492503131e-16
K4,-0.20000000000000001,-2.4500000000000002,0,1,1,score_mean,2,0,-5.5511151231257827e-16,1.2413322653753735e-14,2.3592239273284576e-16
K4,-0.20000000000000001,-2.4500000000000002,0,1,1,score_mean,3,0,-1.4779844015322396e-15,2.4259957864448059e-14,1.2108369862318114e-15
K4,-0.20000000000000001,-2.4500000000000002,0,1,1,score_mean,4,0,4.163336342344337e-17,2.3150548358732575e-15,1.2490009027033011e-16
K4,-0.20000000000000001,-2.4500000000000002,0,1,1,information,1,1,1.5568100984804258,1.0418582416246072e-12,3.3306690738754696e-15
K4,-0.20000000000000001,-2.4500000000000002,0,1,1,covariance,1,1,14.221803484293781,2.6788951675358219e-06,1.0658141036401503e-13
K4,-0.20000000000000001,-2.4500000000000002,0,1,1,information,1,2,-6.9778284951268823,4.9948476909783576e-12,1.5099033134902129e-14
K4,-0.20000000000000001,-2.4500000000000002,0,1,1,covariance,1,2,-2.2761704154007556,2.6788951675358219e-06,7.9047879353311146e-14
K4,-0.20000000000000001,-2.4500000000000002,0,1,1,information,1,3,-33.393558019457686,3.5110822581474804e-11,8.5265128291212022e-14
K4,-0.20000000000000001,-2.4500000000000002,0,1,1,covariance,1,3,1.0097730989908009,2.6788951675358219e-06,1.8873791418627661e-14
K4,-0.20000000000000001,-2.4500000000000002,0,1,1,information,1,4,0.15487526858711703,2.1935188498309513e-14,2.7755575615628914e-17
K4,-0.20000000000000001,-2.4500000000000002,0,1,1,covariance,1,4,-21.329793515778729,2.6788951675358219e-06,3.1263880373444408e-13
K4,-0.20000000000000001,-2.4500000000000002,0,1,1,information,2,1,-6.9778284951268823,4.9948476909783576e-12,1.5099033134902129e-14
K4,-0.20000000000000001,-2.4500000000000002,0,1,1,covariance,2,1,-2.2761704154007862,2.6788951675358219e-06,3.9523939676655573e-14
K4,-0.20000000000000001,-2.4500000000000002,0,1,1,information,2,2,35.095320624851439,2.8918195000067778e-11,1.0658141036401503e-13
K4,-0.20000000000000001,-2.4500000000000002,0,1,1,covariance,2,2,2.1089921425216107,2.6788951675358219e-06,6.1284310959308641e-14
K4,-0.20000000000000001,-2.4500000000000002,0,1,1,information,2,3,166.21793249728742,1.331070059143109e-10,4.5474735088646412e-13
K4,-0.20000000000000001,-2.4500000000000002,0,1,1,covariance,2,3,-0.50868749902556698,2.6788951675358219e-06,1.3988810110276972e-14
K4,-0.20000000000000001,-2.4500000000000002,0,1,1,information,2,4,-0.52873645101713773,1.9448491419011882e-13,1.1102230246251565e-16
K4,-0.20000000000000001,-2.4500000000000002,0,1,1,covariance,2,4,8.2186462420579147,2.6788951675358219e-06,2.0605739337042905e-13
K4,-0.20000000000000001,-2.4500000000000002,0,1,1,information,3,1,-33.393558019457686,3.5110822581474804e-11,8.5265128291212022e-14
K4,-0.20000000000000001,-2.4500000000000002,0,1,1,covariance,3,1,1.0097730989908063,2.6788951675358219e-06,1.2212453270876722e-14
K4,-0.20000000000000001,-2.4500000000000002,0,1,1,information,3,2,166.21793249728742,1.331070059143109e-10,4.5474735088646412e-13
K4,-0.20000000000000001,-2.4500000000000002,0,1,1,covariance,3,2,-0.50868749902556587,2.6788951675358219e-06,1.532107773982716e-14
K4,-0.20000000000000001,-2.4500000000000002,0,1,1,information,3,3,817.58822447928651,5.8506449124230739e-10,2.3874235921539366e-12
K4,-0.20000000000000001,-2.4500000000000002,0,1,1,covariance,3,3,0.14198928208394115,2.6788951675358219e-06,3.5527136788005009e-15
K4,-0.20000000000000001,-2.4500000000000002,0,1,1,information,3,4,-1.2976386809457474,3.5618694175236e-13,4.4408920985006262e-16
K4,-0.20000000000000001,-2.4500000000000002,0,1,1,covariance,3,4,-2.4537923811456301,2.6788951675358219e-06,5.3734794391857577e-14
K4,-0.20000000000000001,-2.4500000000000002,0,1,1,information,4,1,0.15487526858711703,2.1935188498309513e-14,2.7755575615628914e-17
K4,-0.20000000000000001,-2.4500000000000002,0,1,1,covariance,4,1,-21.329793515778803,2.6788951675358219e-06,2.1316282072803006e-13
K4,-0.20000000000000001,-2.4500000000000002,0,1,1,information,4,2,-0.52873645101713773,1.9448491419011882e-13,1.1102230246251565e-16
K4,-0.20000000000000001,-2.4500000000000002,0,1,1,covariance,4,2,8.2186462420578863,2.6788951675358219e-06,2.4513724383723456e-13
K4,-0.20000000000000001,-2.4500000000000002,0,1,1,information,4,3,-1.2976386809457474,3.5618694175236e-13,4.4408920985006262e-16
K4,-0.20000000000000001,-2.4500000000000002,0,1,1,covariance,4,3,-2.4537923811456275,2.6788951675358219e-06,5.773159728050814e-14
K4,-0.20000000000000001,-2.4500000000000002,0,1,1,information,4,4,0.098255956767378985,1.5309344082915243e-15,2.7755575615628914e-17
K4,-0.20000000000000001,-2.4500000000000002,0,1,1,covariance,4,4,55.618199820784774,2.6788951675358219e-06,8.8107299234252423e-13
GNO,0,NA,0,1,1,moment,1,0,0,4.9999999999999999e-13,NA
GNO,0,NA,0,1,1,moment,2,0,1,4.9999999999999999e-13,NA
GNO,0,NA,0,1,1,moment,3,0,0,4.9999999999999999e-13,NA
GNO,0,NA,0,1,1,moment,4,0,3,1.5000000000000001e-12,NA
GNO,-9.9999999999999995e-07,NA,0,1,1,moment,1,0,5.0000000000012502e-07,4.9999999999999999e-13,NA
GNO,-9.9999999999999995e-07,NA,0,1,1,moment,2,0,1.0000000000007501,5.0000000000037501e-13,NA
GNO,-9.9999999999999995e-07,NA,0,1,1,moment,3,0,3.00000000000175e-06,4.9999999999999999e-13,NA
GNO,-9.9999999999999995e-07,NA,0,1,1,moment,4,0,3.0000000000160001,1.5000000000080001e-12,NA
GNO,9.9999999999999995e-07,NA,0,1,1,moment,1,0,-5.0000000000012502e-07,4.9999999999999999e-13,NA
GNO,9.9999999999999995e-07,NA,0,1,1,moment,2,0,1.0000000000007501,5.0000000000037501e-13,NA
GNO,9.9999999999999995e-07,NA,0,1,1,moment,3,0,-3.00000000000175e-06,4.9999999999999999e-13,NA
GNO,9.9999999999999995e-07,NA,0,1,1,moment,4,0,3.0000000000160001,1.5000000000080001e-12,NA
GNO,-0.00010001,NA,0,1,1,moment,1,0,5.0005000125037506e-05,4.9999999999999999e-13,NA
GNO,-0.00010001,NA,0,1,1,moment,2,0,1.0000000075015001,5.0000000375075001e-13,NA
GNO,-0.00010001,NA,0,1,1,moment,3,0,0.00030003000175052503,4.9999999999999999e-13,NA
GNO,-0.00010001,NA,0,1,1,moment,4,0,3.0000001600320041,1.5000000800160019e-12,NA
GNO,0.00010001,NA,0,1,1,moment,1,0,-5.0005000125037506e-05,4.9999999999999999e-13,NA
GNO,0.00010001,NA,0,1,1,moment,2,0,1.0000000075015001,5.0000000375075001e-13,NA
GNO,0.00010001,NA,0,1,1,moment,3,0,-0.00030003000175052503,4.9999999999999999e-13,NA
GNO,0.00010001,NA,0,1,1,moment,4,0,3.0000001600320041,1.5000000800160019e-12,NA
GNO,-0.00020000000000000001,NA,0,1,1,moment,1,0,0.00010000000100000001,4.9999999999999999e-13,NA
GNO,-0.00020000000000000001,NA,0,1,1,moment,2,0,1.0000000300000005,5.0000001500000022e-13,NA
GNO,-0.00020000000000000001,NA,0,1,1,moment,3,0,0.00060000001400000033,4.9999999999999999e-13,NA
GNO,-0.00020000000000000001,NA,0,1,1,moment,4,0,3.000000640000037,1.5000003200000184e-12,NA
GNO,0.00020000000000000001,NA,0,1,1,moment,1,0,-0.00010000000100000001,4.9999999999999999e-13,NA
GNO,0.00020000000000000001,NA,0,1,1,moment,2,0,1.0000000300000005,5.0000001500000022e-13,NA
GNO,0.00020000000000000001,NA,0,1,1,moment,3,0,-0.00060000001400000033,4.9999999999999999e-13,NA
GNO,0.00020000000000000001,NA,0,1,1,moment,4,0,3.000000640000037,1.5000003200000184e-12,NA
GNO,-0.01,NA,0,1,1,moment,1,0,0.0050001250020833598,4.9999999999999999e-13,NA
GNO,-0.01,NA,0,1,1,moment,2,0,1.0000750030209193,5.000375015104597e-13,NA
GNO,-0.01,NA,0,1,1,moment,3,0,0.030001750090628672,4.9999999999999999e-13,NA
GNO,-0.01,NA,0,1,1,moment,4,0,3.0016002300236688,1.5008001150118344e-12,NA
GNO,0.01,NA,0,1,1,moment,1,0,-0.0050001250020833598,4.9999999999999999e-13,NA
GNO,0.01,NA,0,1,1,moment,2,0,1.0000750030209193,5.000375015104597e-13,NA
GNO,0.01,NA,0,1,1,moment,3,0,-0.030001750090628672,4.9999999999999999e-13,NA
GNO,0.01,NA,0,1,1,moment,4,0,3.0016002300236688,1.5008001150118344e-12,NA
GNO,-0.20000000000000001,NA,0,1,1,moment,1,0,0.10100670013377906,4.9999999999999999e-13,NA
GNO,-0.20000000000000001,NA,0,1,1,moment,2,0,1.0304888825524796,5.1524444127623981e-13,NA
GNO,-0.20000000000000001,NA,0,1,1,moment,3,0,0.61429476198666333,4.9999999999999999e-13,NA
GNO,-0.20000000000000001,NA,0,1,1,moment,4,0,3.6783657771754372,1.8391828885877186e-12,NA
GNO,0.20000000000000001,NA,0,1,1,moment,1,0,-0.10100670013377906,4.9999999999999999e-13,NA
GNO,0.20000000000000001,NA,0,1,1,moment,2,0,1.0304888825524796,5.1524444127623981e-13,NA
GNO,0.20000000000000001,NA,0,1,1,moment,3,0,-0.61429476198666333,4.9999999999999999e-13,NA
GNO,0.20000000000000001,NA,0,1,1,moment,4,0,3.6783657771754372,1.8391828885877186e-12,NA
GLO,0,-1,0,1,1,moment,1,0,0,4.9999999999999999e-13,NA
GLO,0,-1,0,1,1,moment,2,0,1.8137993642342178,9.0689968211710886e-13,NA
GLO,0,-1,0,1,1,moment,3,0,0,4.9999999999999999e-13,NA
GLO,0,-1,0,1,1,moment,4,0,4.2000000000000002,2.0999999999999999e-12,NA
GLO,-9.9999999999999995e-07,-1,0,1,1,moment,1,0,1.6449340668501204e-06,4.9999999999999999e-13,NA
GLO,-9.9999999999999995e-07,-1,0,1,1,moment,2,0,1.8137993642407817,9.0689968212039082e-13,NA
GLO,-9.9999999999999995e-07,-1,0,1,1,moment,3,0,8.7062369483845339e-06,4.9999999999999999e-13,NA
GLO,-9.9999999999999995e-07,-1,0,1,1,moment,4,0,4.2000000001867877,2.1000000000933938e-12,NA
GLO,9.9999999999999995e-07,-1,0,1,1,moment,1,0,-1.6449340668501204e-06,4.9999999999999999e-13,NA
GLO,9.9999999999999995e-07,-1,0,1,1,moment,2,0,1.8137993642407817,9.0689968212039082e-13,NA
GLO,9.9999999999999995e-07,-1,0,1,1,moment,3,0,-8.7062369483845339e-06,4.9999999999999999e-13,NA
GLO,9.9999999999999995e-07,-1,0,1,1,moment,4,0,4.2000000001867877,2.1000000000933938e-12,NA
GLO,-0.00010001,-1,0,1,1,moment,1,0,0.00016450985792012507,4.9999999999999999e-13,NA
GLO,-0.00010001,-1,0,1,1,moment,2,0,1.8137994298861164,9.0689971494305819e-13,NA
GLO,-0.00010001,-1,0,1,1,moment,3,0,0.00087071081750537309,4.9999999999999999e-13,NA
GLO,-0.00010001,-1,0,1,1,moment,4,0,4.2000018682670905,2.1000009341335454e-12,NA
GLO,0.00010001,-1,0,1,1,moment,1,0,-0.00016450985792012507,4.9999999999999999e-13,NA
GLO,0.00010001,-1,0,1,1,moment,2,0,1.8137994298861164,9.0689971494305819e-13,NA
GLO,0.00010001,-1,0,1,1,moment,3,0,-0.00087071081750537309,4.9999999999999999e-13,NA
GLO,0.00010001,-1,0,1,1,moment,4,0,4.2000018682670905,2.1000009341335454e-12,NA
GLO,-0.00020000000000000001,-1,0,1,1,moment,1,0,0.0003289868285221712,4.9999999999999999e-13,NA
GLO,-0.00020000000000000001,-1,0,1,1,moment,2,0,1.8137996267893222,9.0689981339466106e-13,NA
GLO,-0.00020000000000000001,-1,0,1,1,moment,3,0,0.0017412478719479969,4.9999999999999999e-13,NA
GLO,-0.00020000000000000001,-1,0,1,1,moment,4,0,4.200007471578358,2.1000037357891789e-12,NA
GLO,0.00020000000000000001,-1,0,1,1,moment,1,0,-0.0003289868285221712,4.9999999999999999e-13,NA
GLO,0.00020000000000000001,-1,0,1,1,moment,2,0,1.8137996267893222,9.0689981339466106e-13,NA
GLO,0.00020000000000000001,-1,0,1,1,moment,3,0,-0.0017412478719479969,4.9999999999999999e-13,NA
GLO,0.00020000000000000001,-1,0,1,1,moment,4,0,4.200007471578358,2.1000037357891789e-12,NA
GLO,-0.01,-1,0,1,1,moment,1,0,0.016451234931271402,4.9999999999999999e-13,NA
GLO,-0.01,-1,0,1,1,moment,2,0,1.8144559529175475,9.0722797645877371e-13,NA
GLO,-0.01,-1,0,1,1,moment,3,0,0.087122707401954672,4.9999999999999999e-13,NA
GLO,-0.01,-1,0,1,1,moment,4,0,4.2187154924720112,2.1093577462360056e-12,NA
GLO,0.01,-1,0,1,1,moment,1,0,-0.016451234931271402,4.9999999999999999e-13,NA
GLO,0.01,-1,0,1,1,moment,2,0,1.8144559529175475,9.0722797645877371e-13,NA
GLO,0.01,-1,0,1,1,moment,3,0,-0.087122707401954672,4.9999999999999999e-13,NA
GLO,0.01,-1,0,1,1,moment,4,0,4.2187154924720112,2.1093577462360056e-12,NA
GLO,-0.20000000000000001,-1,0,1,1,moment,1,0,0.34479666057797509,4.9999999999999999e-13,NA
GLO,-0.20000000000000001,-1,0,1,1,moment,2,0,2.1132459982254237,1.0566229991127118e-12,NA
GLO,-0.20000000000000001,-1,0,1,1,moment,3,0,2.4852755496867016,1.2426377748433508e-12,NA
GLO,-0.20000000000000001,-1,0,1,1,moment,4,0,29.556191909249165,1.4778095954624583e-11,NA
GLO,0.20000000000000001,-1,0,1,1,moment,1,0,-0.34479666057797509,4.9999999999999999e-13,NA
GLO,0.20000000000000001,-1,0,1,1,moment,2,0,2.1132459982254237,1.0566229991127118e-12,NA
GLO,0.20000000000000001,-1,0,1,1,moment,3,0,-2.4852755496867016,1.2426377748433508e-12,NA
GLO,0.20000000000000001,-1,0,1,1,moment,4,0,29.556191909249165,1.4778095954624583e-11,NA
